image,seed,action,onset,dur,integral,first_diff_frame,motion_onset,lag,steady,pre_onset_resp,resp
0000,0,cam_r,1,0,201.3834,0,2,1,4.629,,0.000 -0.107 4.962 5.144 5.019 4.688 4.757 4.871 4.834 4.446 4.855 4.824 4.722 4.671 4.738 4.791 4.807 4.591 4.628 4.689 4.707 4.385 4.655 4.639 4.658 4.484 4.572 4.548 4.676 4.568 4.677 4.648 4.730 4.463 4.697 4.621 4.693 4.631 4.684 4.578 4.670 4.722 4.722 4.501 4.525
0000,0,cam_r,2,0,196.4377,0,3,1,4.6257,-0.0568,0.000 -0.263 -0.198 5.761 5.035 4.628 4.601 4.963 4.978 4.514 4.727 4.834 4.670 4.695 4.645 4.654 4.760 4.640 4.587 4.551 4.718 4.531 4.716 4.611 4.650 4.605 4.630 4.533 4.630 4.642 4.673 4.586 4.702 4.500 4.695 4.568 4.659 4.640 4.670 4.517 4.679 4.753 4.684 4.525 4.537
0000,0,cam_r,3,0,193.8371,0,4,1,4.8185,0.0106,0.000 0.040 0.062 0.078 5.033 4.586 4.706 4.796 4.946 4.540 4.849 4.799 4.765 4.780 4.691 4.695 4.723 4.629 4.625 4.625 4.684 4.407 4.584 4.623 4.646 4.624 4.584 4.592 4.671 4.736 4.722 4.680 4.772 4.564 4.797 4.743 4.893 4.877 4.850 4.709 4.782 4.994 4.869 4.701 4.766
0000,0,cam_r,4,0,189.3747,0,5,1,4.8173,0.0044,0.000 0.018 0.023 0.023 0.018 4.787 4.599 4.551 4.642 4.635 4.788 4.778 4.683 4.863 4.768 4.706 4.744 4.619 4.632 4.705 4.710 4.414 4.665 4.639 4.685 4.754 4.666 4.653 4.773 4.792 4.790 4.694 4.828 4.670 4.872 4.774 4.875 4.887 4.836 4.683 4.825 4.969 4.932 4.663 4.744
0000,0,cam_r,5,0,185.1968,0,6,1,4.8175,-0.0008,0.000 -0.015 -0.005 0.002 0.002 0.035 5.277 5.055 4.949 4.644 4.824 4.918 4.728 4.747 4.839 4.784 4.766 4.618 4.663 4.692 4.713 4.330 4.581 4.665 4.626 4.575 4.603 4.610 4.673 4.672 4.701 4.622 4.696 4.636 4.808 4.762 4.861 4.838 4.841 4.682 4.821 4.976 4.921 4.673 4.788
0000,0,cam_r,6,0,183.0157,0,7,1,4.8726,-0.0071,0.000 -0.021 -0.017 -0.017 -0.015 -0.103 0.093 5.457 4.898 4.757 4.838 4.950 4.675 4.899 4.804 4.934 4.775 4.665 4.673 4.771 4.840 4.466 4.708 4.725 4.724 4.745 4.732 4.703 4.791 4.745 4.816 4.730 4.836 4.748 4.898 4.869 4.943 4.922 4.878 4.775 4.885 5.007 4.936 4.751 4.827
0000,0,cam_r,7,0,172.8043,0,8,1,4.6882,0.0024,0.000 -0.002 0.001 0.002 -0.004 0.016 0.054 0.068 5.186 4.650 4.858 4.754 4.595 4.846 4.819 4.719 4.761 4.640 4.577 4.686 4.651 4.231 4.558 4.589 4.539 4.569 4.560 4.557 4.534 4.617 4.611 4.557 4.628 4.624 4.729 4.727 4.790 4.780 4.754 4.678 4.728 4.792 4.678 4.551 4.545
0000,0,cam_r,8,0,171.0237,9,9,1,4.7769,,0.000 -0.000 -0.000 -0.000 -0.000 -0.000 -0.000 -0.000 -0.000 3.795 4.712 4.536 4.385 4.940 4.618 4.486 4.562 4.552 4.642 4.544 4.665 4.493 4.813 4.801 4.839 5.024 4.948 4.913 4.944 5.048 4.961 4.869 4.974 4.704 4.978 5.004 5.058 4.984 4.870 4.763 4.837 4.810 4.719 4.620 4.612
0000,0,cam_r,9,0,164.8212,9,10,1,4.6127,,0.000 -0.000 -0.000 -0.000 -0.000 -0.000 -0.000 -0.000 -0.000 0.272 4.854 4.896 4.710 4.800 4.806 4.809 4.691 4.538 4.767 4.612 4.678 4.205 4.675 4.765 4.751 4.692 4.708 4.723 4.782 4.708 4.830 4.783 4.846 4.536 4.854 4.802 4.827 4.776 4.666 4.550 4.580 4.593 4.600 4.542 4.594
0000,0,cam_r,10,0,158.4086,9,11,1,4.7387,-0.0277,0.000 -0.000 -0.000 -0.000 -0.000 -0.000 -0.000 -0.000 -0.000 -0.131 0.209 4.552 4.610 4.378 4.430 4.787 4.680 4.518 4.608 4.642 4.705 4.259 4.647 4.648 4.645 4.701 4.666 4.604 4.700 4.717 4.694 4.620 4.691 4.552 4.802 4.735 4.828 4.772 4.753 4.688 4.758 4.842 4.745 4.631 4.720
0000,0,cam_r,11,0,152.0241,9,12,1,4.7886,0.0115,0.000 -0.000 -0.000 -0.000 -0.000 -0.000 -0.000 -0.000 -0.000 0.041 0.069 -0.026 2.179 4.605 4.278 4.429 4.496 4.867 4.614 4.578 4.572 4.588 4.691 4.676 4.651 4.777 4.665 4.707 4.626 4.652 4.604 4.600 4.668 4.652 4.860 4.751 4.845 4.870 4.754 4.690 4.786 4.908 4.852 4.703 4.747
0000,0,cam_r,12,0,154.1163,9,13,1,4.98,-0.0004,0.000 -0.000 -0.000 -0.000 -0.000 -0.000 -0.000 -0.000 -0.000 -0.007 0.002 -0.001 0.002 4.505 4.485 4.374 4.325 4.966 4.505 4.548 4.514 4.461 4.758 4.769 4.774 4.974 4.832 4.920 4.920 4.994 4.863 4.868 4.901 4.853 5.050 4.995 5.127 5.033 4.969 4.900 5.005 5.111 4.989 4.855 4.979
0000,0,cam_r,13,0,150.5804,9,14,1,4.8571,-0.0008,0.000 -0.000 -0.000 -0.000 -0.000 -0.000 -0.000 -0.000 -0.000 -0.012 -0.001 -0.006 0.005 0.262 4.945 4.673 4.641 4.809 4.759 4.756 4.709 4.364 4.884 4.865 4.857 4.789 4.874 4.958 4.965 4.809 4.869 4.916 4.896 4.866 5.099 5.073 5.102 4.988 4.937 4.859 4.890 4.917 4.840 4.700 4.725
0000,0,cam_r,14,0,145.0245,9,15,1,4.8704,-0.0025,0.000 -0.000 -0.000 -0.000 -0.000 -0.000 -0.000 -0.000 -0.000 -0.040 -0.018 -0.014 -0.004 0.016 0.167 5.198 4.608 4.495 4.471 4.760 4.731 4.365 4.753 4.871 4.723 4.876 4.780 4.909 4.919 4.916 4.837 4.904 4.906 4.834 5.054 4.987 5.060 4.983 4.948 4.859 4.922 4.965 4.845 4.705 4.735
0000,0,cam_r,15,0,138.5633,9,16,1,4.787,0.0045,0.000 -0.000 -0.000 -0.000 -0.000 -0.000 -0.000 -0.000 -0.000 -0.018 -0.008 -0.009 -0.002 0.071 0.094 0.105 4.306 4.510 4.498 4.537 4.783 4.353 4.816 4.796 4.704 4.952 4.889 4.864 4.864 4.769 4.855 4.862 4.906 4.796 5.021 4.946 5.007 4.964 4.848 4.770 4.844 4.902 4.726 4.622 4.622
0000,0,cam_r,16,0,132.4352,9,17,1,4.7887,0.001,0.000 -0.000 -0.000 -0.000 -0.000 -0.000 -0.000 -0.000 -0.000 -0.013 -0.005 -0.007 -0.005 0.031 0.024 0.010 0.010 4.721 4.590 4.518 4.633 4.384 4.829 4.774 4.714 4.701 4.795 4.754 4.706 4.583 4.728 4.773 4.725 4.466 4.909 4.867 4.912 4.887 4.840 4.694 4.819 4.920 4.811 4.620 4.719
0000,0,cam_r,17,0,130.3564,9,18,1,4.8776,-0.0002,0.000 -0.000 -0.000 -0.000 -0.000 -0.000 -0.000 -0.000 -0.000 -0.015 -0.007 -0.006 -0.001 0.011 0.004 0.003 0.003 0.220 5.141 4.941 4.893 4.341 4.790 4.896 4.776 4.543 4.895 4.884 4.796 4.537 4.763 4.865 4.776 4.489 4.904 4.926 4.969 4.860 4.871 4.886 4.930 4.928 4.891 4.846 4.809
0000,0,cam_r,18,0,124.3004,9,18,0,4.742,0.004,0.000 -0.000 -0.000 -0.000 -0.000 -0.000 -0.000 -0.000 -0.000 -0.028 -0.014 -0.009 -0.005 0.015 0.005 -0.000 0.005 0.203 2.266 4.684 4.723 4.427 4.633 4.782 4.614 4.511 4.632 4.857 4.629 4.449 4.725 4.788 4.709 4.304 4.784 4.810 4.865 4.809 4.784 4.733 4.773 4.796 4.726 4.641 4.675
0000,0,cam_r,19,0,115.0487,9,20,1,4.7327,0.0011,0.000 -0.000 -0.000 -0.000 -0.000 -0.000 -0.000 -0.000 -0.000 -0.004 -0.001 -0.003 -0.002 0.015 0.011 0.001 0.002 0.005 0.030 0.032 4.893 4.433 2.229 5.150 4.737 4.487 4.533 4.742 4.560 4.528 4.565 4.722 4.634 4.489 4.788 4.832 4.779 4.846 4.717 4.748 4.731 4.828 4.718 4.662 4.613
0000,0,cam_r,20,0,101.7149,21,21,1,4.3884,,0.000 -0.000 -0.000 -0.000 -0.000 -0.000 -0.000 -0.000 -0.000 -0.000 -0.000 -0.000 -0.000 -0.000 -0.000 -0.000 -0.000 -0.000 -0.000 -0.000 -0.000 2.848 4.398 4.051 3.994 4.241 4.245 4.214 4.180 4.006 4.295 4.282 4.247 4.234 4.462 4.436 4.474 4.516 4.412 4.372 4.421 4.475 4.323 4.294 4.295
0000,0,cam_r,21,0,98.8777,21,22,1,4.4591,,0.000 -0.000 -0.000 -0.000 -0.000 -0.000 -0.000 -0.000 -0.000 -0.000 -0.000 -0.000 -0.000 -0.000 -0.000 -0.000 -0.000 -0.000 -0.000 -0.000 -0.000 -0.041 4.110 4.379 4.198 4.023 4.303 4.379 4.242 3.705 4.315 4.182 4.182 3.861 4.457 4.460 4.449 4.519 4.395 4.495 4.533 4.498 4.448 4.329 4.456
0000,0,cam_r,22,0,93.1847,21,23,1,4.3353,-0.042,0.000 -0.000 -0.000 -0.000 -0.000 -0.000 -0.000 -0.000 -0.000 -0.000 -0.000 -0.000 -0.000 -0.000 -0.000 -0.000 -0.000 -0.000 -0.000 -0.000 -0.000 -0.182 -0.139 3.367 4.337 3.816 4.146 4.514 4.377 3.935 4.404 4.241 4.240 4.086 4.454 4.443 4.464 4.414 4.361 4.393 4.455 4.305 4.262 4.228 4.264
0000,0,cam_r,23,0,92.5949,21,25,2,4.6119,-0.012,0.000 -0.000 -0.000 -0.000 -0.000 -0.000 -0.000 -0.000 -0.000 -0.000 -0.000 -0.000 -0.000 -0.000 -0.000 -0.000 -0.000 -0.000 -0.000 -0.000 -0.000 -0.061 -0.050 -0.029 -0.024 5.142 4.700 4.679 4.572 4.604 4.666 4.626 4.528 4.323 4.720 4.636 4.668 4.698 4.620 4.560 4.621 4.685 4.621 4.520 4.571
0000,0,cam_r,24,0,88.7792,21,25,1,4.3977,-0.0098,0.000 -0.000 -0.000 -0.000 -0.000 -0.000 -0.000 -0.000 -0.000 -0.000 -0.000 -0.000 -0.000 -0.000 -0.000 -0.000 -0.000 -0.000 -0.000 -0.000 -0.000 -0.057 -0.050 -0.024 -0.018 4.419 4.396 4.511 4.441 4.534 4.492 4.572 4.400 4.281 4.662 4.487 4.550 4.534 4.396 4.364 4.420 4.408 4.341 4.330 4.390
0000,0,fwd,1,0,63.1317,0,3,2,2.9423,,0.000 0.017 0.197 0.743 0.591 0.676 0.640 0.681 0.651 0.712 0.798 0.792 0.774 0.890 0.897 0.865 0.905 0.901 0.969 0.976 1.031 1.074 1.160 1.155 1.163 1.371 1.437 1.356 1.427 1.535 1.636 1.616 1.686 1.999 2.105 2.044 2.120 2.472 2.518 2.634 2.745 2.959 3.233 3.376 3.601
0000,0,fwd,2,0,74.5313,0,9,7,3.8519,0.0065,0.000 0.025 0.070 0.237 0.689 0.636 0.650 0.665 0.670 0.772 0.880 0.844 0.818 0.953 0.965 0.946 0.987 0.977 1.043 1.082 1.117 1.196 1.253 1.257 1.300 1.506 1.536 1.510 1.603 1.718 1.838 1.868 1.965 2.354 2.548 2.571 2.665 3.012 3.096 3.397 3.567 3.899 4.239 4.603 5.002
0000,0,fwd,3,0,75.444,0,10,7,3.9519,0.0064,0.000 -0.000 0.051 0.061 0.422 0.602 0.617 0.615 0.608 0.779 0.861 0.856 0.827 0.952 0.972 0.941 1.000 0.983 1.064 1.095 1.139 1.211 1.287 1.290 1.349 1.517 1.569 1.576 1.647 1.779 1.902 1.947 2.028 2.331 2.612 2.625 2.716 3.039 3.130 3.443 3.613 4.025 4.450 4.750 5.163
0000,0,fwd,4,0,104.827,0,14,10,5.8245,0.0048,0.000 0.017 0.030 0.037 0.034 0.835 0.877 0.861 0.869 0.982 1.070 1.034 1.024 1.143 1.187 1.148 1.232 1.168 1.317 1.374 1.423 1.597 1.665 1.680 1.715 2.004 2.086 2.124 2.211 2.446 2.624 2.710 2.875 3.226 3.711 3.867 4.027 4.782 5.152 5.712 5.882 6.175 5.777 7.009 6.108
0000,0,fwd,5,0,120.5532,0,7,2,5.2965,0.0025,0.000 0.011 0.016 0.014 0.012 0.088 0.213 1.815 1.386 1.296 1.321 1.329 1.324 1.382 1.523 1.451 1.574 1.524 1.777 1.792 1.905 2.013 2.170 2.264 2.337 2.712 2.834 3.029 3.167 3.576 3.842 3.990 4.265 4.491 5.137 5.296 5.304 5.932 6.101 6.897 6.750 3.796 5.576 5.241 2.080
0000,0,fwd,6,0,114.1855,0,8,2,4.9204,0.0003,0.000 0.002 0.003 -0.000 0.003 0.001 0.013 0.019 1.556 1.042 1.163 1.183 1.145 1.298 1.369 1.298 1.419 1.419 1.588 1.657 1.772 1.954 2.078 2.182 2.224 2.605 2.730 2.968 3.103 3.465 3.893 4.031 4.360 4.622 5.272 5.628 5.759 6.360 6.612 7.425 7.630 4.084 2.408 2.802 2.042
0000,0,fwd,7,0,101.243,0,17,10,5.8374,0.0001,0.000 0.001 -0.000 0.000 0.001 0.000 -0.000 0.000 0.001 0.034 0.121 0.702 0.770 0.917 0.965 1.011 1.107 1.187 1.284 1.277 1.376 1.557 1.699 1.710 1.765 2.129 2.231 2.321 2.444 2.731 2.944 3.103 3.256 3.460 3.893 4.223 4.325 4.950 5.348 5.331 6.101 7.002 6.961 6.179 4.827
0000,0,fwd,8,0,103.1959,9,16,8,5.7978,,0.000 0.000 0.000 0.000 0.000 0.000 0.000 0.000 0.000 -0.001 0.041 0.503 0.847 1.004 1.068 1.106 1.228 1.330 1.417 1.439 1.532 1.637 1.777 1.804 1.859 2.183 2.321 2.386 2.496 2.737 3.069 3.226 3.360 3.589 4.090 4.324 4.442 5.059 5.422 5.351 5.915 6.901 6.306 5.825 5.605
0000,0,fwd,9,0,109.5314,9,14,5,5.7066,,0.000 0.000 0.000 0.000 0.000 0.000 0.000 0.000 0.000 0.001 0.017 0.926 1.039 1.082 1.186 1.340 1.427 1.390 1.593 1.655 1.813 1.804 1.987 2.097 2.097 2.457 2.656 2.749 2.855 3.142 3.489 3.617 3.837 3.929 4.308 4.652 4.732 5.066 5.589 6.004 6.142 5.345 6.417 6.242 4.845
0000,0,fwd,10,0,109.7193,9,14,4,5.7405,0.009,0.000 0.000 0.000 0.000 0.000 0.000 0.000 0.000 0.000 0.052 0.057 0.058 1.008 1.043 1.215 1.233 1.393 1.400 1.556 1.677 1.766 1.876 1.985 2.106 2.070 2.457 2.643 2.763 2.828 3.167 3.552 3.717 3.901 4.101 4.445 4.801 4.926 5.300 5.724 6.221 5.837 6.106 5.306 6.344 5.086
0000,0,fwd,11,0,111.7116,9,14,3,5.9117,0.0055,0.000 0.000 0.000 0.000 0.000 0.000 0.000 0.000 0.000 0.025 0.040 0.043 0.510 1.006 1.229 1.226 1.345 1.451 1.582 1.731 1.799 1.888 1.983 2.118 2.083 2.498 2.689 2.813 2.914 3.271 3.663 3.812 4.064 4.177 4.515 4.887 5.059 5.392 5.977 6.435 6.544 5.891 5.611 6.512 4.932
0000,0,fwd,12,0,106.9938,9,13,1,4.6786,0.0063,0.000 0.000 0.000 0.000 0.000 0.000 0.000 0.000 0.000 0.040 0.028 0.020 0.016 0.988 1.362 1.275 1.316 1.540 1.595 1.761 1.869 2.036 2.123 2.254 2.244 2.668 2.881 3.047 3.197 3.609 4.077 4.141 4.536 4.628 5.161 5.439 5.715 6.025 6.268 5.497 5.044 5.868 3.706 2.565 2.456
0000,0,fwd,13,0,102.0192,9,15,2,4.2598,0.0017,0.000 0.000 0.000 0.000 0.000 0.000 0.000 0.000 0.000 0.016 0.007 0.005 0.001 0.066 0.128 1.903 1.575 1.470 1.527 1.764 1.881 1.919 2.116 2.175 2.249 2.630 2.852 2.995 3.153 3.581 3.973 4.097 4.409 4.704 5.309 5.555 5.881 6.276 5.099 4.888 5.471 3.972 3.043 2.941 2.389
0000,0,fwd,14,0,98.2908,9,15,1,4.871,0.0001,0.000 0.000 0.000 0.000 0.000 0.000 0.000 0.000 0.000 0.001 -0.003 0.000 -0.003 0.008 0.078 1.154 1.403 1.287 1.429 1.712 1.865 1.677 1.885 1.962 1.990 2.368 2.508 2.698 2.803 3.143 3.559 3.669 3.883 4.053 4.441 4.769 4.984 5.422 5.923 6.349 4.276 5.238 5.721 4.209 1.830
0000,0,fwd,15,0,99.4922,9,16,1,5.4583,0.0031,0.000 0.000 0.000 0.000 0.000 0.000 0.000 0.000 0.000 0.011 0.005 0.004 0.001 0.029 0.052 0.041 1.432 1.192 1.369 1.549 1.860 1.680 1.853 1.907 1.889 2.311 2.469 2.503 2.655 3.034 3.376 3.492 3.708 3.884 4.291 4.531 4.699 5.187 5.677 5.998 6.337 4.486 5.297 5.088 5.596
0000,0,fwd,16,0,98.3614,9,18,2,5.5791,0.0019,0.000 0.000 0.000 0.000 0.000 0.000 0.000 0.000 0.000 0.004 -0.000 0.002 0.002 0.028 0.025 0.014 0.020 1.089 1.429 1.617 1.898 1.610 1.743 1.841 1.882 2.218 2.408 2.472 2.564 2.871 3.337 3.436 3.658 3.839 4.303 4.590 4.829 5.295 5.654 5.748 6.694 6.305 4.305 5.176 5.455
0000,0,fwd,17,0,88.3802,9,19,2,5.2598,0.0001,0.000 0.000 0.000 0.000 0.000 0.000 0.000 0.000 0.000 0.002 -0.002 -0.001 -0.001 0.002 0.001 -0.001 0.003 0.008 0.056 2.434 2.255 1.536 1.574 1.708 1.760 1.979 2.141 2.152 2.258 2.519 2.731 2.889 3.068 3.395 3.794 3.937 4.104 4.678 4.937 5.442 5.265 5.915 5.760 4.287 5.794
0000,0,fwd,18,0,67.0614,9,20,2,4.5012,-0.0006,0.000 0.000 0.000 0.000 0.000 0.000 0.000 0.000 0.000 -0.001 -0.001 -0.001 -0.000 -0.006 -0.002 -0.001 0.003 -0.015 0.003 -0.006 1.663 1.173 1.202 1.278 1.199 1.403 1.472 1.488 1.550 1.776 1.898 1.995 2.086 2.440 2.665 2.814 2.977 3.443 3.609 4.061 4.272 4.804 5.367 5.299 5.156
0000,0,fwd,19,0,34.0331,9,23,4,2.3048,-0.0001,0.000 0.000 0.000 0.000 0.000 0.000 0.000 0.000 0.000 0.001 0.000 -0.000 -0.000 -0.001 -0.002 -0.000 -0.001 0.001 -0.001 0.001 0.003 0.087 0.148 0.595 0.594 0.704 0.784 0.887 0.898 1.039 1.120 1.190 1.254 1.480 1.643 1.544 1.625 1.926 1.939 2.069 2.131 2.431 2.545 2.650 2.746
0000,0,fwd,20,0,35.3832,21,24,4,2.4055,,0.000 0.000 0.000 0.000 0.000 0.000 0.000 0.000 0.000 0.000 0.000 0.000 0.000 0.000 0.000 0.000 0.000 0.000 0.000 0.000 0.000 0.095 0.132 0.309 0.745 0.713 0.855 0.928 0.968 1.099 1.177 1.288 1.305 1.557 1.687 1.597 1.685 2.017 2.020 2.133 2.247 2.530 2.633 2.777 2.888
0000,0,fwd,21,0,44.1297,21,24,3,3.0052,,0.000 0.000 0.000 0.000 0.000 0.000 0.000 0.000 0.000 0.000 0.000 0.000 0.000 0.000 0.000 0.000 0.000 0.000 0.000 0.000 0.000 0.067 0.088 0.059 1.197 0.991 1.131 1.201 1.295 1.430 1.515 1.632 1.656 1.803 1.966 1.969 2.087 2.377 2.415 2.667 2.752 3.156 3.388 3.518 3.769
0000,0,fwd,22,0,45.0475,21,24,2,3.0218,0.0165,0.000 0.000 0.000 0.000 0.000 0.000 0.000 0.000 0.000 0.000 0.000 0.000 0.000 0.000 0.000 0.000 0.000 0.000 0.000 0.000 0.000 0.050 0.078 0.028 1.177 1.032 1.197 1.270 1.370 1.484 1.586 1.731 1.779 1.891 2.045 2.027 2.128 2.360 2.445 2.677 2.801 3.171 3.419 3.564 3.737
0000,0,fwd,23,0,46.0437,21,25,2,3.1566,0.0164,0.000 0.000 0.000 0.000 0.000 0.000 0.000 0.000 0.000 0.000 0.000 0.000 0.000 0.000 0.000 0.000 0.000 0.000 0.000 0.000 0.000 0.041 0.063 0.031 0.423 1.041 1.218 1.301 1.328 1.578 1.635 1.829 1.888 1.936 2.111 2.143 2.226 2.465 2.553 2.848 2.938 3.282 3.530 3.724 3.912
0000,0,fwd,24,0,49.8165,21,25,1,3.5813,0.0083,0.000 0.000 0.000 0.000 0.000 0.000 0.000 0.000 0.000 0.000 0.000 0.000 0.000 0.000 0.000 0.000 0.000 0.000 0.000 0.000 0.000 0.037 0.034 0.019 0.016 0.997 1.251 1.289 1.325 1.657 1.661 1.841 1.953 2.077 2.286 2.304 2.420 2.748 2.881 3.188 3.309 3.721 4.086 4.205 4.512
0000,1,cam_r,1,0,208.3039,0,2,1,4.7955,,0.000 -0.089 4.870 5.147 4.951 4.665 4.788 4.850 4.735 4.436 4.692 4.834 4.662 4.660 4.773 4.874 4.915 4.739 4.791 4.863 4.949 4.538 4.899 4.957 4.969 4.937 4.963 4.943 4.987 4.945 5.030 4.937 5.036 4.755 5.033 4.934 4.973 4.894 4.891 4.783 4.887 4.780 4.812 4.629 4.687
0000,1,cam_r,2,0,204.917,0,3,1,4.9791,-0.0722,0.000 -0.359 -0.129 5.794 4.973 4.513 4.548 4.933 4.922 4.506 4.771 4.827 4.633 4.700 4.733 4.696 4.816 4.729 4.767 4.714 4.877 4.614 4.925 4.880 4.950 4.968 4.955 4.914 4.938 4.996 4.974 4.918 5.038 4.867 5.072 5.007 5.102 5.064 5.065 4.888 4.972 5.103 5.008 4.836 4.897
0000,1,cam_r,3,0,197.2446,0,4,1,4.8971,0.0148,0.000 0.066 0.079 0.098 5.242 4.602 4.740 4.706 4.950 4.507 4.887 4.805 4.762 4.821 4.702 4.719 4.744 4.683 4.666 4.696 4.719 4.454 4.704 4.673 4.739 4.744 4.782 4.773 4.847 4.943 4.941 4.846 4.949 4.659 4.904 4.901 5.013 4.973 4.944 4.831 4.912 4.966 4.966 4.747 4.838
0000,1,cam_r,4,0,193.5348,0,5,1,4.915,0.0038,0.000 0.013 0.022 0.021 0.010 4.617 4.578 4.553 4.642 4.657 4.786 4.761 4.669 4.848 4.861 4.865 4.877 4.819 4.819 4.859 4.856 4.526 4.793 4.814 4.844 4.879 4.824 4.810 4.901 4.967 4.966 4.804 4.934 4.922 5.046 4.980 5.073 5.002 5.008 4.863 4.942 4.973 4.921 4.785 4.825
0000,1,cam_r,5,0,194.1171,0,6,1,5.0798,-0.002,0.000 -0.025 -0.008 -0.004 -0.004 0.036 5.073 5.051 4.929 4.658 4.837 4.901 4.662 4.860 4.917 4.887 4.937 4.778 4.909 4.956 5.001 4.590 4.894 4.981 4.982 4.970 5.034 5.021 5.021 5.050 5.088 4.992 5.008 5.020 5.189 5.129 5.158 5.168 5.195 5.023 5.085 5.091 5.065 4.976 5.035
0000,1,cam_r,6,0,188.3906,0,7,1,5.0359,-0.0101,0.000 -0.026 -0.016 -0.021 -0.022 -0.168 -0.041 5.241 4.982 4.592 4.733 4.854 4.623 4.914 4.870 4.955 4.867 4.851 4.877 4.934 5.015 4.647 4.911 4.953 5.009 5.019 5.055 5.005 5.041 5.033 5.074 5.001 5.072 4.918 5.131 5.091 5.130 5.031 5.029 4.997 5.071 5.115 5.031 4.988 5.025
0000,1,cam_r,7,0,178.9484,0,8,1,4.9661,0.0003,0.000 -0.005 -0.000 0.001 -0.006 -0.012 0.032 0.030 4.727 4.655 4.782 4.679 4.479 4.915 4.779 4.658 4.671 4.724 4.695 4.785 4.846 4.323 4.719 4.817 4.835 4.928 4.941 4.871 4.880 4.978 4.954 4.877 4.952 4.764 4.948 4.945 5.052 4.949 4.988 4.896 5.006 5.006 5.003 4.909 4.973
0000,1,cam_r,8,0,170.9775,9,9,1,4.986,,0.000 -0.000 -0.000 -0.000 -0.000 -0.000 -0.000 -0.000 -0.000 3.891 4.616 4.496 4.290 4.880 4.647 4.490 4.518 4.513 4.672 4.537 4.671 4.274 4.588 4.705 4.753 4.895 4.868 4.816 4.842 4.928 4.857 4.813 4.885 4.764 4.882 4.990 5.011 5.003 5.025 4.921 5.028 5.032 5.003 4.916 4.959
0000,1,cam_r,9,0,168.1439,9,10,1,4.9368,,0.000 -0.000 -0.000 -0.000 -0.000 -0.000 -0.000 -0.000 -0.000 0.325 4.879 4.814 4.627 4.684 4.794 4.786 4.624 4.495 4.706 4.612 4.677 4.189 4.604 4.718 4.801 4.820 4.878 4.844 4.829 4.820 4.855 4.852 4.885 4.656 4.896 4.992 4.987 4.974 4.948 4.894 4.958 4.950 4.986 4.866 4.919
0000,1,cam_r,10,0,161.6174,9,11,1,4.8676,-0.0176,0.000 -0.000 -0.000 -0.000 -0.000 -0.000 -0.000 -0.000 -0.000 -0.086 0.155 4.631 4.550 4.352 4.430 4.767 4.647 4.597 4.670 4.662 4.786 4.263 4.628 4.667 4.754 4.893 4.786 4.816 4.854 4.890 4.896 4.840 4.933 4.587 4.870 4.910 4.927 4.946 4.929 4.820 4.876 4.852 4.849 4.818 4.850
0000,1,cam_r,11,0,156.7461,9,12,1,4.9876,0.0133,0.000 -0.000 -0.000 -0.000 -0.000 -0.000 -0.000 -0.000 -0.000 0.048 0.085 0.008 2.742 4.499 4.391 4.445 4.547 4.736 4.668 4.565 4.678 4.405 4.690 4.680 4.676 4.951 4.855 4.872 4.829 4.976 4.872 4.884 4.914 4.803 5.017 4.995 5.014 5.071 4.963 4.937 5.004 5.104 4.949 4.942 4.932
0000,1,cam_r,12,0,153.8735,9,13,1,4.9767,0.0007,0.000 -0.000 -0.000 -0.000 -0.000 -0.000 -0.000 -0.000 -0.000 0.003 0.007 0.000 0.005 4.685 4.490 4.434 4.349 4.983 4.586 4.540 4.588 4.371 4.722 4.670 4.712 4.907 4.879 4.858 4.823 4.979 4.873 4.895 4.938 4.728 4.973 4.994 5.068 4.979 4.921 4.949 4.986 5.044 4.998 4.954 4.983
0000,1,cam_r,13,0,150.3429,9,14,1,4.9389,0.0004,0.000 -0.000 -0.000 -0.000 -0.000 -0.000 -0.000 -0.000 -0.000 -0.000 0.005 -0.001 0.004 0.305 4.962 4.725 4.690 4.824 4.761 4.764 4.762 4.166 4.681 4.783 4.793 4.768 4.858 4.899 4.886 4.789 4.847 4.895 4.896 4.805 4.973 4.981 5.011 4.983 4.889 4.899 4.944 5.047 4.929 4.924 4.896
0000,1,cam_r,14,0,145.0327,9,15,1,4.9157,0.0022,0.000 -0.000 -0.000 -0.000 -0.000 -0.000 -0.000 -0.000 -0.000 -0.026 -0.011 -0.007 0.001 0.097 0.338 5.222 4.639 4.491 4.479 4.787 4.756 4.314 4.709 4.841 4.733 4.898 4.801 4.856 4.847 4.863 4.788 4.903 4.934 4.628 4.912 4.927 4.987 4.943 4.905 4.862 4.943 5.012 4.912 4.884 4.866
0000,1,cam_r,15,0,137.112,9,16,1,4.8657,0.0044,0.000 -0.000 -0.000 -0.000 -0.000 -0.000 -0.000 -0.000 -0.000 -0.013 -0.002 -0.006 -0.001 0.069 0.082 0.088 4.425 4.540 4.544 4.570 4.836 4.217 4.681 4.575 4.517 4.740 4.692 4.666 4.672 4.637 4.733 4.750 4.783 4.674 4.890 4.894 4.931 4.914 4.886 4.862 4.903 4.983 4.829 4.797 4.750
0000,1,cam_r,16,0,132.5806,9,17,1,4.8032,0.0013,0.000 -0.000 -0.000 -0.000 -0.000 -0.000 -0.000 -0.000 -0.000 -0.016 -0.006 -0.006 -0.004 0.040 0.022 0.014 0.006 4.835 4.806 4.655 4.752 4.299 4.725 4.657 4.652 4.615 4.744 4.706 4.654 4.524 4.750 4.785 4.752 4.567 4.852 4.835 4.939 4.881 4.883 4.768 4.909 4.883 4.733 4.650 4.718
0000,1,cam_r,17,0,129.3731,9,18,1,4.8177,0.0003,0.000 -0.000 -0.000 -0.000 -0.000 -0.000 -0.000 -0.000 -0.000 -0.015 -0.006 -0.005 -0.000 0.022 0.007 0.009 -0.001 0.264 5.318 5.089 5.000 4.246 4.727 4.790 4.672 4.483 4.883 4.777 4.684 4.471 4.711 4.824 4.756 4.501 4.864 4.873 4.888 4.794 4.839 4.815 4.848 4.879 4.806 4.801 4.760
0000,1,cam_r,18,0,124.4906,9,18,0,4.8115,0.0053,0.000 -0.000 -0.000 -0.000 -0.000 -0.000 -0.000 -0.000 -0.000 -0.022 -0.010 -0.007 -0.001 0.029 0.009 0.008 -0.001 0.225 1.476 5.322 4.872 4.322 4.550 4.694 4.523 4.456 4.571 4.809 4.572 4.433 4.627 4.772 4.739 4.512 4.846 4.825 4.850 4.872 4.834 4.761 4.846 4.858 4.785 4.793 4.743
0000,1,cam_r,19,0,116.7026,9,20,1,4.8107,0.0012,0.000 -0.000 -0.000 -0.000 -0.000 -0.000 -0.000 -0.000 -0.000 -0.005 -0.001 -0.003 -0.003 0.018 0.005 0.006 -0.004 0.015 0.030 0.027 4.766 4.239 4.613 4.467 4.349 4.397 4.587 4.618 4.496 4.551 4.604 4.760 4.713 4.517 4.791 4.847 4.816 4.909 4.779 4.806 4.784 4.911 4.739 4.818 4.739
0000,1,cam_r,20,0,104.0004,21,21,1,4.5288,,0.000 -0.000 -0.000 -0.000 -0.000 -0.000 -0.000 -0.000 -0.000 -0.000 -0.000 -0.000 -0.000 -0.000 -0.000 -0.000 -0.000 -0.000 -0.000 -0.000 -0.000 2.974 4.544 4.204 4.122 4.375 4.312 4.289 4.160 4.089 4.355 4.435 4.325 4.179 4.416 4.463 4.528 4.529 4.410 4.510 4.562 4.569 4.511 4.549 4.590
0000,1,cam_r,21,0,101.4406,21,22,1,4.5729,,0.000 -0.000 -0.000 -0.000 -0.000 -0.000 -0.000 -0.000 -0.000 -0.000 -0.000 -0.000 -0.000 -0.000 -0.000 -0.000 -0.000 -0.000 -0.000 -0.000 -0.000 0.018 4.383 4.507 4.331 4.130 4.503 4.446 4.314 3.808 4.379 4.380 4.291 3.985 4.393 4.469 4.520 4.531 4.464 4.540 4.608 4.622 4.545 4.627 4.647
0000,1,cam_r,22,0,98.0909,21,23,1,4.6515,-0.0328,0.000 -0.000 -0.000 -0.000 -0.000 -0.000 -0.000 -0.000 -0.000 -0.000 -0.000 -0.000 -0.000 -0.000 -0.000 -0.000 -0.000 -0.000 -0.000 -0.000 -0.000 -0.152 -0.038 4.257 4.436 3.983 4.163 4.576 4.393 3.929 4.312 4.373 4.443 4.311 4.554 4.669 4.670 4.744 4.648 4.692 4.736 4.663 4.551 4.581 4.597
0000,1,cam_r,23,0,93.7036,21,24,1,4.6068,0.0112,0.000 -0.000 -0.000 -0.000 -0.000 -0.000 -0.000 -0.000 -0.000 -0.000 -0.000 -0.000 -0.000 -0.000 -0.000 -0.000 -0.000 -0.000 -0.000 -0.000 -0.000 0.036 0.067 0.004 3.893 4.122 4.262 4.350 4.459 4.381 4.495 4.456 4.390 4.194 4.560 4.600 4.580 4.781 4.592 4.663 4.622 4.663 4.520 4.530 4.485
0000,1,cam_r,24,0,88.9016,21,25,1,4.4144,-0.0079,0.000 -0.000 -0.000 -0.000 -0.000 -0.000 -0.000 -0.000 -0.000 -0.000 -0.000 -0.000 -0.000 -0.000 -0.000 -0.000 -0.000 -0.000 -0.000 -0.000 -0.000 -0.049 -0.037 -0.018 -0.004 4.609 4.345 4.435 4.439 4.551 4.526 4.523 4.439 4.229 4.585 4.508 4.505 4.534 4.399 4.448 4.479 4.431 4.345 4.352 4.326
0000,1,fwd,1,0,59.1036,0,7,6,2.7312,,0.000 0.013 0.406 0.527 0.480 0.517 0.518 0.563 0.516 0.684 0.738 0.758 0.710 0.874 0.851 0.835 0.833 0.878 0.903 0.919 0.971 1.087 1.120 1.119 1.149 1.322 1.346 1.282 1.371 1.454 1.529 1.523 1.583 1.846 2.032 1.964 2.036 2.355 2.397 2.454 2.551 2.765 3.043 3.075 3.208
0000,1,fwd,2,0,56.5382,0,9,7,2.6785,-0.0026,0.000 -0.007 0.053 0.337 0.426 0.439 0.463 0.482 0.454 0.643 0.720 0.720 0.678 0.819 0.820 0.795 0.813 0.812 0.869 0.868 0.932 1.009 1.034 1.050 1.094 1.250 1.314 1.223 1.306 1.373 1.504 1.430 1.553 1.845 2.029 1.927 2.034 2.304 2.358 2.472 2.534 2.671 2.922 3.037 3.129
0000,1,fwd,3,0,66.4384,0,9,6,3.3725,0.0081,0.000 0.016 0.038 0.069 0.087 0.405 0.460 0.447 0.408 0.708 0.784 0.771 0.738 0.887 0.898 0.867 0.898 0.878 0.963 0.966 1.006 1.207 1.219 1.206 1.250 1.452 1.502 1.408 1.527 1.620 1.750 1.704 1.796 2.206 2.444 2.370 2.500 2.808 2.860 3.100 3.139 3.374 3.680 3.886 4.132
0000,1,fwd,4,0,72.41,0,9,5,3.7738,0.0097,0.000 0.031 0.035 0.044 0.032 0.507 0.568 0.574 0.528 0.791 0.852 0.823 0.808 0.937 0.964 0.927 0.968 0.921 1.018 1.026 1.090 1.192 1.266 1.294 1.299 1.484 1.558 1.491 1.602 1.724 1.852 1.851 1.948 2.356 2.585 2.599 2.676 3.058 3.113 3.418 3.505 3.728 4.162 4.459 4.749
0000,1,fwd,5,0,113.5664,0,7,2,4.9924,0.0012,0.000 0.005 0.006 0.009 0.004 0.052 0.109 1.584 1.227 1.255 1.271 1.273 1.253 1.370 1.474 1.405 1.504 1.448 1.623 1.650 1.785 1.967 2.103 2.181 2.235 2.523 2.679 2.841 3.000 3.248 3.612 3.698 4.002 4.178 4.828 4.930 5.294 5.652 6.154 6.008 5.276 4.169 4.848 4.912 2.921
0000,1,fwd,6,0,107.2708,0,8,2,4.5523,-0.0001,0.000 -0.003 -0.004 0.001 0.000 0.004 0.019 0.023 1.239 1.089 1.184 1.169 1.117 1.274 1.324 1.290 1.366 1.366 1.517 1.532 1.701 1.898 2.067 2.175 2.210 2.519 2.752 2.902 2.999 3.328 3.666 3.777 4.109 4.274 4.771 4.994 5.203 5.588 6.166 5.765 5.267 4.106 4.646 2.586 2.296
0000,1,fwd,7,0,90.1624,0,18,11,5.2274,0.0,0.000 -0.001 -0.000 0.002 -0.008 0.005 0.004 0.002 -0.006 0.384 0.713 0.762 0.755 0.765 0.846 0.923 0.984 0.950 1.064 1.119 1.195 1.422 1.554 1.604 1.597 1.892 2.069 1.967 2.138 2.320 2.617 2.581 2.767 2.985 3.271 3.491 3.610 4.059 4.319 4.779 5.115 5.560 5.550 6.169 6.268
0000,1,fwd,8,0,106.0146,9,15,7,5.5469,,0.000 0.000 0.000 0.000 0.000 0.000 0.000 0.000 0.000 0.131 0.203 0.820 0.887 0.999 1.044 1.111 1.186 1.239 1.360 1.401 1.530 1.752 1.932 1.983 2.095 2.408 2.519 2.589 2.765 3.076 3.420 3.511 3.775 3.987 4.342 4.660 4.916 5.348 5.705 6.213 6.824 6.079 3.785 5.169 5.254
0000,1,fwd,9,0,109.6014,9,11,2,4.5918,,0.000 0.000 0.000 0.000 0.000 0.000 0.000 0.000 0.000 0.055 0.069 1.131 1.071 1.152 1.211 1.414 1.511 1.428 1.677 1.738 1.947 1.945 2.215 2.305 2.351 2.672 2.935 3.103 3.262 3.673 4.031 4.171 4.477 4.703 5.261 5.535 5.825 6.266 6.334 5.792 5.176 4.097 4.010 2.679 2.380
0000,1,fwd,10,0,110.6885,9,12,2,4.8132,0.0151,0.000 0.000 0.000 0.000 0.000 0.000 0.000 0.000 0.000 0.073 0.080 0.074 1.106 1.117 1.282 1.305 1.480 1.469 1.674 1.785 1.917 2.038 2.213 2.359 2.368 2.699 3.029 3.145 3.324 3.720 4.138 4.279 4.581 4.702 5.134 5.392 5.700 6.134 6.286 5.439 5.187 5.763 4.190 2.149 3.357
0000,1,fwd,11,0,109.8693,9,13,2,4.2965,0.009,0.000 0.000 0.000 0.000 0.000 0.000 0.000 0.000 0.000 0.030 0.047 0.054 0.165 1.146 1.362 1.335 1.402 1.603 1.725 1.891 1.998 2.160 2.331 2.508 2.513 2.851 3.209 3.374 3.561 3.939 4.525 4.607 5.021 4.855 5.304 5.879 6.101 6.517 6.147 6.070 5.996 2.923 2.881 3.336 0.502
0000,1,fwd,12,0,113.1694,9,13,1,4.6042,0.0063,0.000 0.000 0.000 0.000 0.000 0.000 0.000 0.000 0.000 0.037 0.031 0.020 0.019 1.049 1.408 1.335 1.365 1.637 1.716 1.849 1.997 2.217 2.389 2.556 2.555 2.908 3.262 3.451 3.647 4.061 4.669 4.727 5.121 4.904 5.356 5.941 6.108 6.464 6.126 6.332 6.111 3.636 3.062 4.261 0.841
0000,1,fwd,13,0,110.4686,9,15,2,4.5715,0.001,0.000 0.000 0.000 0.000 0.000 0.000 0.000 0.000 0.000 0.007 0.006 0.004 0.000 0.043 0.132 2.017 1.712 1.631 1.700 2.015 2.179 2.090 2.376 2.477 2.598 2.916 3.182 3.360 3.569 4.004 4.521 4.533 4.927 4.851 5.323 5.734 5.988 6.209 6.300 5.950 4.653 4.018 3.086 4.100 2.255
0000,1,fwd,14,0,110.0465,9,16,2,5.1196,-0.0003,0.000 0.000 0.000 0.000 0.000 0.000 0.000 0.000 0.000 -0.006 -0.001 0.001 -0.004 0.002 0.079 0.906 1.625 1.464 1.616 1.894 2.178 2.026 2.272 2.378 2.499 2.863 3.065 3.216 3.408 3.781 4.226 4.326 4.669 4.573 4.945 5.503 5.587 5.864 4.953 6.736 6.399 5.993 3.223 3.850 3.939
0000,1,fwd,15,0,103.3402,9,16,1,4.5672,0.0038,0.000 0.000 0.000 0.000 0.000 0.000 0.000 0.000 0.000 0.006 0.006 0.005 0.000 0.031 0.056 0.037 1.522 1.356 1.526 1.759 2.111 2.006 2.218 2.330 2.386 2.852 2.947 3.142 3.318 3.709 4.170 4.305 4.623 4.580 4.941 5.386 5.475 5.727 5.755 5.928 5.822 5.729 2.365 1.974 3.238
0000,1,fwd,16,0,101.3185,9,17,1,4.8603,0.0019,0.000 0.000 0.000 0.000 0.000 0.000 0.000 0.000 0.000 -0.004 0.002 -0.000 0.002 0.026 0.025 0.013 0.018 1.165 1.589 1.774 2.106 1.887 2.019 2.151 2.265 2.625 2.907 2.970 3.142 3.467 3.923 4.048 4.365 4.447 4.857 5.151 5.497 5.847 6.303 5.436 5.167 5.820 4.362 2.203 3.745
0000,1,fwd,17,0,100.6392,9,19,2,5.6404,-0.0003,0.000 0.000 0.000 0.000 0.000 0.000 0.000 0.000 0.000 -0.005 -0.002 -0.000 -0.002 -0.002 0.001 -0.002 0.001 0.021 0.088 2.834 2.683 1.842 1.860 2.100 2.128 2.392 2.621 2.642 2.790 3.081 3.484 3.517 3.781 3.869 4.401 4.570 4.824 5.210 5.681 6.158 6.664 6.045 6.037 5.744 3.584
0000,1,fwd,18,0,84.3783,9,20,2,5.2878,-0.0005,0.000 0.000 0.000 0.000 0.000 0.000 0.000 0.000 0.000 -0.003 -0.001 0.001 -0.000 -0.010 -0.002 -0.002 0.000 -0.006 0.011 0.006 1.475 1.666 1.602 1.622 1.575 1.814 1.984 2.056 2.156 2.498 2.693 2.878 3.118 3.367 3.659 3.848 4.070 4.563 4.819 5.340 5.378 6.200 5.485 4.645 5.872
0000,1,fwd,19,0,40.697,9,23,4,2.6724,-0.0001,0.000 0.000 0.000 0.000 0.000 0.000 0.000 0.000 0.000 0.000 -0.000 0.001 -0.001 -0.002 -0.002 0.001 -0.002 0.001 0.000 -0.000 -0.000 0.033 0.336 0.970 0.899 0.925 1.042 1.148 1.178 1.331 1.344 1.405 1.479 1.645 1.886 1.781 1.919 2.194 2.238 2.421 2.516 2.728 2.928 3.058 3.296
0000,1,fwd,20,0,42.0419,21,23,3,2.7315,,0.000 0.000 0.000 0.000 0.000 0.000 0.000 0.000 0.000 0.000 0.000 0.000 0.000 0.000 0.000 0.000 0.000 0.000 0.000 0.000 0.000 0.021 0.078 1.117 0.930 1.016 1.058 1.246 1.259 1.432 1.465 1.499 1.588 1.763 1.952 1.818 1.947 2.259 2.258 2.458 2.567 2.826 3.014 3.156 3.313
0000,1,fwd,21,0,49.5311,21,23,2,3.2911,,0.000 0.000 0.000 0.000 0.000 0.000 0.000 0.000 0.000 0.000 0.000 0.000 0.000 0.000 0.000 0.000 0.000 0.000 0.000 0.000 0.000 0.027 0.065 0.762 1.265 1.134 1.212 1.412 1.499 1.616 1.737 1.819 1.958 2.033 2.194 2.192 2.278 2.623 2.697 2.967 3.108 3.419 3.672 3.869 3.974
0000,1,fwd,22,0,55.3258,21,24,2,3.7917,0.0138,0.000 0.000 0.000 0.000 0.000 0.000 0.000 0.000 0.000 0.000 0.000 0.000 0.000 0.000 0.000 0.000 0.000 0.000 0.000 0.000 0.000 0.052 0.078 0.031 1.444 1.245 1.402 1.469 1.647 1.782 1.953 2.108 2.223 2.165 2.402 2.432 2.558 2.903 3.141 3.410 3.557 3.956 4.248 4.446 4.673
0000,1,fwd,23,0,52.361,21,25,2,3.6116,0.0109,0.000 0.000 0.000 0.000 0.000 0.000 0.000 0.000 0.000 0.000 0.000 0.000 0.000 0.000 0.000 0.000 0.000 0.000 0.000 0.000 0.000 0.027 0.052 0.013 0.594 1.178 1.378 1.458 1.534 1.774 1.895 2.084 2.193 2.080 2.336 2.391 2.480 2.791 2.962 3.241 3.390 3.724 4.038 4.260 4.486
0000,1,fwd,24,0,56.8196,21,25,1,4.1173,0.006,0.000 0.000 0.000 0.000 0.000 0.000 0.000 0.000 0.000 0.000 0.000 0.000 0.000 0.000 0.000 0.000 0.000 0.000 0.000 0.000 0.000 0.030 0.029 0.015 0.016 1.179 1.416 1.441 1.523 1.887 1.926 2.092 2.261 2.211 2.505 2.618 2.733 3.113 3.264 3.611 3.857 4.268 4.702 4.889 5.234
0003,0,cam_r,1,0,172.9838,0,2,1,3.59,,0.000 -0.252 4.650 4.751 4.502 4.432 4.507 4.409 4.331 4.127 4.241 4.148 4.078 4.237 4.367 4.264 4.010 4.038 4.047 4.072 4.020 3.791 4.049 4.102 4.054 4.122 4.109 4.077 3.984 3.978 3.966 3.978 3.903 3.447 4.048 3.907 3.771 3.805 3.682 3.438 3.704 3.662 3.529 3.483 3.417
0003,0,cam_r,2,0,169.9549,0,3,1,3.6494,-0.1169,0.000 -0.427 -0.123 5.416 4.482 4.242 4.248 4.537 4.395 4.510 4.348 4.241 4.106 4.087 4.251 4.208 4.184 4.073 4.013 4.036 4.056 3.930 4.007 4.090 4.033 4.114 4.129 4.089 4.012 4.002 3.996 3.930 3.950 3.836 4.075 3.901 3.781 3.712 3.720 3.678 3.668 3.697 3.605 3.544 3.571
0003,0,cam_r,3,0,160.4914,0,4,1,3.5727,0.02,0.000 0.091 0.052 0.099 4.548 4.091 4.313 4.252 4.395 4.500 4.400 4.186 3.868 3.940 4.018 3.918 3.980 4.034 3.872 3.912 3.790 3.745 3.840 3.794 3.790 4.006 3.946 4.003 3.833 3.944 3.892 3.841 3.792 3.739 3.894 3.843 3.750 3.772 3.648 3.548 3.561 3.611 3.538 3.453 3.451
0003,0,cam_r,4,0,158.3884,0,5,1,3.6077,0.0098,0.000 0.034 0.037 0.035 0.035 4.517 4.239 4.031 4.187 4.244 4.548 4.392 4.071 4.209 4.243 4.070 4.017 4.115 4.176 3.997 3.926 3.716 3.868 3.909 3.744 3.989 4.009 4.035 3.953 3.986 3.983 3.972 3.892 3.824 3.895 3.855 3.772 3.847 3.717 3.597 3.560 3.672 3.559 3.495 3.415
0003,0,cam_r,5,0,153.8529,0,6,1,3.4975,0.004,0.000 0.016 0.019 0.010 0.011 0.041 4.886 4.646 4.456 4.197 4.557 4.535 4.179 4.111 4.145 4.051 3.900 4.016 4.122 4.148 3.953 3.691 3.828 3.934 3.794 3.934 3.925 4.035 3.938 3.986 3.944 3.963 3.897 3.725 3.840 3.794 3.643 3.717 3.613 3.558 3.393 3.381 3.408 3.508 3.403
0003,0,cam_r,6,0,150.2937,0,7,1,3.5888,0.0001,0.000 0.012 0.007 -0.002 -0.006 -0.010 0.374 5.215 4.050 4.379 4.555 4.535 4.255 4.229 4.298 4.070 3.903 3.899 4.063 4.077 4.013 3.672 3.878 3.855 3.718 3.975 3.854 3.892 3.863 3.951 4.030 3.940 3.898 3.748 3.928 3.749 3.716 3.813 3.740 3.653 3.529 3.536 3.441 3.516 3.483
0003,0,cam_r,7,0,145.1928,0,8,1,3.6646,0.0047,0.000 0.010 0.013 0.007 0.007 0.023 0.044 0.123 4.334 4.046 4.504 4.461 4.132 4.327 4.454 4.115 3.926 3.887 3.933 4.094 4.004 3.861 3.871 3.866 3.635 3.824 3.793 3.842 3.745 3.844 3.950 3.965 3.894 3.740 3.966 3.884 3.753 3.755 3.751 3.796 3.702 3.677 3.563 3.526 3.547
0003,0,cam_r,8,0,131.8566,9,9,1,3.2884,,0.000 -0.000 -0.000 -0.000 -0.000 -0.000 -0.000 -0.000 -0.000 3.537 4.242 4.169 3.960 4.233 4.125 4.153 3.850 3.659 3.704 3.753 3.762 3.634 3.824 3.734 3.495 3.723 3.679 3.656 3.544 3.561 3.681 3.772 3.717 3.525 3.660 3.674 3.525 3.532 3.429 3.447 3.313 3.353 3.155 3.096 2.982
0003,0,cam_r,9,0,132.0442,9,10,1,3.4004,,0.000 -0.000 -0.000 -0.000 -0.000 -0.000 -0.000 -0.000 -0.000 0.075 4.623 4.396 4.278 4.081 4.197 4.315 4.003 3.969 3.814 3.879 3.759 3.532 3.831 3.902 3.611 3.762 3.766 3.811 3.641 3.568 3.684 3.804 3.779 3.668 3.763 3.689 3.640 3.585 3.505 3.535 3.432 3.491 3.350 3.212 3.093
0003,0,cam_r,10,0,132.0588,9,10,0,3.7247,-0.0689,0.000 -0.000 -0.000 -0.000 -0.000 -0.000 -0.000 -0.000 -0.000 -0.257 1.487 4.140 4.167 3.851 4.242 4.365 4.139 3.898 3.915 4.043 3.811 3.483 3.826 3.902 3.765 3.802 3.809 3.869 3.733 3.648 3.611 3.816 3.837 3.721 3.915 3.908 3.816 3.806 3.733 3.840 3.756 3.745 3.702 3.700 3.515
0003,0,cam_r,11,0,129.0856,9,12,1,3.8164,0.0033,0.000 -0.000 -0.000 -0.000 -0.000 -0.000 -0.000 -0.000 -0.000 -0.007 0.033 0.104 3.825 3.960 4.120 4.120 4.079 4.165 4.285 4.134 3.999 3.681 3.807 3.931 3.789 4.111 3.883 3.938 3.730 3.834 3.861 3.868 3.835 3.761 3.911 3.953 3.850 3.939 3.843 3.830 3.759 3.871 3.742 3.840 3.707
0003,0,cam_r,12,0,124.1461,9,13,1,3.8148,0.0,0.000 -0.000 -0.000 -0.000 -0.000 -0.000 -0.000 -0.000 -0.000 -0.009 0.003 0.006 0.017 3.814 4.068 4.038 3.932 4.335 4.141 4.162 3.893 3.824 3.712 3.790 3.703 3.987 3.991 4.012 3.694 3.748 3.803 3.866 3.837 3.603 3.862 3.979 3.817 3.915 3.795 3.871 3.756 3.889 3.736 3.823 3.734
0003,0,cam_r,13,0,123.6781,9,14,1,3.9137,-0.0005,0.000 -0.000 -0.000 -0.000 -0.000 -0.000 -0.000 -0.000 -0.000 -0.011 -0.004 -0.001 0.008 0.077 4.603 4.334 4.158 4.126 4.200 4.291 4.026 3.728 3.862 3.953 3.738 4.040 4.023 4.151 3.808 3.885 3.955 4.080 3.935 3.631 3.898 3.931 3.945 4.009 3.910 3.922 3.894 3.993 3.825 3.921 3.835
0003,0,cam_r,14,0,119.8507,9,15,1,3.9097,-0.0023,0.000 -0.000 -0.000 -0.000 -0.000 -0.000 -0.000 -0.000 -0.000 -0.019 -0.009 -0.003 0.003 -0.018 0.061 4.899 4.274 4.120 4.022 4.319 4.167 3.804 3.962 3.941 3.810 3.955 4.011 4.099 3.999 3.919 3.937 3.981 3.959 3.728 3.864 3.936 3.850 3.954 3.938 3.911 3.837 3.994 3.882 3.930 3.832
0003,0,cam_r,15,0,114.7624,9,16,1,3.8545,0.0028,0.000 -0.000 -0.000 -0.000 -0.000 -0.000 -0.000 -0.000 -0.000 -0.007 0.001 -0.002 0.005 0.024 0.044 0.100 4.313 3.857 4.071 4.120 4.217 3.975 4.160 4.011 3.822 4.201 3.952 4.008 3.916 4.151 3.940 3.938 3.806 3.704 3.945 3.921 3.734 3.962 3.845 3.849 3.824 3.970 3.876 3.780 3.730
0003,0,cam_r,16,0,111.292,9,17,1,3.856,0.0003,0.000 -0.000 -0.000 -0.000 -0.000 -0.000 -0.000 -0.000 -0.000 -0.020 -0.014 -0.008 0.001 0.023 0.019 0.007 0.015 4.027 4.111 4.175 4.123 3.977 4.275 4.266 3.983 4.081 4.064 4.039 3.904 4.040 4.070 3.980 3.858 3.764 3.969 3.915 3.800 3.900 3.782 3.892 3.842 3.984 3.829 3.879 3.741
0003,0,cam_r,17,0,109.0854,9,18,1,3.8709,-0.001,0.000 -0.000 -0.000 -0.000 -0.000 -0.000 -0.000 -0.000 -0.000 -0.012 -0.009 -0.008 0.000 0.007 0.003 -0.010 -0.001 0.026 4.687 4.639 4.513 3.966 4.220 4.412 4.047 4.083 4.110 4.136 3.851 3.956 4.082 4.167 3.890 3.736 3.929 3.887 3.814 3.932 3.778 3.890 3.844 3.955 3.862 3.925 3.782
0003,0,cam_r,18,0,107.6706,9,19,1,3.973,-0.0028,0.000 -0.000 -0.000 -0.000 -0.000 -0.000 -0.000 -0.000 -0.000 -0.021 -0.015 -0.011 -0.004 0.010 0.005 -0.009 0.000 -0.054 0.047 5.191 4.547 3.911 4.340 4.326 4.068 4.176 4.326 4.186 3.998 4.102 4.167 4.381 4.220 3.959 4.136 4.001 3.902 4.124 3.959 3.908 3.900 4.062 4.067 3.904 3.859
0003,0,cam_r,19,0,101.3521,9,20,1,3.8721,-0.0,0.000 -0.000 -0.000 -0.000 -0.000 -0.000 -0.000 -0.000 -0.000 -0.006 -0.005 -0.004 -0.005 0.005 0.004 -0.009 -0.002 0.009 0.012 0.066 4.154 3.938 4.322 4.282 4.044 4.299 4.488 4.362 3.968 4.049 4.087 4.163 4.107 4.147 4.169 3.902 3.831 3.946 3.918 3.778 3.723 3.975 3.927 3.879 3.831
0003,0,cam_r,20,0,89.7014,21,21,1,3.5808,,0.000 -0.000 -0.000 -0.000 -0.000 -0.000 -0.000 -0.000 -0.000 -0.000 -0.000 -0.000 -0.000 -0.000 -0.000 -0.000 -0.000 -0.000 -0.000 -0.000 -0.000 2.822 4.093 4.019 3.819 4.069 4.026 4.270 3.914 3.722 3.729 3.756 3.695 3.786 3.937 3.828 3.569 3.807 3.592 3.597 3.448 3.578 3.502 3.574 3.548
0003,0,cam_r,21,0,89.6344,21,22,1,3.7093,,0.000 -0.000 -0.000 -0.000 -0.000 -0.000 -0.000 -0.000 -0.000 -0.000 -0.000 -0.000 -0.000 -0.000 -0.000 -0.000 -0.000 -0.000 -0.000 -0.000 -0.000 -0.051 4.459 4.393 4.059 4.001 4.226 4.269 4.078 3.808 3.883 3.835 3.785 3.675 3.904 3.909 3.729 3.783 3.650 3.651 3.561 3.767 3.706 3.791 3.765
0003,0,cam_r,22,0,85.4663,21,23,1,3.7265,-0.0401,0.000 -0.000 -0.000 -0.000 -0.000 -0.000 -0.000 -0.000 -0.000 -0.000 -0.000 -0.000 -0.000 -0.000 -0.000 -0.000 -0.000 -0.000 -0.000 -0.000 -0.000 -0.149 0.270 4.361 3.977 3.739 3.883 4.350 4.106 3.954 4.054 3.989 3.770 3.716 3.865 3.942 3.828 3.978 3.781 3.704 3.625 3.749 3.602 3.663 3.709
0003,0,cam_r,23,0,81.5541,21,24,1,3.8773,-0.0088,0.000 -0.000 -0.000 -0.000 -0.000 -0.000 -0.000 -0.000 -0.000 -0.000 -0.000 -0.000 -0.000 -0.000 -0.000 -0.000 -0.000 -0.000 -0.000 -0.000 -0.000 -0.025 -0.043 -0.014 3.505 3.821 4.024 4.129 4.012 4.074 4.121 4.010 3.763 3.709 3.797 3.858 3.795 4.151 3.949 3.831 3.717 3.838 3.832 3.932 3.769
0003,0,cam_r,24,0,80.1265,21,25,1,3.9561,-0.0026,0.000 -0.000 -0.000 -0.000 -0.000 -0.000 -0.000 -0.000 -0.000 -0.000 -0.000 -0.000 -0.000 -0.000 -0.000 -0.000 -0.000 -0.000 -0.000 -0.000 -0.000 -0.024 -0.008 0.002 0.007 3.631 4.079 4.185 4.063 4.226 4.191 4.284 3.925 4.006 4.019 4.005 3.885 4.075 4.076 3.914 3.805 4.033 3.902 3.980 3.864
0003,0,fwd,1,0,34.1371,0,3,2,0.8493,,0.000 -0.036 0.061 0.983 0.816 0.871 0.851 0.809 0.788 0.839 0.885 0.794 0.798 0.845 0.827 0.829 0.804 0.784 0.835 0.827 0.798 0.724 0.745 0.700 0.692 0.745 0.769 0.746 0.758 0.783 0.761 0.810 0.756 0.839 0.871 0.806 0.831 0.904 0.852 0.858 0.747 0.795 0.838 0.953 0.846
0003,0,fwd,2,0,33.2412,0,3,1,0.8146,0.0051,0.000 0.004 0.029 0.228 0.890 0.911 0.813 0.802 0.795 0.884 0.932 0.822 0.791 0.856 0.811 0.844 0.817 0.792 0.832 0.850 0.813 0.747 0.744 0.706 0.713 0.759 0.739 0.726 0.746 0.787 0.752 0.775 0.753 0.795 0.847 0.794 0.823 0.863 0.859 0.811 0.749 0.662 0.838 0.904 0.831
0003,0,fwd,3,0,32.9249,0,5,2,0.8128,0.0497,0.000 0.032 0.049 0.059 0.130 0.896 0.914 0.810 0.837 0.918 0.951 0.858 0.824 0.895 0.845 0.851 0.854 0.844 0.840 0.868 0.824 0.771 0.752 0.707 0.710 0.758 0.729 0.743 0.726 0.774 0.769 0.761 0.767 0.784 0.895 0.836 0.840 0.879 0.848 0.843 0.776 0.706 0.662 0.917 0.872
0003,0,fwd,4,0,32.8981,0,5,1,0.8141,0.0292,0.000 0.018 0.027 0.026 0.026 0.762 0.853 0.807 0.836 0.960 0.998 0.868 0.838 0.890 0.876 0.875 0.880 0.838 0.850 0.876 0.841 0.796 0.787 0.721 0.721 0.759 0.740 0.748 0.722 0.792 0.776 0.763 0.744 0.818 0.894 0.827 0.833 0.907 0.861 0.892 0.816 0.721 0.592 0.865 0.858
0003,0,fwd,5,0,34.0055,0,7,2,0.8151,0.0088,0.000 0.009 0.013 0.005 0.002 0.007 0.059 1.623 1.311 1.182 1.083 0.981 0.922 0.961 0.962 0.928 0.920 0.885 0.910 0.933 0.905 0.801 0.816 0.741 0.745 0.790 0.774 0.762 0.765 0.801 0.802 0.795 0.786 0.876 0.911 0.856 0.864 0.828 0.789 0.671 0.745 0.880 0.880 0.874 0.854
0003,0,fwd,6,0,30.7005,0,8,2,0.7859,0.0008,0.000 -0.001 0.003 0.001 0.006 -0.006 0.015 0.049 1.053 1.076 1.109 0.976 0.905 0.919 0.902 0.906 0.906 0.808 0.876 0.877 0.859 0.796 0.757 0.735 0.680 0.699 0.725 0.736 0.717 0.774 0.762 0.780 0.788 0.784 0.820 0.789 0.833 0.821 0.869 0.861 0.855 0.761 0.704 0.657 0.761
0003,0,fwd,7,0,27.7239,0,9,2,0.8242,0.0005,0.000 -0.003 0.002 -0.001 -0.001 0.004 0.001 0.002 0.000 0.842 1.003 0.814 0.802 0.760 0.756 0.815 0.761 0.724 0.800 0.786 0.799 0.771 0.776 0.721 0.704 0.685 0.687 0.680 0.655 0.677 0.656 0.714 0.690 0.726 0.812 0.731 0.779 0.810 0.790 0.829 0.856 0.825 0.851 0.829 0.803
0003,0,fwd,8,0,27.8294,9,9,1,0.8313,,0.000 0.000 0.000 0.000 0.000 0.000 0.000 0.000 0.000 0.827 0.989 0.801 0.808 0.779 0.755 0.817 0.755 0.710 0.800 0.791 0.801 0.784 0.794 0.735 0.713 0.696 0.689 0.685 0.662 0.660 0.663 0.737 0.683 0.730 0.805 0.738 0.772 0.810 0.810 0.820 0.859 0.842 0.870 0.840 0.800
0003,0,fwd,9,0,28.5506,9,11,2,0.8627,,0.000 0.000 0.000 0.000 0.000 0.000 0.000 0.000 0.000 0.057 0.091 1.243 1.013 0.911 0.844 0.973 0.878 0.827 0.860 0.875 0.898 0.787 0.806 0.783 0.791 0.776 0.758 0.751 0.687 0.719 0.698 0.751 0.729 0.730 0.833 0.765 0.813 0.854 0.827 0.881 0.882 0.861 0.883 0.867 0.846
0003,0,fwd,10,0,28.2442,9,12,2,0.8881,0.0964,0.000 0.000 0.000 0.000 0.000 0.000 0.000 0.000 0.000 0.086 0.058 0.075 0.956 0.902 0.880 0.889 0.930 0.854 0.925 0.920 0.907 0.818 0.852 0.810 0.816 0.817 0.811 0.816 0.771 0.758 0.740 0.784 0.737 0.740 0.838 0.809 0.838 0.885 0.855 0.854 0.903 0.885 0.914 0.919 0.890
0003,0,fwd,11,0,28.114,9,13,2,0.8942,0.056,0.000 0.000 0.000 0.000 0.000 0.000 0.000 0.000 0.000 0.058 0.042 0.026 0.021 0.935 0.957 0.931 0.872 0.936 0.951 0.962 0.941 0.864 0.919 0.873 0.841 0.874 0.875 0.859 0.815 0.795 0.768 0.816 0.790 0.745 0.849 0.812 0.833 0.902 0.860 0.839 0.882 0.915 0.924 0.918 0.912
0003,0,fwd,12,0,27.7611,9,13,1,0.8952,0.0419,0.000 0.000 0.000 0.000 0.000 0.000 0.000 0.000 0.000 0.048 0.039 0.025 0.024 0.770 0.918 0.893 0.845 0.945 0.944 0.959 0.937 0.864 0.883 0.865 0.839 0.858 0.877 0.853 0.803 0.811 0.773 0.822 0.768 0.743 0.852 0.799 0.840 0.902 0.884 0.830 0.875 0.924 0.921 0.910 0.914
0003,0,fwd,13,0,28.2029,9,15,2,0.907,0.0136,0.000 0.000 0.000 0.000 0.000 0.000 0.000 0.000 0.000 0.022 0.016 0.007 0.004 0.030 0.047 1.567 1.063 1.004 0.958 1.120 1.011 0.914 0.939 0.891 0.893 0.923 0.933 0.902 0.885 0.864 0.829 0.869 0.832 0.847 0.895 0.820 0.862 0.900 0.897 0.883 0.857 0.916 0.932 0.926 0.944
0003,0,fwd,14,0,27.6255,9,16,2,0.9274,0.0228,0.000 0.000 0.000 0.000 0.000 0.000 0.000 0.000 0.000 0.023 0.017 0.008 0.008 0.051 0.046 0.081 1.306 0.981 1.021 0.993 1.067 0.931 0.965 0.905 0.903 0.944 0.950 0.927 0.934 0.924 0.911 0.939 0.877 0.883 0.925 0.822 0.865 0.930 0.921 0.894 0.887 0.913 0.978 0.939 0.957
0003,0,fwd,15,0,26.5023,9,16,1,0.9139,0.0145,0.000 0.000 0.000 0.000 0.000 0.000 0.000 0.000 0.000 0.014 0.011 0.003 0.006 0.023 0.022 0.040 0.657 0.946 1.016 1.023 1.099 0.927 0.954 0.894 0.852 0.928 0.923 0.902 0.916 0.911 0.913 0.940 0.859 0.853 0.914 0.811 0.832 0.913 0.899 0.906 0.903 0.907 0.925 0.922 0.935
0003,0,fwd,16,0,25.5231,9,17,1,0.8741,0.0193,0.000 0.000 0.000 0.000 0.000 0.000 0.000 0.000 0.000 0.007 0.008 0.001 0.006 0.034 0.028 0.034 0.051 0.832 1.016 0.993 1.115 0.968 0.961 0.896 0.850 0.937 0.932 0.930 0.909 0.923 0.904 0.956 0.871 0.874 0.890 0.799 0.806 0.890 0.854 0.866 0.859 0.896 0.891 0.864 0.872
0003,0,fwd,17,0,26.3655,9,19,2,0.8859,0.0002,0.000 0.000 0.000 0.000 0.000 0.000 0.000 0.000 0.000 0.002 -0.001 -0.004 -0.002 0.005 -0.000 0.001 0.001 -0.007 0.031 2.056 1.446 1.195 1.070 1.034 0.961 1.007 1.010 0.978 0.959 0.973 0.975 1.044 0.952 0.942 0.953 0.843 0.854 0.899 0.881 0.890 0.866 0.865 0.906 0.913 0.867
0003,0,fwd,18,0,23.7863,9,20,2,0.8321,0.0014,0.000 0.000 0.000 0.000 0.000 0.000 0.000 0.000 0.000 -0.001 -0.001 -0.003 -0.001 -0.002 -0.002 0.002 0.006 0.012 0.022 0.056 1.692 1.070 1.082 1.019 0.947 0.979 0.991 0.965 0.953 0.943 0.965 0.978 0.956 0.968 0.922 0.824 0.787 0.811 0.817 0.828 0.844 0.835 0.857 0.857 0.806
0003,0,fwd,19,0,17.842,9,21,2,0.6941,0.0004,0.000 0.000 0.000 0.000 0.000 0.000 0.000 0.000 0.000 0.000 0.001 -0.000 -0.001 0.002 0.000 -0.001 -0.001 0.003 0.002 0.000 -0.001 0.683 0.912 0.726 0.688 0.749 0.751 0.808 0.752 0.833 0.779 0.793 0.744 0.782 0.850 0.714 0.724 0.737 0.679 0.716 0.681 0.692 0.672 0.690 0.686
0003,0,fwd,20,0,17.8207,21,21,1,0.6917,,0.000 0.000 0.000 0.000 0.000 0.000 0.000 0.000 0.000 0.000 0.000 0.000 0.000 0.000 0.000 0.000 0.000 0.000 0.000 0.000 0.000 0.639 0.940 0.719 0.694 0.755 0.748 0.810 0.754 0.809 0.795 0.796 0.753 0.781 0.860 0.714 0.720 0.741 0.678 0.713 0.673 0.691 0.681 0.685 0.672
0003,0,fwd,21,0,18.5388,21,21,0,0.7465,,0.000 0.000 0.000 0.000 0.000 0.000 0.000 0.000 0.000 0.000 0.000 0.000 0.000 0.000 0.000 0.000 0.000 0.000 0.000 0.000 0.000 0.152 0.114 0.237 1.337 0.940 0.893 0.912 0.934 0.990 0.929 0.937 0.861 0.839 0.885 0.801 0.807 0.795 0.740 0.767 0.729 0.752 0.725 0.748 0.716
0003,0,fwd,22,0,18.2144,21,24,2,0.7694,0.1089,0.000 0.000 0.000 0.000 0.000 0.000 0.000 0.000 0.000 0.000 0.000 0.000 0.000 0.000 0.000 0.000 0.000 0.000 0.000 0.000 0.000 0.084 0.062 0.052 0.936 0.934 0.955 0.925 0.913 0.957 0.937 0.943 0.929 0.887 0.923 0.803 0.820 0.859 0.802 0.799 0.734 0.743 0.758 0.750 0.711
0003,0,fwd,23,0,18.2332,21,25,2,0.827,0.05,0.000 0.000 0.000 0.000 0.000 0.000 0.000 0.000 0.000 0.000 0.000 0.000 0.000 0.000 0.000 0.000 0.000 0.000 0.000 0.000 0.000 0.046 0.036 0.027 0.024 0.895 1.000 0.961 0.908 1.024 0.968 1.028 0.975 0.969 0.993 0.893 0.868 0.940 0.836 0.874 0.782 0.829 0.791 0.809 0.756
0003,0,fwd,24,0,18.1036,21,25,1,0.8364,0.0439,0.000 0.000 0.000 0.000 0.000 0.000 0.000 0.000 0.000 0.000 0.000 0.000 0.000 0.000 0.000 0.000 0.000 0.000 0.000 0.000 0.000 0.044 0.035 0.031 0.025 0.775 0.980 0.914 0.902 1.050 0.959 1.015 0.963 0.961 0.996 0.881 0.881 0.929 0.848 0.873 0.781 0.859 0.813 0.812 0.775
0003,1,cam_r,1,0,173.2365,0,2,1,3.6681,,0.000 -0.150 4.649 4.765 4.469 4.385 4.390 4.447 4.374 3.996 4.191 4.193 3.993 4.238 4.320 4.237 4.041 4.053 4.000 4.071 3.919 3.717 3.986 4.093 4.065 4.148 4.058 4.096 4.021 4.000 3.970 4.002 4.003 3.680 3.938 3.826 3.709 3.715 3.747 3.711 3.688 3.622 3.585 3.663 3.614
0003,1,cam_r,2,0,168.0265,0,3,1,3.6285,-0.0779,0.000 -0.283 0.069 5.309 4.443 4.207 4.280 4.572 4.422 4.189 4.295 4.083 4.063 4.141 4.200 4.185 4.123 4.034 4.025 4.054 3.980 3.662 3.930 3.973 3.982 4.080 4.072 4.107 3.955 3.966 3.925 3.926 3.947 3.624 3.882 3.871 3.704 3.626 3.658 3.691 3.650 3.647 3.569 3.600 3.587
0003,1,cam_r,3,0,161.8808,0,4,1,3.6732,0.0393,0.000 0.166 0.123 0.160 4.525 4.147 4.322 4.276 4.507 4.321 4.416 4.159 3.866 4.052 4.149 4.145 4.029 4.113 3.975 3.988 3.801 3.639 3.812 3.774 3.802 3.916 3.946 3.992 3.828 3.873 3.893 3.887 3.811 3.638 3.784 3.910 3.750 3.796 3.672 3.626 3.707 3.686 3.703 3.620 3.576
0003,1,cam_r,4,0,156.1648,0,5,1,3.6316,0.0129,0.000 0.044 0.062 0.035 0.023 4.395 4.152 4.020 4.145 4.398 4.459 4.378 3.948 4.247 4.210 3.994 3.901 4.047 4.069 3.950 3.775 3.633 3.752 3.812 3.677 3.861 3.884 3.911 3.842 3.856 3.862 3.919 3.889 3.644 3.753 3.822 3.743 3.809 3.677 3.647 3.618 3.576 3.560 3.635 3.530
0003,1,cam_r,5,0,154.4795,0,6,1,3.6709,0.0045,0.000 0.021 0.035 0.010 0.000 0.004 4.834 4.653 4.446 4.428 4.537 4.466 4.104 4.084 4.138 3.997 3.911 3.993 4.123 4.093 3.829 3.587 3.775 3.832 3.742 3.848 3.818 4.002 3.831 3.930 3.920 3.955 3.944 3.731 3.834 3.841 3.815 3.860 3.792 3.711 3.628 3.630 3.589 3.610 3.546
0003,1,cam_r,6,0,149.5975,0,7,1,3.6131,-0.0017,0.000 0.023 0.029 0.001 -0.011 -0.072 0.085 5.313 4.127 4.548 4.554 4.456 4.200 4.314 4.235 4.009 3.867 3.999 4.111 4.131 4.001 3.580 3.806 3.805 3.744 3.893 3.775 3.841 3.783 3.907 3.957 3.905 3.848 3.751 3.806 3.720 3.653 3.831 3.731 3.679 3.537 3.530 3.529 3.565 3.501
0003,1,cam_r,7,0,144.5263,0,8,1,3.6595,0.0001,0.000 0.014 0.031 0.003 -0.002 -0.032 -0.011 0.032 4.257 4.049 4.479 4.407 4.120 4.295 4.466 4.153 3.921 3.984 4.132 4.148 4.073 3.758 3.846 3.803 3.692 3.829 3.762 3.760 3.692 3.808 3.894 3.934 3.850 3.685 3.860 3.839 3.721 3.782 3.769 3.815 3.710 3.630 3.532 3.520 3.519
0003,1,cam_r,8,0,131.2392,9,9,1,3.4356,,0.000 -0.000 -0.000 -0.000 -0.000 -0.000 -0.000 -0.000 -0.000 3.493 4.322 4.113 3.913 4.228 4.210 4.174 3.857 3.624 3.697 3.813 3.719 3.482 3.678 3.555 3.427 3.592 3.451 3.516 3.400 3.407 3.487 3.684 3.616 3.491 3.619 3.691 3.496 3.577 3.443 3.554 3.492 3.460 3.335 3.338 3.285
0003,1,cam_r,9,0,130.4989,9,10,1,3.4808,,0.000 -0.000 -0.000 -0.000 -0.000 -0.000 -0.000 -0.000 -0.000 0.103 4.647 4.522 4.179 4.282 4.331 4.419 4.077 3.759 3.849 3.841 3.697 3.373 3.594 3.739 3.410 3.547 3.518 3.609 3.406 3.441 3.570 3.714 3.662 3.511 3.580 3.685 3.587 3.539 3.540 3.607 3.541 3.505 3.412 3.388 3.316
0003,1,cam_r,10,0,128.0085,9,10,0,3.4933,-0.0756,0.000 -0.000 -0.000 -0.000 -0.000 -0.000 -0.000 -0.000 -0.000 -0.264 1.732 4.163 4.187 4.013 4.293 4.455 4.243 3.892 3.991 3.985 3.736 3.420 3.706 3.778 3.666 3.678 3.609 3.624 3.479 3.449 3.475 3.665 3.669 3.446 3.664 3.695 3.612 3.569 3.504 3.583 3.538 3.509 3.451 3.474 3.319
0003,1,cam_r,11,0,128.1618,9,12,1,3.7974,0.0025,0.000 -0.000 -0.000 -0.000 -0.000 -0.000 -0.000 -0.000 -0.000 -0.009 0.028 0.101 3.702 3.925 4.157 4.118 4.042 4.125 4.230 4.194 3.989 3.668 3.684 3.853 3.768 4.149 3.891 3.846 3.675 3.740 3.792 3.853 3.757 3.784 3.936 3.935 3.850 3.962 3.854 3.817 3.763 3.783 3.722 3.824 3.655
0003,1,cam_r,12,0,131.7446,9,13,1,4.338,-0.0004,0.000 -0.000 -0.000 -0.000 -0.000 -0.000 -0.000 -0.000 -0.000 -0.012 0.000 0.006 0.016 3.860 4.034 4.066 3.913 4.332 4.241 4.239 3.983 3.852 3.853 3.882 3.862 4.191 4.124 4.085 3.840 3.977 3.966 4.131 4.007 3.918 4.139 4.316 4.219 4.373 4.357 4.362 4.232 4.384 4.312 4.385 4.300
0003,1,cam_r,13,0,128.7132,9,14,1,4.3199,0.0002,0.000 -0.000 -0.000 -0.000 -0.000 -0.000 -0.000 -0.000 -0.000 -0.010 0.001 0.004 0.009 0.089 4.536 4.362 4.173 4.189 4.360 4.416 4.172 3.542 3.769 3.935 3.784 4.112 4.155 4.214 3.931 3.934 4.025 4.125 3.980 3.817 4.053 4.241 4.233 4.383 4.312 4.373 4.295 4.323 4.226 4.368 4.280
0003,1,cam_r,14,0,125.277,9,15,1,4.2747,-0.0024,0.000 -0.000 -0.000 -0.000 -0.000 -0.000 -0.000 -0.000 -0.000 -0.023 -0.008 -0.004 0.006 -0.022 0.055 4.861 4.335 4.143 4.085 4.512 4.359 3.847 3.973 3.972 3.847 4.129 4.085 4.221 4.110 4.098 4.080 4.231 4.092 3.918 3.996 4.124 4.060 4.308 4.292 4.282 4.216 4.368 4.257 4.319 4.158
0003,1,cam_r,15,0,120.0775,9,16,1,4.3509,0.0015,0.000 -0.000 -0.000 -0.000 -0.000 -0.000 -0.000 -0.000 -0.000 -0.011 0.000 0.000 0.006 0.016 0.029 0.086 4.312 3.984 4.154 4.239 4.324 3.823 4.107 3.942 3.690 4.126 3.888 4.026 3.970 4.204 4.016 4.094 4.021 3.939 4.093 4.113 4.080 4.380 4.328 4.351 4.304 4.479 4.381 4.315 4.270
0003,1,cam_r,16,0,113.3774,9,17,1,4.0233,0.0008,0.000 -0.000 -0.000 -0.000 -0.000 -0.000 -0.000 -0.000 -0.000 -0.021 -0.012 -0.007 -0.001 0.031 0.018 0.015 0.008 4.132 4.087 4.145 4.124 3.967 4.220 4.291 4.007 4.239 4.125 4.081 3.983 4.112 4.221 4.052 3.895 3.694 3.932 3.947 3.906 4.047 4.042 4.092 3.971 4.121 3.970 4.051 3.892
0003,1,cam_r,17,0,110.9594,9,18,1,3.9801,-0.0009,0.000 -0.000 -0.000 -0.000 -0.000 -0.000 -0.000 -0.000 -0.000 -0.012 -0.008 -0.006 -0.002 0.005 -0.001 -0.001 -0.004 0.000 4.609 4.648 4.488 3.944 4.288 4.328 4.221 4.133 4.227 4.200 3.897 4.089 4.238 4.247 3.944 3.786 3.961 4.021 3.879 4.026 3.948 4.052 3.971 4.028 3.877 3.999 3.940
0003,1,cam_r,18,0,106.4725,9,19,1,3.8996,-0.004,0.000 -0.000 -0.000 -0.000 -0.000 -0.000 -0.000 -0.000 -0.000 -0.025 -0.015 -0.009 -0.004 0.008 0.002 -0.002 -0.007 -0.089 -0.005 5.211 4.479 3.906 4.305 4.338 4.287 4.308 4.319 4.214 4.018 4.045 4.143 4.232 4.099 3.713 3.899 4.009 3.895 3.951 3.848 3.911 3.942 3.874 3.913 3.940 3.818
0003,1,cam_r,19,0,97.9363,9,20,1,3.7048,0.0001,0.000 -0.000 -0.000 -0.000 -0.000 -0.000 -0.000 -0.000 -0.000 -0.005 -0.003 -0.004 -0.003 0.005 -0.000 -0.001 -0.005 0.012 0.010 0.072 4.328 3.848 4.282 4.270 3.993 4.333 4.352 4.200 3.894 3.985 3.945 4.036 3.959 3.661 3.810 3.726 3.599 3.733 3.663 3.707 3.643 3.682 3.675 3.805 3.729
0003,1,cam_r,20,0,91.8295,21,21,1,3.7468,,0.000 -0.000 -0.000 -0.000 -0.000 -0.000 -0.000 -0.000 -0.000 -0.000 -0.000 -0.000 -0.000 -0.000 -0.000 -0.000 -0.000 -0.000 -0.000 -0.000 -0.000 2.790 4.184 4.091 3.780 4.189 4.122 4.255 3.906 3.763 3.874 3.949 3.791 3.661 3.921 3.923 3.658 3.780 3.691 3.770 3.678 3.749 3.701 3.836 3.769
0003,1,cam_r,21,0,90.1319,21,22,1,3.7803,,0.000 -0.000 -0.000 -0.000 -0.000 -0.000 -0.000 -0.000 -0.000 -0.000 -0.000 -0.000 -0.000 -0.000 -0.000 -0.000 -0.000 -0.000 -0.000 -0.000 -0.000 -0.032 4.389 4.358 4.127 4.073 4.236 4.414 4.045 3.757 3.867 3.889 3.733 3.513 3.887 3.897 3.737 3.844 3.773 3.737 3.713 3.740 3.742 3.872 3.822
0003,1,cam_r,22,0,87.9981,21,22,0,3.8369,-0.0732,0.000 -0.000 -0.000 -0.000 -0.000 -0.000 -0.000 -0.000 -0.000 -0.000 -0.000 -0.000 -0.000 -0.000 -0.000 -0.000 -0.000 -0.000 -0.000 -0.000 -0.000 -0.281 2.003 3.797 3.787 3.801 4.227 4.356 4.214 3.883 4.108 4.070 3.883 3.697 3.898 3.990 3.870 3.977 3.874 3.808 3.734 3.753 3.750 3.896 3.903
0003,1,cam_r,23,0,81.9816,21,24,1,3.8685,-0.0006,0.000 -0.000 -0.000 -0.000 -0.000 -0.000 -0.000 -0.000 -0.000 -0.000 -0.000 -0.000 -0.000 -0.000 -0.000 -0.000 -0.000 -0.000 -0.000 -0.000 -0.000 -0.000 -0.004 -0.010 3.779 3.882 4.016 4.085 4.026 4.126 4.180 4.048 3.723 3.770 3.807 3.830 3.776 4.132 3.926 3.795 3.696 3.817 3.770 3.957 3.855
0003,1,cam_r,24,0,80.9138,21,25,1,4.0084,-0.0013,0.000 -0.000 -0.000 -0.000 -0.000 -0.000 -0.000 -0.000 -0.000 -0.000 -0.000 -0.000 -0.000 -0.000 -0.000 -0.000 -0.000 -0.000 -0.000 -0.000 -0.000 -0.012 -0.007 0.003 0.007 4.002 4.094 4.129 4.064 4.319 4.278 4.301 3.916 3.891 3.975 3.999 3.889 4.217 4.120 3.994 3.859 4.056 3.925 4.012 3.884
0003,1,fwd,1,0,34.5939,0,3,2,0.9412,,0.000 -0.043 0.027 0.871 0.733 0.830 0.805 0.788 0.721 0.860 0.858 0.772 0.768 0.852 0.812 0.802 0.778 0.794 0.812 0.828 0.795 0.770 0.778 0.724 0.728 0.758 0.757 0.743 0.770 0.818 0.794 0.808 0.769 0.859 0.867 0.813 0.847 0.889 0.902 0.885 0.847 0.867 0.889 1.292 0.960
0003,1,fwd,2,0,34.0329,0,4,2,0.8774,0.0209,0.000 0.018 0.022 0.107 0.837 0.913 0.828 0.733 0.797 0.859 0.918 0.821 0.771 0.858 0.811 0.830 0.805 0.832 0.816 0.849 0.815 0.815 0.790 0.732 0.731 0.772 0.759 0.773 0.774 0.809 0.796 0.824 0.788 0.856 0.899 0.829 0.823 0.899 0.885 0.900 0.853 0.748 0.748 1.009 0.978
0003,1,fwd,3,0,32.8595,0,5,2,0.8113,0.0359,0.000 0.026 0.032 0.031 0.021 0.786 0.866 0.776 0.788 0.942 0.978 0.868 0.833 0.878 0.855 0.848 0.855 0.828 0.840 0.864 0.835 0.815 0.789 0.729 0.731 0.748 0.748 0.754 0.757 0.802 0.797 0.805 0.785 0.820 0.885 0.827 0.827 0.863 0.848 0.835 0.751 0.688 0.719 0.876 0.910
0003,1,fwd,4,0,32.7624,0,5,1,0.7651,0.0204,0.000 0.015 0.013 0.019 0.019 0.198 1.014 0.860 0.909 1.015 0.994 0.913 0.869 0.907 0.891 0.865 0.873 0.837 0.866 0.877 0.861 0.817 0.814 0.746 0.744 0.775 0.765 0.787 0.772 0.803 0.816 0.821 0.799 0.826 0.891 0.829 0.821 0.864 0.848 0.798 0.745 0.693 0.720 0.591 0.861
0003,1,fwd,5,0,33.6473,0,7,2,0.8097,0.0083,0.000 0.010 0.007 0.006 0.004 0.016 0.079 1.295 1.443 1.186 1.074 0.982 0.941 0.937 0.942 0.907 0.887 0.875 0.901 0.904 0.854 0.814 0.810 0.758 0.747 0.780 0.777 0.776 0.790 0.817 0.816 0.811 0.805 0.841 0.895 0.846 0.837 0.886 0.745 0.747 0.769 0.757 0.811 0.876 0.886
0003,1,fwd,6,0,31.8324,0,8,2,0.7743,0.0013,0.000 0.005 -0.001 0.004 0.006 -0.009 0.020 0.048 1.357 1.204 1.156 0.995 0.932 0.980 0.925 0.933 0.906 0.831 0.913 0.885 0.867 0.820 0.802 0.761 0.736 0.735 0.755 0.757 0.764 0.793 0.809 0.817 0.808 0.808 0.857 0.816 0.843 0.877 0.870 0.743 0.711 0.685 0.718 0.726 0.865
0003,1,fwd,7,0,27.7982,0,9,2,0.8216,0.0017,0.000 0.001 0.001 0.000 0.002 0.001 0.003 0.002 -0.000 0.860 0.994 0.845 0.787 0.813 0.792 0.842 0.775 0.760 0.820 0.792 0.803 0.790 0.752 0.719 0.690 0.717 0.666 0.676 0.662 0.672 0.661 0.706 0.710 0.714 0.787 0.688 0.724 0.815 0.833 0.840 0.805 0.845 0.834 0.825 0.776
0003,1,fwd,8,0,27.823,9,9,1,0.8214,,0.000 0.000 0.000 0.000 0.000 0.000 0.000 0.000 0.000 0.865 0.990 0.836 0.792 0.806 0.793 0.844 0.777 0.768 0.816 0.798 0.810 0.787 0.759 0.725 0.694 0.730 0.676 0.679 0.664 0.674 0.653 0.709 0.718 0.701 0.776 0.690 0.722 0.824 0.837 0.830 0.799 0.835 0.846 0.821 0.779
0003,1,fwd,9,0,28.6731,9,11,2,0.8482,,0.000 0.000 0.000 0.000 0.000 0.000 0.000 0.000 0.000 0.051 0.084 1.204 1.015 0.929 0.861 1.009 0.881 0.877 0.880 0.894 0.895 0.801 0.799 0.791 0.799 0.826 0.775 0.761 0.722 0.714 0.737 0.759 0.764 0.727 0.824 0.750 0.760 0.829 0.875 0.862 0.849 0.819 0.881 0.864 0.807
0003,1,fwd,10,0,28.7781,9,12,2,0.886,0.1071,0.000 0.000 0.000 0.000 0.000 0.000 0.000 0.000 0.000 0.095 0.068 0.091 1.031 0.961 0.910 0.917 0.975 0.892 0.939 0.939 0.919 0.832 0.851 0.806 0.831 0.850 0.843 0.817 0.768 0.767 0.780 0.791 0.795 0.762 0.843 0.794 0.823 0.886 0.878 0.878 0.901 0.866 0.906 0.897 0.877
0003,1,fwd,11,0,28.5534,9,13,2,0.886,0.0656,0.000 0.000 0.000 0.000 0.000 0.000 0.000 0.000 0.000 0.069 0.047 0.036 0.030 0.963 0.976 0.933 0.902 0.969 0.971 0.983 0.969 0.881 0.930 0.893 0.877 0.923 0.890 0.875 0.833 0.786 0.804 0.823 0.801 0.793 0.871 0.801 0.838 0.864 0.871 0.851 0.897 0.923 0.883 0.896 0.904
0003,1,fwd,12,0,28.1774,9,13,1,0.8889,0.0447,0.000 0.000 0.000 0.000 0.000 0.000 0.000 0.000 0.000 0.052 0.039 0.029 0.025 0.788 0.943 0.882 0.872 0.961 0.971 0.973 0.957 0.905 0.917 0.886 0.871 0.917 0.887 0.869 0.817 0.795 0.795 0.822 0.798 0.802 0.874 0.798 0.821 0.870 0.862 0.841 0.887 0.939 0.915 0.898 0.899
0003,1,fwd,13,0,28.1464,9,15,2,0.907,0.0156,0.000 0.000 0.000 0.000 0.000 0.000 0.000 0.000 0.000 0.024 0.017 0.009 0.007 0.027 0.045 1.567 1.142 0.958 0.929 1.075 1.011 0.897 0.941 0.894 0.891 0.946 0.934 0.899 0.882 0.832 0.847 0.863 0.839 0.835 0.901 0.824 0.856 0.901 0.898 0.870 0.873 0.932 0.930 0.925 0.925
0003,1,fwd,14,0,28.0018,9,16,2,0.9268,0.0235,0.000 0.000 0.000 0.000 0.000 0.000 0.000 0.000 0.000 0.025 0.018 0.009 0.010 0.046 0.044 0.089 1.383 1.047 0.982 1.013 1.095 0.968 0.969 0.938 0.910 0.987 0.999 0.956 0.928 0.937 0.930 0.908 0.861 0.850 0.952 0.833 0.901 0.943 0.927 0.892 0.915 0.944 0.921 0.940 0.932
0003,1,fwd,15,0,26.7918,9,16,1,0.9015,0.0156,0.000 0.000 0.000 0.000 0.000 0.000 0.000 0.000 0.000 0.013 0.014 0.005 0.008 0.019 0.026 0.048 0.785 0.990 1.055 1.028 1.102 0.958 0.937 0.917 0.886 0.961 0.960 0.919 0.942 0.910 0.920 0.920 0.859 0.814 0.910 0.802 0.871 0.900 0.887 0.896 0.872 0.891 0.917 0.927 0.921
0003,1,fwd,16,0,26.6047,9,17,1,0.9123,0.0137,0.000 0.000 0.000 0.000 0.000 0.000 0.000 0.000 0.000 0.006 0.008 0.001 0.006 0.026 0.020 0.021 0.015 0.911 1.041 1.018 1.120 1.044 1.034 0.958 0.940 0.964 1.000 0.969 0.940 0.984 0.938 0.967 0.895 0.863 0.921 0.825 0.871 0.929 0.878 0.919 0.901 0.910 0.917 0.931 0.913
0003,1,fwd,17,0,26.8778,9,19,2,0.8949,0.0005,0.000 0.000 0.000 0.000 0.000 0.000 0.000 0.000 0.000 -0.003 0.003 -0.003 0.001 0.003 0.002 0.001 -0.000 -0.005 0.016 2.207 1.439 1.192 1.085 1.084 0.990 1.046 1.071 1.006 0.984 1.033 1.015 1.028 0.955 0.898 0.949 0.852 0.869 0.897 0.899 0.896 0.884 0.892 0.896 0.920 0.875
0003,1,fwd,18,0,24.0767,9,20,2,0.8378,0.0019,0.000 0.000 0.000 0.000 0.000 0.000 0.000 0.000 0.000 -0.005 -0.000 -0.003 0.002 -0.000 0.001 0.001 0.003 0.016 0.018 0.059 1.738 1.109 1.101 1.060 0.967 1.011 1.025 1.019 0.966 0.993 0.986 1.005 0.930 0.855 0.896 0.815 0.808 0.800 0.827 0.839 0.831 0.829 0.889 0.886 0.802
0003,1,fwd,19,0,18.0312,9,21,2,0.7104,0.0003,0.000 0.000 0.000 0.000 0.000 0.000 0.000 0.000 0.000 0.000 0.002 -0.002 0.000 0.000 -0.000 0.001 -0.001 -0.001 0.002 -0.002 0.002 0.659 0.912 0.734 0.684 0.753 0.783 0.795 0.751 0.760 0.811 0.806 0.777 0.805 0.855 0.728 0.734 0.728 0.705 0.731 0.695 0.683 0.688 0.736 0.718
0003,1,fwd,20,0,18.3171,21,21,1,0.7355,,0.000 0.000 0.000 0.000 0.000 0.000 0.000 0.000 0.000 0.000 0.000 0.000 0.000 0.000 0.000 0.000 0.000 0.000 0.000 0.000 0.000 0.646 0.888 0.736 0.681 0.758 0.777 0.805 0.754 0.771 0.814 0.816 0.776 0.823 0.869 0.757 0.762 0.739 0.736 0.749 0.723 0.694 0.739 0.757 0.747
0003,1,fwd,21,0,19.6935,21,23,2,0.7896,,0.000 0.000 0.000 0.000 0.000 0.000 0.000 0.000 0.000 0.000 0.000 0.000 0.000 0.000 0.000 0.000 0.000 0.000 0.000 0.000 0.000 0.056 0.073 1.264 0.990 0.929 0.865 1.018 0.968 0.911 0.963 0.952 0.918 0.872 0.935 0.826 0.838 0.813 0.791 0.799 0.768 0.763 0.790 0.810 0.783
0003,1,fwd,22,0,19.106,21,24,2,0.8347,0.1076,0.000 0.000 0.000 0.000 0.000 0.000 0.000 0.000 0.000 0.000 0.000 0.000 0.000 0.000 0.000 0.000 0.000 0.000 0.000 0.000 0.000 0.090 0.055 0.047 1.075 0.951 0.935 0.924 0.950 0.942 0.959 0.987 0.938 0.941 0.948 0.833 0.853 0.916 0.825 0.844 0.770 0.850 0.842 0.823 0.808
0003,1,fwd,23,0,19.0437,21,25,2,0.8769,0.0544,0.000 0.000 0.000 0.000 0.000 0.000 0.000 0.000 0.000 0.000 0.000 0.000 0.000 0.000 0.000 0.000 0.000 0.000 0.000 0.000 0.000 0.055 0.041 0.029 0.025 0.972 1.047 0.984 0.973 1.024 1.010 1.069 1.029 0.960 1.045 0.869 0.897 0.962 0.886 0.903 0.820 0.868 0.886 0.860 0.829
0003,1,fwd,24,0,18.8611,21,25,1,0.8848,0.0465,0.000 0.000 0.000 0.000 0.000 0.000 0.000 0.000 0.000 0.000 0.000 0.000 0.000 0.000 0.000 0.000 0.000 0.000 0.000 0.000 0.000 0.052 0.040 0.031 0.027 0.823 0.997 0.922 0.957 1.031 1.014 1.062 1.018 0.963 1.047 0.882 0.917 0.946 0.926 0.905 0.846 0.845 0.904 0.878 0.828
0007,0,cam_r,1,0,215.442,0,2,1,4.9366,,0.000 -0.074 5.006 5.392 5.286 4.931 5.130 5.322 5.229 4.738 5.063 5.175 5.031 4.988 4.956 5.050 4.995 5.006 5.035 5.183 5.184 4.821 4.867 4.997 4.907 5.068 4.989 4.966 4.935 4.988 4.852 4.949 4.844 5.091 5.046 5.022 4.981 4.887 4.929 4.989 4.849 4.909 4.961 5.001 4.968
0007,0,cam_r,2,0,210.6858,0,3,1,4.9283,-0.0866,0.000 -0.427 0.018 5.672 5.128 4.666 4.883 5.206 5.249 4.897 5.149 5.111 5.008 5.074 5.108 5.098 5.084 5.095 5.083 5.157 5.119 4.889 4.897 4.945 4.955 5.080 4.982 5.074 5.013 5.066 4.911 4.999 4.966 5.024 5.101 5.017 4.961 4.963 4.946 4.919 4.870 4.957 4.884 4.970 4.917
0007,0,cam_r,3,0,203.8337,0,4,1,4.92,0.016,0.000 0.086 0.071 0.048 4.890 4.979 5.111 5.088 5.254 4.917 5.145 5.155 4.885 5.124 5.090 5.052 4.978 5.005 4.935 5.107 5.042 4.778 4.848 4.929 4.763 4.925 4.900 5.009 4.877 5.053 4.869 4.989 4.869 4.991 4.853 5.020 4.837 4.981 4.913 4.859 4.828 4.996 4.929 4.960 4.893
0007,0,cam_r,4,0,199.9874,0,5,1,4.9216,0.0047,0.000 0.019 0.029 0.021 0.016 5.341 4.872 4.718 4.746 5.124 5.200 5.244 5.064 5.251 5.130 5.232 5.104 4.968 5.038 5.228 5.144 4.729 4.816 5.009 4.750 4.970 4.891 5.060 4.931 5.109 4.931 4.975 4.908 5.057 5.011 5.005 4.973 5.011 4.943 4.891 4.873 4.924 4.885 4.979 4.868
0007,0,cam_r,5,0,195.4504,0,6,1,4.8669,0.0022,0.000 0.006 0.016 0.011 0.010 0.108 5.486 5.140 4.982 4.838 5.098 5.213 5.045 5.028 5.116 5.191 5.085 4.876 4.966 5.169 5.131 4.914 5.013 5.158 5.041 5.015 4.993 5.119 5.010 5.100 5.077 5.096 4.891 5.033 4.977 4.783 4.780 4.882 4.829 4.874 4.848 4.940 4.835 4.920 4.807
0007,0,cam_r,6,0,190.0786,0,6,0,4.9369,-0.0039,0.000 -0.043 -0.025 -0.017 -0.020 0.009 3.030 3.690 3.775 5.197 4.999 5.109 4.856 5.156 5.029 5.126 4.973 4.920 4.986 5.115 5.032 4.877 4.872 5.027 4.874 5.042 4.951 4.971 4.946 5.088 5.058 5.111 4.992 5.002 5.037 4.925 4.915 4.988 4.972 4.872 4.831 5.039 4.972 4.926 4.894
0007,0,cam_r,7,0,180.3517,0,8,1,4.8658,0.0027,0.000 -0.013 -0.001 0.003 0.002 0.030 0.059 0.068 3.975 4.805 5.139 5.057 4.915 5.248 5.048 5.120 5.064 4.959 5.035 5.218 5.087 4.679 4.669 4.734 4.621 4.755 4.568 4.798 4.701 4.813 4.857 4.974 4.845 4.895 4.923 4.945 4.831 4.962 4.829 4.860 4.772 4.922 4.853 4.898 4.831
0007,0,cam_r,8,0,176.7981,9,9,1,4.8524,,0.000 -0.000 -0.000 -0.000 -0.000 -0.000 -0.000 -0.000 -0.000 3.808 5.210 5.050 4.851 5.301 5.048 5.036 4.954 4.882 4.953 5.170 5.114 4.681 4.844 4.994 4.925 5.017 4.918 4.959 4.845 4.885 4.812 4.927 4.868 5.075 5.003 4.946 4.903 4.868 4.832 4.874 4.814 4.887 4.780 4.936 4.828
0007,0,cam_r,9,0,173.7704,9,10,1,4.8616,,0.000 -0.000 -0.000 -0.000 -0.000 -0.000 -0.000 -0.000 -0.000 0.209 5.063 5.308 5.146 4.958 5.115 5.237 5.031 4.956 4.957 5.169 5.038 4.561 4.925 4.999 4.920 4.903 4.866 4.960 4.892 4.914 4.854 4.967 4.900 5.067 5.044 5.019 4.899 4.915 4.848 4.897 4.800 4.904 4.757 4.921 4.851
0007,0,cam_r,10,0,167.7077,9,11,1,4.8793,-0.0562,0.000 -0.000 -0.000 -0.000 -0.000 -0.000 -0.000 -0.000 -0.000 -0.274 0.021 5.065 5.064 4.424 4.710 5.324 5.099 4.903 5.001 5.110 5.137 4.544 4.873 4.898 4.843 4.964 4.971 4.953 4.904 5.071 5.008 4.833 4.860 5.132 5.162 5.062 5.011 5.062 4.939 4.916 4.843 4.939 4.740 4.818 4.777
0007,0,cam_r,11,0,161.6465,9,13,2,4.9562,0.0025,0.000 -0.000 -0.000 -0.000 -0.000 -0.000 -0.000 -0.000 -0.000 0.016 0.009 -0.004 -0.010 5.813 5.121 5.048 4.878 5.298 5.064 5.175 5.136 4.802 5.009 5.040 4.991 5.079 5.011 5.100 4.993 5.096 5.019 5.083 4.929 5.030 5.142 5.058 5.069 5.171 5.006 4.914 4.855 4.999 4.903 4.890 4.912
0007,0,cam_r,12,0,160.5125,9,13,1,4.9537,0.0015,0.000 -0.000 -0.000 -0.000 -0.000 -0.000 -0.000 -0.000 -0.000 0.013 0.007 0.002 -0.002 4.044 5.190 5.209 4.971 5.232 5.160 5.294 5.242 4.781 5.042 5.123 5.032 5.023 5.071 5.158 5.066 5.049 5.036 5.078 4.960 4.932 5.103 5.022 5.047 5.080 5.019 4.947 4.920 4.959 4.942 4.924 4.840
0007,0,cam_r,13,0,156.2158,9,14,1,4.9028,-0.0005,0.000 -0.000 -0.000 -0.000 -0.000 -0.000 -0.000 -0.000 -0.000 -0.004 -0.003 -0.002 -0.001 0.257 5.247 5.186 5.117 5.106 5.159 5.278 5.181 4.626 4.965 5.154 5.096 4.967 5.066 5.182 5.030 5.056 5.039 5.125 4.960 5.081 5.110 4.996 5.017 5.067 5.047 4.863 4.847 4.983 4.847 4.826 4.742
0007,0,cam_r,14,0,151.0436,9,15,1,5.0055,-0.0012,0.000 -0.000 -0.000 -0.000 -0.000 -0.000 -0.000 -0.000 -0.000 -0.017 -0.011 -0.008 -0.005 0.011 0.154 5.745 5.139 4.808 4.925 5.355 5.236 4.645 4.898 5.008 4.927 5.034 4.962 5.077 4.971 5.017 4.958 5.041 4.921 5.009 5.163 5.010 5.027 5.101 5.120 5.019 4.957 5.036 4.981 4.918 4.912
0007,0,cam_r,15,0,144.2611,9,16,1,4.9946,0.0011,0.000 -0.000 -0.000 -0.000 -0.000 -0.000 -0.000 -0.000 -0.000 -0.015 -0.009 -0.008 -0.010 0.040 0.035 0.039 4.811 4.673 4.901 4.964 5.200 4.632 4.906 4.985 4.925 5.067 5.031 5.107 4.993 4.992 4.981 5.060 4.900 4.986 5.079 5.050 4.988 5.083 5.013 4.998 4.981 5.078 4.936 4.991 4.878
0007,0,cam_r,16,0,139.0548,9,17,1,4.9798,0.0006,0.000 -0.000 -0.000 -0.000 -0.000 -0.000 -0.000 -0.000 -0.000 -0.007 -0.006 -0.007 -0.009 0.033 0.011 0.007 0.001 5.037 4.946 5.008 4.935 4.679 4.873 5.024 4.896 4.985 4.959 5.114 4.917 4.930 4.944 5.062 4.858 4.909 5.060 5.022 5.037 5.053 4.970 4.944 5.011 5.157 4.969 4.893 4.841
0007,0,cam_r,17,0,134.8934,9,18,1,4.9446,0.0006,0.000 -0.000 -0.000 -0.000 -0.000 -0.000 -0.000 -0.000 -0.000 -0.004 -0.003 -0.005 -0.004 0.025 0.007 0.006 0.002 0.238 5.367 5.295 5.176 4.439 4.809 5.136 4.979 4.893 5.002 5.203 4.964 4.837 4.936 4.999 4.829 5.029 5.117 5.066 4.999 5.013 4.929 4.901 4.943 5.043 4.939 4.950 4.837
0007,0,cam_r,18,0,128.0444,9,18,0,4.9232,0.0024,0.000 -0.000 -0.000 -0.000 -0.000 -0.000 -0.000 -0.000 -0.000 -0.020 -0.014 -0.011 -0.007 0.006 -0.005 -0.001 -0.001 0.158 3.205 4.173 4.527 4.397 4.556 4.951 4.749 4.891 4.755 4.972 4.765 4.654 4.787 4.897 4.743 4.748 4.962 4.930 4.893 4.999 4.884 4.862 4.842 5.119 4.919 4.895 4.864
0007,0,cam_r,19,0,117.7626,9,20,1,4.7578,-0.0003,0.000 -0.000 -0.000 -0.000 -0.000 -0.000 -0.000 -0.000 -0.000 -0.002 -0.002 -0.003 -0.006 0.009 0.001 0.000 -0.002 -0.019 0.011 0.021 4.740 3.837 4.124 4.722 4.790 4.927 4.734 4.915 4.801 4.715 4.728 4.909 4.850 4.615 4.742 4.774 4.772 4.835 4.771 4.833 4.728 4.829 4.658 4.761 4.647
0007,0,cam_r,20,0,109.8772,21,21,1,4.8219,,0.000 -0.000 -0.000 -0.000 -0.000 -0.000 -0.000 -0.000 -0.000 -0.000 -0.000 -0.000 -0.000 -0.000 -0.000 -0.000 -0.000 -0.000 -0.000 -0.000 -0.000 2.891 4.529 4.384 4.227 4.804 4.565 4.612 4.453 4.267 4.499 4.666 4.568 4.565 4.761 4.780 4.729 4.869 4.763 4.863 4.844 4.920 4.738 4.779 4.800
0007,0,cam_r,21,0,105.3913,21,22,1,4.7961,,0.000 -0.000 -0.000 -0.000 -0.000 -0.000 -0.000 -0.000 -0.000 -0.000 -0.000 -0.000 -0.000 -0.000 -0.000 -0.000 -0.000 -0.000 -0.000 -0.000 -0.000 0.001 4.199 4.546 4.407 4.277 4.581 4.695 4.472 4.057 4.332 4.510 4.370 4.496 4.712 4.719 4.649 4.754 4.689 4.893 4.814 4.922 4.764 4.777 4.755
0007,0,cam_r,22,0,101.1879,21,24,2,4.8314,0.0171,0.000 -0.000 -0.000 -0.000 -0.000 -0.000 -0.000 -0.000 -0.000 -0.000 -0.000 -0.000 -0.000 -0.000 -0.000 -0.000 -0.000 -0.000 -0.000 -0.000 -0.000 0.082 0.158 0.077 5.464 4.796 4.731 4.713 4.838 4.690 4.751 4.784 4.635 4.543 4.746 4.806 4.723 4.958 4.720 4.808 4.794 4.976 4.845 4.818 4.731
0007,0,cam_r,23,0,99.3672,21,25,2,4.8561,-0.0004,0.000 -0.000 -0.000 -0.000 -0.000 -0.000 -0.000 -0.000 -0.000 -0.000 -0.000 -0.000 -0.000 -0.000 -0.000 -0.000 -0.000 -0.000 -0.000 -0.000 -0.000 0.002 -0.006 -0.009 -0.014 5.479 5.060 5.185 4.930 5.016 4.971 5.194 4.972 4.811 5.034 4.950 4.944 4.933 4.849 4.863 4.859 4.909 4.795 4.865 4.777
0007,0,cam_r,24,0,96.3182,21,25,1,4.8445,0.001,0.000 -0.000 -0.000 -0.000 -0.000 -0.000 -0.000 -0.000 -0.000 -0.000 -0.000 -0.000 -0.000 -0.000 -0.000 -0.000 -0.000 -0.000 -0.000 -0.000 -0.000 0.014 0.002 -0.001 -0.003 2.794 5.406 5.300 4.935 4.824 4.939 5.087 4.865 4.621 4.903 4.974 4.906 4.832 4.872 4.887 4.873 4.835 4.841 4.883 4.732
0007,0,fwd,1,0,42.2508,0,3,2,1.0347,,0.000 0.020 0.032 1.085 0.863 0.953 0.915 0.931 0.956 0.920 1.092 0.966 0.983 1.036 1.076 0.990 1.019 0.969 1.025 1.022 1.005 0.962 0.993 0.972 0.997 1.015 1.051 1.020 1.026 1.015 0.967 1.023 1.003 1.020 1.090 0.965 1.000 1.069 1.048 1.036 1.047 0.982 1.010 1.058 1.029
0007,0,fwd,2,0,43.0627,0,4,2,1.1003,0.0463,0.000 0.051 0.045 0.058 0.950 0.901 0.874 0.883 0.953 0.928 1.141 1.054 1.004 1.100 1.109 1.039 1.063 0.981 1.049 1.079 1.069 1.024 1.044 1.037 1.043 1.062 1.105 1.072 1.055 1.066 1.057 1.078 1.080 1.042 1.110 1.010 1.048 1.115 1.114 1.092 1.098 1.092 1.071 1.134 1.086
0007,0,fwd,3,0,42.2391,0,5,2,1.0998,0.0424,0.000 0.044 0.049 0.045 0.038 0.923 0.970 0.942 0.883 0.964 1.109 1.045 1.027 1.079 1.110 1.047 1.077 0.987 1.083 1.060 1.088 1.027 1.056 1.047 1.030 1.091 1.107 1.076 1.071 1.056 1.029 1.051 1.036 1.062 1.097 0.999 1.036 1.103 1.068 1.070 1.100 1.104 1.123 1.133 1.096
0007,0,fwd,4,0,42.5952,0,5,1,1.0855,0.0263,0.000 0.030 0.030 0.026 0.019 0.880 0.984 0.962 0.911 1.031 1.154 1.091 1.076 1.123 1.152 1.098 1.137 1.014 1.111 1.121 1.126 1.037 1.061 1.043 1.051 1.082 1.126 1.079 1.073 1.051 1.031 1.053 1.029 1.033 1.081 0.988 1.020 1.091 1.056 1.057 1.075 1.106 1.103 1.114 1.084
0007,0,fwd,5,0,47.735,0,7,2,1.1857,0.0142,0.000 0.026 0.020 0.012 0.009 0.076 0.111 1.606 1.841 1.294 1.383 1.328 1.322 1.322 1.447 1.263 1.317 1.246 1.335 1.287 1.303 1.144 1.189 1.178 1.161 1.204 1.246 1.202 1.182 1.163 1.129 1.168 1.159 1.118 1.192 1.126 1.139 1.222 1.185 1.167 1.194 1.161 1.166 1.219 1.172
0007,0,fwd,6,0,35.1334,0,9,3,1.1063,0.0004,0.000 0.000 0.000 0.001 -0.000 0.000 0.002 0.003 0.002 0.685 1.007 0.751 0.667 0.697 0.775 0.825 0.819 0.791 0.836 0.910 0.873 1.015 0.992 0.952 0.953 0.997 1.063 1.000 1.013 1.056 1.018 1.054 1.044 1.126 1.190 1.065 1.102 1.124 1.135 1.107 1.102 1.096 1.093 1.116 1.078
0007,0,fwd,7,0,34.9091,0,9,2,1.1044,0.0002,0.000 0.001 -0.000 0.000 -0.001 0.000 0.000 0.000 0.002 0.665 0.994 0.740 0.653 0.680 0.762 0.814 0.817 0.792 0.848 0.908 0.879 0.987 0.977 0.929 0.932 0.987 1.044 0.996 1.005 1.052 1.018 1.046 1.034 1.146 1.197 1.071 1.097 1.110 1.121 1.112 1.091 1.102 1.087 1.135 1.078
0007,0,fwd,8,0,33.7725,9,9,1,1.0737,,0.000 0.000 0.000 0.000 0.000 0.000 0.000 0.000 0.000 0.608 0.939 0.716 0.622 0.641 0.729 0.793 0.799 0.785 0.840 0.893 0.872 0.941 0.933 0.896 0.894 0.952 1.021 0.947 0.976 1.029 0.992 1.002 1.013 1.085 1.149 1.054 1.063 1.085 1.092 1.099 1.075 1.039 1.049 1.111 1.039
0007,0,fwd,9,0,36.0748,9,11,2,1.1802,,0.000 0.000 0.000 0.000 0.000 0.000 0.000 0.000 0.000 0.068 0.081 1.130 0.785 0.671 0.786 0.909 0.899 0.867 0.969 0.989 0.987 0.992 1.026 0.988 0.987 1.068 1.108 1.056 1.070 1.137 1.091 1.102 1.103 1.211 1.237 1.151 1.165 1.196 1.184 1.177 1.168 1.162 1.182 1.212 1.161
0007,0,fwd,10,0,34.9857,9,12,2,1.202,0.0816,0.000 0.000 0.000 0.000 0.000 0.000 0.000 0.000 0.000 0.098 0.059 0.022 0.684 0.673 0.837 0.819 0.845 0.827 0.942 1.023 0.965 0.929 0.984 0.999 0.990 1.070 1.128 1.051 1.077 1.145 1.092 1.114 1.111 1.228 1.277 1.166 1.210 1.233 1.231 1.223 1.200 1.162 1.177 1.225 1.165
0007,0,fwd,11,0,35.4435,9,13,2,1.2373,0.0493,0.000 0.000 0.000 0.000 0.000 0.000 0.000 0.000 0.000 0.063 0.059 0.059 0.238 0.680 0.892 0.841 0.811 0.916 0.981 1.054 1.013 0.971 1.015 1.021 0.998 1.104 1.149 1.077 1.102 1.163 1.121 1.145 1.139 1.236 1.303 1.181 1.214 1.263 1.238 1.246 1.232 1.233 1.228 1.261 1.197
0007,0,fwd,12,0,35.538,9,13,1,1.2342,0.0407,0.000 0.000 0.000 0.000 0.000 0.000 0.000 0.000 0.000 0.061 0.050 0.040 0.036 0.576 0.874 0.820 0.758 0.942 0.982 1.051 1.035 1.030 1.071 1.049 1.050 1.140 1.183 1.116 1.144 1.191 1.150 1.175 1.155 1.275 1.322 1.194 1.195 1.277 1.256 1.258 1.215 1.221 1.202 1.258 1.187
0007,0,fwd,13,0,34.8269,9,15,2,1.2554,0.0072,0.000 0.000 0.000 0.000 0.000 0.000 0.000 0.000 0.000 0.015 0.012 0.004 0.006 0.028 0.086 1.347 0.924 0.833 0.912 1.044 1.045 1.033 1.095 1.034 1.061 1.156 1.195 1.121 1.129 1.203 1.157 1.165 1.171 1.270 1.334 1.184 1.221 1.263 1.263 1.236 1.269 1.258 1.247 1.279 1.229
0007,0,fwd,14,0,33.6584,9,16,2,1.2564,0.0095,0.000 0.000 0.000 0.000 0.000 0.000 0.000 0.000 0.000 0.011 0.008 0.005 0.005 0.031 0.035 0.021 1.174 0.767 0.899 0.934 1.125 1.013 1.101 1.081 1.038 1.187 1.209 1.134 1.153 1.231 1.176 1.192 1.147 1.225 1.306 1.182 1.215 1.251 1.238 1.242 1.263 1.300 1.251 1.281 1.226
0007,0,fwd,15,0,32.4141,9,16,1,1.2337,0.0022,0.000 0.000 0.000 0.000 0.000 0.000 0.000 0.000 0.000 0.000 0.002 0.001 0.003 -0.006 0.016 0.003 0.398 0.841 0.915 0.957 1.046 0.999 1.068 1.093 1.029 1.165 1.192 1.131 1.136 1.161 1.129 1.171 1.161 1.239 1.311 1.178 1.208 1.255 1.242 1.223 1.251 1.233 1.232 1.254 1.180
0007,0,fwd,16,0,31.7468,9,17,1,1.1915,0.0084,0.000 0.000 0.000 0.000 0.000 0.000 0.000 0.000 0.000 0.004 0.004 0.003 0.003 0.020 0.019 0.018 0.020 0.654 0.885 0.929 1.010 1.089 1.078 1.118 1.102 1.169 1.203 1.154 1.173 1.177 1.131 1.203 1.188 1.193 1.300 1.175 1.192 1.229 1.205 1.204 1.189 1.215 1.171 1.182 1.137
0007,0,fwd,17,0,33.8791,9,18,1,1.2949,0.0041,0.000 0.000 0.000 0.000 0.000 0.000 0.000 0.000 0.000 0.005 0.003 0.002 0.002 0.010 0.007 0.007 0.007 0.053 0.648 1.302 1.434 1.350 1.174 1.219 1.189 1.219 1.272 1.267 1.232 1.273 1.232 1.302 1.261 1.243 1.339 1.216 1.252 1.324 1.288 1.289 1.298 1.312 1.299 1.300 1.250
0007,0,fwd,18,0,27.0279,9,20,2,1.1056,-0.0007,0.000 0.000 0.000 0.000 0.000 0.000 0.000 0.000 0.000 -0.001 -0.000 -0.001 -0.000 -0.007 0.000 -0.000 0.003 -0.000 0.019 -0.027 1.567 1.003 1.055 1.024 0.917 0.971 1.032 1.023 0.987 1.058 1.021 1.095 1.062 1.119 1.191 1.033 1.041 1.124 1.106 1.089 1.076 1.118 1.122 1.132 1.078
0007,0,fwd,19,0,19.4617,9,21,2,0.9277,0.0001,0.000 0.000 0.000 0.000 0.000 0.000 0.000 0.000 0.000 0.001 0.002 -0.001 0.001 0.000 0.000 0.000 0.000 -0.003 0.001 -0.001 -0.002 0.623 0.812 0.633 0.539 0.615 0.689 0.756 0.672 0.763 0.735 0.787 0.797 0.894 1.011 0.832 0.884 0.900 0.911 0.901 0.906 0.955 0.966 0.960 0.922
0007,0,fwd,20,0,19.2734,21,21,1,0.9208,,0.000 0.000 0.000 0.000 0.000 0.000 0.000 0.000 0.000 0.000 0.000 0.000 0.000 0.000 0.000 0.000 0.000 0.000 0.000 0.000 0.000 0.603 0.789 0.618 0.531 0.604 0.683 0.746 0.667 0.759 0.736 0.784 0.797 0.878 1.006 0.825 0.881 0.897 0.926 0.894 0.905 0.932 0.959 0.947 0.906
0007,0,fwd,21,0,20.7081,21,23,2,1.0211,,0.000 0.000 0.000 0.000 0.000 0.000 0.000 0.000 0.000 0.000 0.000 0.000 0.000 0.000 0.000 0.000 0.000 0.000 0.000 0.000 0.000 0.098 0.099 1.069 0.735 0.707 0.711 0.914 0.798 0.870 0.873 0.896 0.908 0.919 1.077 0.905 0.959 0.996 1.007 0.983 1.013 1.051 1.046 1.055 1.017
0007,0,fwd,22,0,19.8894,21,24,2,1.0081,0.1716,0.000 0.000 0.000 0.000 0.000 0.000 0.000 0.000 0.000 0.000 0.000 0.000 0.000 0.000 0.000 0.000 0.000 0.000 0.000 0.000 0.000 0.173 0.111 0.060 0.991 0.655 0.769 0.805 0.797 0.857 0.894 0.971 0.940 0.897 1.048 0.899 0.959 0.971 0.990 0.990 1.000 1.016 1.047 1.041 1.009
0007,0,fwd,23,0,19.6202,21,24,1,1.0386,0.0861,0.000 0.000 0.000 0.000 0.000 0.000 0.000 0.000 0.000 0.000 0.000 0.000 0.000 0.000 0.000 0.000 0.000 0.000 0.000 0.000 0.000 0.103 0.076 0.076 0.234 0.711 0.756 0.824 0.743 0.920 0.923 1.015 0.969 0.947 1.089 0.932 0.991 1.015 1.027 1.035 1.032 1.064 1.063 1.051 1.021
0007,0,fwd,24,0,19.9109,21,25,1,1.0733,0.049,0.000 0.000 0.000 0.000 0.000 0.000 0.000 0.000 0.000 0.000 0.000 0.000 0.000 0.000 0.000 0.000 0.000 0.000 0.000 0.000 0.000 0.072 0.046 0.040 0.035 0.650 0.792 0.864 0.758 0.973 0.939 1.041 0.997 0.990 1.136 0.970 1.021 1.054 1.047 1.062 1.050 1.110 1.096 1.100 1.067
0007,1,cam_r,1,0,214.7705,0,2,1,4.967,,0.000 -0.064 5.057 5.386 5.228 4.864 5.058 5.221 5.126 4.859 5.035 5.137 4.990 5.069 5.103 5.095 5.042 5.013 5.049 5.098 5.082 4.860 4.858 4.963 4.898 4.998 4.956 4.913 4.849 4.966 4.869 4.920 4.885 4.903 4.905 4.910 4.935 4.905 4.948 4.984 4.945 4.946 4.996 4.990 5.022
0007,1,cam_r,2,0,208.8659,0,3,1,4.8339,-0.0849,0.000 -0.410 0.039 5.955 5.166 4.644 4.914 5.256 5.263 4.807 5.156 5.057 4.990 5.069 5.131 5.062 5.097 4.984 5.053 5.036 5.098 4.831 4.921 4.918 4.955 5.057 4.954 4.984 4.960 5.037 4.873 4.940 4.918 4.895 4.939 4.883 4.760 4.859 4.799 4.850 4.796 4.872 4.768 4.840 4.886
0007,1,cam_r,3,0,206.6135,0,4,1,5.0062,0.02,0.000 0.113 0.088 0.071 5.087 4.833 5.114 5.083 5.270 4.877 5.095 5.090 4.924 5.164 5.182 5.115 5.056 4.996 5.015 5.109 5.065 4.996 5.018 5.004 4.911 5.033 5.013 5.084 5.016 5.108 5.040 5.063 5.044 5.021 4.886 5.034 4.947 4.985 4.998 5.031 4.968 5.085 4.954 5.008 5.021
0007,1,cam_r,4,0,199.4406,0,5,1,4.9772,0.0049,0.000 0.023 0.030 0.020 0.016 5.335 4.834 4.677 4.690 5.129 5.147 5.163 4.968 5.207 5.165 5.190 5.122 4.941 5.000 5.093 5.031 4.727 4.787 4.937 4.854 4.938 4.859 4.967 4.935 5.124 4.972 5.017 4.999 4.906 4.923 4.982 4.916 5.013 4.976 4.967 4.982 4.981 4.959 4.978 4.960
0007,1,cam_r,5,0,192.171,0,6,1,4.9174,0.0015,0.000 0.002 0.010 0.010 0.008 0.118 5.363 5.058 4.905 4.893 5.079 5.171 5.009 5.067 5.126 5.200 5.080 4.868 4.902 5.005 4.956 4.643 4.724 4.835 4.754 4.715 4.687 4.845 4.846 4.944 4.900 4.983 4.909 4.758 4.782 4.875 4.803 4.974 4.845 4.880 4.904 4.973 4.874 4.959 4.929
0007,1,cam_r,6,0,188.3397,0,7,1,4.939,0.0005,0.000 -0.008 -0.005 -0.003 -0.006 0.036 0.508 5.327 4.427 4.972 5.029 5.128 4.860 5.079 5.080 5.057 5.008 4.861 4.954 5.071 4.954 4.742 4.809 4.917 4.823 4.974 4.841 4.824 4.864 5.065 5.022 5.024 5.021 4.890 4.918 4.891 4.874 4.919 4.843 4.939 4.936 4.989 4.945 4.981 4.961
0007,1,cam_r,7,0,181.1236,0,8,1,4.9113,-0.0034,0.000 -0.025 -0.011 -0.002 -0.004 -0.053 -0.006 -0.050 3.672 4.797 5.053 5.030 4.819 5.275 5.118 5.103 5.060 4.962 4.963 5.162 5.040 4.551 4.697 4.873 4.770 4.913 4.832 4.937 4.832 4.959 4.997 5.094 5.041 4.789 4.880 4.933 4.833 4.849 4.864 4.878 4.896 4.908 4.960 4.980 4.956
0007,1,cam_r,8,0,177.2889,9,9,1,4.9156,,0.000 -0.000 -0.000 -0.000 -0.000 -0.000 -0.000 -0.000 -0.000 3.857 5.039 4.948 4.735 5.299 5.044 5.030 4.916 4.890 4.924 5.132 5.066 4.698 4.872 4.907 4.915 5.027 4.962 4.969 4.913 5.022 4.961 5.064 5.023 4.950 4.953 4.988 4.862 4.894 4.840 4.986 4.930 4.921 4.873 4.985 4.897
0007,1,cam_r,9,0,175.4477,9,10,1,4.9552,,0.000 -0.000 -0.000 -0.000 -0.000 -0.000 -0.000 -0.000 -0.000 0.251 5.004 5.261 5.174 4.986 5.112 5.228 5.040 4.947 4.916 5.210 5.094 4.637 4.895 4.997 4.953 5.004 4.925 5.060 4.981 5.046 4.977 5.039 5.044 4.983 5.052 5.042 4.949 4.947 4.985 5.034 4.904 4.942 4.883 4.969 4.977
0007,1,cam_r,10,0,168.1203,9,11,1,4.9575,-0.0481,0.000 -0.000 -0.000 -0.000 -0.000 -0.000 -0.000 -0.000 -0.000 -0.239 0.054 4.917 4.936 4.475 4.617 5.237 5.019 4.920 4.909 5.062 5.054 4.708 4.851 4.942 4.905 5.049 4.925 5.018 4.968 5.243 4.982 4.962 4.963 4.904 5.025 5.058 4.997 5.043 4.991 4.979 4.984 4.973 4.849 4.973 4.869
0007,1,cam_r,11,0,161.2279,9,13,2,4.9708,0.0049,0.000 -0.000 -0.000 -0.000 -0.000 -0.000 -0.000 -0.000 -0.000 0.029 0.019 0.001 -0.008 5.758 5.089 5.088 4.851 5.289 4.973 5.196 5.119 4.803 4.960 5.013 4.967 5.033 5.002 5.093 5.001 5.102 5.051 5.106 5.049 4.830 4.989 5.033 5.024 5.076 5.035 4.940 4.905 5.023 4.898 4.960 4.928
0007,1,cam_r,12,0,160.25,9,13,1,4.9941,0.0015,0.000 -0.000 -0.000 -0.000 -0.000 -0.000 -0.000 -0.000 -0.000 0.012 0.009 0.002 -0.004 4.477 4.918 5.083 4.851 5.284 5.032 5.211 5.167 4.780 4.935 5.005 4.990 5.050 5.032 5.117 5.014 5.114 5.055 5.140 5.000 4.936 5.022 5.047 5.020 5.095 5.028 4.992 4.936 5.069 4.900 4.994 4.940
0007,1,cam_r,13,0,156.1679,9,14,1,4.9606,0.0005,0.000 -0.000 -0.000 -0.000 -0.000 -0.000 -0.000 -0.000 -0.000 0.004 0.004 0.000 0.001 0.260 5.226 5.283 5.163 5.188 5.185 5.315 5.237 4.496 4.849 5.090 5.036 4.923 4.979 5.150 4.985 5.064 5.012 5.145 4.993 4.924 4.951 5.030 4.987 5.011 5.010 5.033 4.944 4.969 4.875 4.954 4.888
0007,1,cam_r,14,0,151.2486,9,15,1,5.0352,-0.0003,0.000 -0.000 -0.000 -0.000 -0.000 -0.000 -0.000 -0.000 -0.000 -0.016 -0.008 -0.008 -0.005 0.030 0.188 5.695 5.154 4.917 4.981 5.396 5.314 4.552 4.882 4.993 4.920 5.082 4.933 5.013 4.916 5.052 4.951 5.052 4.983 4.920 5.054 4.979 5.048 5.099 5.109 5.068 5.075 5.028 4.909 4.982 5.011
0007,1,cam_r,15,0,143.7866,9,16,1,5.0465,0.0014,0.000 -0.000 -0.000 -0.000 -0.000 -0.000 -0.000 -0.000 -0.000 -0.008 -0.004 -0.006 -0.008 0.034 0.034 0.033 4.830 4.715 4.940 5.038 5.302 4.534 4.841 4.898 4.818 5.039 4.911 5.026 4.874 4.980 4.925 5.025 4.921 4.784 4.946 5.046 4.948 4.995 5.043 5.075 5.073 5.126 5.018 5.078 4.964
0007,1,cam_r,16,0,139.5161,9,17,1,5.0134,0.0008,0.000 -0.000 -0.000 -0.000 -0.000 -0.000 -0.000 -0.000 -0.000 -0.008 -0.007 -0.007 -0.008 0.035 0.013 0.009 0.003 5.041 4.965 5.071 4.975 4.670 4.847 4.993 4.881 5.114 4.982 5.090 4.914 4.971 4.920 5.076 4.952 4.908 4.954 5.021 5.035 5.005 4.955 5.045 5.076 5.191 4.942 4.950 4.942
0007,1,cam_r,17,0,135.4531,9,18,1,5.0222,0.0,0.000 -0.000 -0.000 -0.000 -0.000 -0.000 -0.000 -0.000 -0.000 -0.008 -0.007 -0.005 -0.005 0.017 0.005 0.004 0.000 0.227 5.299 5.373 5.286 4.469 4.794 5.143 4.931 4.935 4.970 5.134 4.935 4.844 4.957 5.092 4.906 4.866 5.014 5.071 5.027 4.969 4.989 5.019 5.070 5.120 5.031 5.037 4.942
0007,1,cam_r,18,0,129.8467,9,18,0,4.9764,0.0022,0.000 -0.000 -0.000 -0.000 -0.000 -0.000 -0.000 -0.000 -0.000 -0.021 -0.014 -0.009 -0.007 0.005 -0.002 -0.000 -0.000 0.147 3.049 4.394 4.703 4.439 4.607 4.972 4.780 5.013 4.874 5.036 4.843 4.811 4.937 5.003 4.896 4.719 4.920 4.978 4.962 4.970 4.946 4.930 4.982 5.138 4.969 4.964 4.912
0007,1,cam_r,19,0,121.3127,9,20,1,4.9119,0.0004,0.000 -0.000 -0.000 -0.000 -0.000 -0.000 -0.000 -0.000 -0.000 0.001 0.000 -0.004 -0.007 0.010 0.003 0.002 -0.003 -0.003 0.018 0.037 5.263 4.214 4.711 4.760 4.719 4.937 4.836 4.846 4.814 4.816 4.890 5.039 4.917 4.687 4.829 4.851 4.834 4.956 4.922 4.902 4.877 5.020 4.855 4.912 4.852
0007,1,cam_r,20,0,112.7279,21,21,1,4.926,,0.000 -0.000 -0.000 -0.000 -0.000 -0.000 -0.000 -0.000 -0.000 -0.000 -0.000 -0.000 -0.000 -0.000 -0.000 -0.000 -0.000 -0.000 -0.000 -0.000 -0.000 2.998 4.672 4.508 4.369 4.885 4.718 4.699 4.559 4.373 4.708 4.860 4.838 4.631 4.826 4.866 4.810 4.940 4.877 4.974 4.962 5.041 4.821 4.876 4.916
0007,1,cam_r,21,0,107.9961,21,22,1,4.868,,0.000 -0.000 -0.000 -0.000 -0.000 -0.000 -0.000 -0.000 -0.000 -0.000 -0.000 -0.000 -0.000 -0.000 -0.000 -0.000 -0.000 -0.000 -0.000 -0.000 -0.000 0.019 4.417 4.664 4.517 4.446 4.745 4.800 4.543 4.203 4.592 4.741 4.575 4.550 4.739 4.779 4.721 4.771 4.790 4.950 4.899 4.976 4.836 4.863 4.859
0007,1,cam_r,22,0,101.5944,21,24,2,4.8392,0.0225,0.000 -0.000 -0.000 -0.000 -0.000 -0.000 -0.000 -0.000 -0.000 -0.000 -0.000 -0.000 -0.000 -0.000 -0.000 -0.000 -0.000 -0.000 -0.000 -0.000 -0.000 0.109 0.197 0.118 5.547 4.861 4.757 4.703 4.834 4.734 4.801 4.875 4.743 4.504 4.678 4.754 4.666 4.910 4.726 4.825 4.800 5.005 4.821 4.841 4.786
0007,1,cam_r,23,0,98.9609,21,25,2,4.8988,0.0001,0.000 -0.000 -0.000 -0.000 -0.000 -0.000 -0.000 -0.000 -0.000 -0.000 -0.000 -0.000 -0.000 -0.000 -0.000 -0.000 -0.000 -0.000 -0.000 -0.000 -0.000 0.006 -0.005 -0.008 -0.010 5.561 4.917 5.053 4.915 4.963 4.941 5.152 4.956 4.636 4.890 4.910 4.893 4.853 4.820 4.881 4.912 4.972 4.879 4.961 4.913
0007,1,cam_r,24,0,96.6624,21,25,1,4.8938,-0.0004,0.000 -0.000 -0.000 -0.000 -0.000 -0.000 -0.000 -0.000 -0.000 -0.000 -0.000 -0.000 -0.000 -0.000 -0.000 -0.000 -0.000 -0.000 -0.000 -0.000 -0.000 -0.000 -0.002 -0.003 -0.004 4.605 4.588 4.877 4.663 4.887 4.862 5.035 4.885 4.577 4.818 4.859 4.865 4.846 4.808 4.893 4.939 4.933 4.887 4.943 4.901
0007,1,fwd,1,0,42.1709,0,3,2,1.0228,,0.000 0.035 0.148 1.062 0.818 0.935 0.888 0.901 0.897 0.944 1.078 0.989 0.969 1.062 1.063 1.010 1.016 0.975 1.022 1.019 1.026 1.006 0.999 0.994 0.992 1.020 1.060 1.005 1.029 1.013 0.980 1.009 0.997 0.968 1.057 0.966 1.038 1.011 1.021 1.032 1.030 0.975 0.995 1.071 1.048
0007,1,fwd,2,0,41.1449,0,4,2,1.0718,0.0025,0.000 0.003 0.042 0.052 0.668 0.841 0.866 0.832 0.849 0.866 1.040 1.017 0.934 1.056 1.053 1.010 1.015 0.976 1.038 1.034 1.023 1.006 1.002 0.995 1.015 1.017 1.076 1.015 1.046 1.010 1.007 1.031 1.045 0.990 1.079 0.986 1.033 1.064 1.064 1.077 1.083 1.036 1.054 1.119 1.078
0007,1,fwd,3,0,41.5198,0,5,2,1.0722,0.0367,0.000 0.037 0.042 0.039 0.027 0.846 0.927 0.891 0.810 0.964 1.073 1.045 0.997 1.058 1.099 1.040 1.066 1.000 1.072 1.060 1.076 1.038 1.038 1.034 1.027 1.086 1.115 1.050 1.086 1.049 1.040 1.038 1.040 1.016 1.088 0.986 1.042 1.036 1.056 1.059 1.092 1.061 1.054 1.121 1.100
0007,1,fwd,4,0,40.7239,0,5,1,1.034,0.0268,0.000 0.027 0.030 0.026 0.021 0.764 0.906 0.891 0.819 1.002 1.075 1.045 0.980 1.034 1.090 1.029 1.055 1.001 1.083 1.060 1.074 1.031 1.041 1.026 1.019 1.049 1.100 1.031 1.058 1.029 1.044 1.020 1.037 0.948 1.049 0.963 0.994 1.016 1.016 1.025 1.034 1.020 1.025 1.088 1.049
0007,1,fwd,5,0,47.5807,0,7,2,1.1857,0.0146,0.000 0.024 0.020 0.015 0.010 0.083 0.109 1.168 1.987 1.306 1.387 1.318 1.305 1.349 1.438 1.278 1.340 1.282 1.354 1.309 1.340 1.126 1.177 1.185 1.183 1.221 1.273 1.195 1.200 1.158 1.135 1.138 1.179 1.096 1.169 1.095 1.143 1.202 1.201 1.191 1.192 1.117 1.184 1.214 1.184
0007,1,fwd,6,0,34.6618,0,9,3,1.0948,0.0021,0.000 0.001 0.001 0.000 0.001 0.009 0.007 0.007 0.012 0.668 0.953 0.757 0.635 0.709 0.784 0.837 0.823 0.802 0.853 0.899 0.871 0.989 0.953 0.936 0.923 0.991 1.039 0.971 0.987 1.021 1.072 1.029 1.033 1.068 1.144 1.039 1.081 1.120 1.079 1.106 1.083 1.081 1.110 1.082 1.097
0007,1,fwd,7,0,33.892,0,9,2,1.0809,0.0003,0.000 0.001 0.000 -0.000 0.001 0.001 -0.000 -0.001 0.001 0.656 0.922 0.711 0.609 0.672 0.750 0.810 0.803 0.775 0.830 0.881 0.853 0.961 0.932 0.912 0.903 0.968 1.029 0.952 0.971 1.005 1.033 1.016 1.028 1.038 1.120 1.036 1.066 1.084 1.099 1.086 1.093 1.041 1.098 1.074 1.072
0007,1,fwd,8,0,33.2624,9,9,1,1.0694,,0.000 0.000 0.000 0.000 0.000 0.000 0.000 0.000 0.000 0.627 0.874 0.699 0.589 0.647 0.731 0.800 0.803 0.756 0.829 0.883 0.857 0.912 0.898 0.878 0.883 0.960 0.998 0.923 0.946 1.005 1.019 0.982 0.994 1.019 1.101 1.022 1.071 1.072 1.084 1.094 1.068 1.024 1.073 1.074 1.065
0007,1,fwd,9,0,35.4017,9,11,2,1.1677,,0.000 0.000 0.000 0.000 0.000 0.000 0.000 0.000 0.000 0.061 0.058 0.980 0.769 0.670 0.767 0.891 0.897 0.838 0.961 0.986 0.987 0.962 1.013 0.986 0.991 1.089 1.120 1.038 1.062 1.088 1.105 1.071 1.089 1.130 1.197 1.111 1.142 1.207 1.186 1.177 1.152 1.147 1.152 1.164 1.157
0007,1,fwd,10,0,35.2451,9,12,2,1.1967,0.0708,0.000 0.000 0.000 0.000 0.000 0.000 0.000 0.000 0.000 0.085 0.058 0.072 0.520 0.671 0.835 0.835 0.854 0.883 0.992 1.059 1.020 0.951 1.010 1.028 1.024 1.124 1.141 1.080 1.110 1.146 1.126 1.113 1.141 1.160 1.265 1.167 1.203 1.239 1.204 1.197 1.189 1.183 1.182 1.197 1.182
0007,1,fwd,11,0,35.7506,9,13,2,1.2292,0.0331,0.000 0.000 0.000 0.000 0.000 0.000 0.000 0.000 0.000 0.040 0.042 0.054 0.099 0.691 0.891 0.843 0.796 0.957 1.011 1.067 1.064 1.006 1.056 1.062 1.055 1.166 1.180 1.112 1.138 1.174 1.173 1.143 1.158 1.226 1.293 1.198 1.224 1.263 1.243 1.239 1.203 1.221 1.219 1.242 1.203
0007,1,fwd,12,0,35.8841,9,13,1,1.2347,0.0243,0.000 0.000 0.000 0.000 0.000 0.000 0.000 0.000 0.000 0.038 0.029 0.023 0.016 0.572 0.859 0.832 0.749 0.958 1.001 1.066 1.062 1.069 1.102 1.094 1.093 1.186 1.216 1.137 1.180 1.204 1.192 1.186 1.182 1.248 1.301 1.178 1.234 1.277 1.272 1.243 1.234 1.221 1.208 1.223 1.200
0007,1,fwd,13,0,34.2495,9,15,2,1.2004,0.004,0.000 0.000 0.000 0.000 0.000 0.000 0.000 0.000 0.000 0.008 0.005 0.004 0.002 0.026 0.077 1.309 0.932 0.817 0.930 1.048 1.042 1.052 1.108 1.053 1.074 1.191 1.198 1.112 1.139 1.205 1.194 1.151 1.180 1.202 1.284 1.137 1.165 1.196 1.212 1.235 1.200 1.211 1.200 1.196 1.154
0007,1,fwd,14,0,34.3135,9,16,2,1.2656,0.0022,0.000 0.000 0.000 0.000 0.000 0.000 0.000 0.000 0.000 0.001 0.003 0.002 0.001 0.008 0.019 0.020 1.278 0.797 0.900 0.951 1.133 1.097 1.138 1.113 1.060 1.256 1.263 1.165 1.176 1.235 1.205 1.212 1.184 1.211 1.320 1.207 1.234 1.300 1.290 1.261 1.231 1.284 1.255 1.289 1.215
0007,1,fwd,15,0,33.5046,9,16,1,1.2696,-0.0007,0.000 0.000 0.000 0.000 0.000 0.000 0.000 0.000 0.000 -0.003 0.001 0.001 0.002 -0.014 0.008 -0.007 0.550 0.842 0.931 0.952 1.090 1.095 1.125 1.137 1.061 1.228 1.238 1.152 1.180 1.208 1.200 1.198 1.189 1.248 1.306 1.196 1.234 1.263 1.278 1.288 1.261 1.271 1.265 1.274 1.256
0007,1,fwd,16,0,33.289,9,17,1,1.2696,0.0094,0.000 0.000 0.000 0.000 0.000 0.000 0.000 0.000 0.000 0.006 0.006 0.004 0.003 0.024 0.021 0.018 0.019 0.674 0.933 0.970 1.058 1.135 1.139 1.163 1.137 1.197 1.254 1.191 1.221 1.209 1.199 1.224 1.221 1.284 1.367 1.214 1.238 1.269 1.270 1.293 1.262 1.268 1.264 1.291 1.241
0007,1,fwd,17,0,34.7919,9,18,1,1.335,0.0036,0.000 0.000 0.000 0.000 0.000 0.000 0.000 0.000 0.000 0.006 0.004 0.002 0.002 0.007 0.006 0.006 0.006 0.044 0.818 1.321 1.423 1.334 1.151 1.254 1.195 1.275 1.306 1.291 1.280 1.283 1.286 1.307 1.297 1.282 1.377 1.261 1.289 1.314 1.314 1.317 1.337 1.374 1.339 1.375 1.310
0007,1,fwd,18,0,27.0289,9,20,2,1.102,-0.0007,0.000 0.000 0.000 0.000 0.000 0.000 0.000 0.000 0.000 -0.002 0.000 -0.001 -0.001 -0.007 -0.002 0.002 0.003 -0.000 0.026 -0.008 1.364 1.010 1.083 1.025 0.907 0.983 1.065 1.020 1.000 1.097 1.066 1.113 1.115 1.086 1.184 1.043 1.042 1.079 1.077 1.090 1.102 1.101 1.144 1.132 1.092
0007,1,fwd,19,0,19.6472,9,21,2,0.9265,0.0001,0.000 0.000 0.000 0.000 0.000 0.000 0.000 0.000 0.000 0.001 0.001 -0.000 0.001 -0.001 -0.000 -0.001 0.002 -0.001 0.000 0.001 0.001 0.623 0.884 0.661 0.577 0.658 0.713 0.751 0.698 0.763 0.756 0.800 0.809 0.841 0.995 0.823 0.881 0.906 0.921 0.904 0.902 0.938 0.963 0.946 0.931
0007,1,fwd,20,0,19.7079,21,21,1,0.9299,,0.000 0.000 0.000 0.000 0.000 0.000 0.000 0.000 0.000 0.000 0.000 0.000 0.000 0.000 0.000 0.000 0.000 0.000 0.000 0.000 0.000 0.608 0.874 0.665 0.582 0.663 0.714 0.752 0.703 0.767 0.762 0.811 0.818 0.841 1.004 0.823 0.884 0.912 0.929 0.907 0.909 0.942 0.960 0.949 0.932
0007,1,fwd,21,0,20.9645,21,23,2,1.012,,0.000 0.000 0.000 0.000 0.000 0.000 0.000 0.000 0.000 0.000 0.000 0.000 0.000 0.000 0.000 0.000 0.000 0.000 0.000 0.000 0.000 0.069 0.096 1.075 0.825 0.775 0.777 0.924 0.840 0.900 0.914 0.923 0.946 0.889 1.054 0.903 0.958 0.982 1.003 0.988 1.001 1.032 1.043 1.035 1.012
0007,1,fwd,22,0,20.0296,21,24,2,1.0103,0.1537,0.000 0.000 0.000 0.000 0.000 0.000 0.000 0.000 0.000 0.000 0.000 0.000 0.000 0.000 0.000 0.000 0.000 0.000 0.000 0.000 0.000 0.155 0.093 0.042 0.984 0.695 0.794 0.794 0.824 0.889 0.921 0.990 0.925 0.918 1.049 0.910 0.961 0.974 0.998 0.995 0.989 1.046 1.024 1.042 1.015
0007,1,fwd,23,0,19.095,21,25,2,1.0039,0.0681,0.000 0.000 0.000 0.000 0.000 0.000 0.000 0.000 0.000 0.000 0.000 0.000 0.000 0.000 0.000 0.000 0.000 0.000 0.000 0.000 0.000 0.082 0.055 0.057 0.181 0.744 0.773 0.798 0.739 0.920 0.939 1.014 0.953 0.904 1.053 0.906 0.945 0.975 0.986 0.977 0.985 1.025 1.041 1.031 1.011
0007,1,fwd,24,0,19.464,21,25,1,1.0439,0.0467,0.000 0.000 0.000 0.000 0.000 0.000 0.000 0.000 0.000 0.000 0.000 0.000 0.000 0.000 0.000 0.000 0.000 0.000 0.000 0.000 0.000 0.070 0.043 0.034 0.031 0.669 0.797 0.837 0.749 0.957 0.952 1.034 0.985 0.946 1.096 0.938 0.974 1.006 1.025 1.026 1.015 1.082 1.083 1.076 1.038
