model,fmt,n,accA,cluster,cluster_lo,cluster_hi,meta_cluster,CSI,noise,noise_lo,noise_hi,meta_noise,NDI,recency,scale,CSIn,NDIn,r_meta,r_set,recn,meta_recn,stale
Mistral-7B-v0.3,ant_syn,300,0.9933333333333333,0.9075774869074424,0.7016391261232395,1.1113013868561634,4.021159183816199,0.22570046233437707,1.5579693914949895,1.4088135356344282,1.7102336281997461,-1.6982532726313782,-0.917395194581887,1.2650656249125798,7.1614025581876435,0.14249555397949779,-0.5791956964465823,0.8393024217704753,0.94770139191665,0.17715366012706368,0.5124361066235197,2.6049828807016215
Mistral-7B-v0.3,fr_es,300,1.0,6.073277205005288,5.59323878689607,6.539536371329178,4.021159183816199,1.5103299639189038,-1.1304753620674213,-1.5054034634927909,-0.7531777176900456,-1.6982532726313782,0.6656694736208535,4.665435811976592,13.555791054442524,0.502318025847583,0.2213938568686048,0.9317170485846884,0.8482905604093605,0.344165515183832,0.5124361066235197,10.265382339085141
Mistral-7B-v0.3,fr_de,300,0.9933333333333333,5.760246420378486,5.326681939627975,6.175665523491179,4.021159183816199,1.4324840567271058,-1.3855683868875106,-1.7897713323788098,-0.9905999647192659,-1.6982532726313782,0.8158785319109827,4.7808731555690365,13.76925525960823,0.4694259606424938,0.26736392758531247,0.9291551035133482,0.8551608426757009,0.3474983423007145,0.5124361066235197,10.546458925766249
Qwen2.5-7B,ant_syn,300,0.9833333333333333,1.259401041585952,0.9538523177457974,1.5782014304844967,4.021159183816199,0.3131935305258777,1.1152807529332738,0.9546542302365415,1.2822250929142658,-1.6982532726313782,-0.6567222751204767,2.0909775637090204,9.042568552872787,0.1567777225569465,-0.32874057926077677,0.8671532990409648,0.9338017279052977,0.2321609386210688,0.5124361066235197,3.9326782297405103
Qwen2.5-7B,fr_es,300,1.0,6.041702751194437,5.607573696972182,6.490616150502737,4.021159183816199,1.5024778863543231,-1.4683288695166508,-1.7668372988601526,-1.1515403962029767,-1.6982532726313782,0.8646112409614448,5.536836202330887,12.372873839264114,0.547481306336633,0.3150518859372277,0.9506920757039573,0.8221813274851453,0.44749799232254955,0.5124361066235197,7.265352060906589
Qwen2.5-7B,fr_de,300,0.9833333333333333,7.571640924140811,7.057558191486945,8.092409835154811,4.021159183816199,1.8829498107446472,-2.709807392532627,-3.1137938498258593,-2.2945511227374276,-1.6982532726313782,1.5956438513637512,5.948238888407747,12.720243180990218,0.6696181922431149,0.567445900637941,0.9647959834031813,0.7999311160957531,0.4691860716563011,0.5124361066235197,6.715858043469488
Qwen3-8B,ant_syn,300,0.99,2.6085937451508654,2.019695460759102,3.2057941142762125,4.021159183816199,0.6487168564849584,4.205970924053205,3.7811893227799183,4.656879544078304,-1.6982532726313782,-2.4766452635985297,2.5400512648263796,18.914115226818602,0.15521379656960088,-0.5925690234136238,0.819814739824652,0.952805657978992,0.13479873920719235,0.5124361066235197,6.420661165616233
Qwen3-8B,fr_es,300,1.0,7.26621037071789,6.2311301097478005,8.309664204558285,4.021159183816199,1.8069939633232928,1.5263367317653804,0.8586308933525215,2.178670853222274,-1.6982532726313782,-0.898768609113516,2.9056209932092316,24.698104939010555,0.32985635903543875,-0.16406504229393973,0.873827554880771,0.9192178784681659,0.11764550358759773,0.5124361066235197,6.482865973522445
Qwen3-8B,fr_de,300,0.99,6.8797255723264,5.907413613887325,7.846472197529781,4.021159183816199,1.7108811807338942,1.1334925350840785,0.41184619910087594,1.8017250677758565,-1.6982532726313782,-0.6674461067445938,2.6556496722396696,23.15561055548237,0.3338386598957775,-0.13023658003689617,0.87325089790431,0.9172923204699047,0.11493591872243056,0.5124361066235197,6.59190436737367
