parent,size,language,task,control,intervention,control_accuracy,intervention_accuracy,chance,delta_pp,control_above_chance_pp
JGP,1.1B,id,XCOPA,non-adjacent,distributed,52.4,55.2,50.0,2.8,2.4
JGP,1.1B,zh,XCOPA,non-adjacent,distributed,51.0,52.0,50.0,1.0,1.0
JGP,1.1B,id,XStoryCloze,non-adjacent,distributed,50.43,52.88,50.0,2.45,0.43
JGP,1.1B,zh,XStoryCloze,non-adjacent,distributed,49.37,49.17,50.0,-0.2,-0.63
JGP,1.1B,zh,XNLI,non-adjacent,distributed,33.57,34.9,33.333333333333336,1.33,0.24
JGP,1.1B,zh,XWinograd,non-adjacent,distributed,59.13,57.54,50.0,-1.59,9.13
OpenSeal,1B,en,XNLI,multilingual,parallel-only,52.77,52.97,33.333333333333336,0.2,19.44
OpenSeal,1B,th,XNLI,multilingual,parallel-only,39.42,44.49,33.333333333333336,5.07,6.09
OpenSeal,1B,vi,XNLI,multilingual,parallel-only,41.86,44.23,33.333333333333336,2.37,8.53
OpenSeal,1B,zh,XNLI,multilingual,parallel-only,39.08,34.67,33.333333333333336,-4.41,5.75
OpenSeal,1B,en,XCOPA,multilingual,parallel-only,76.6,77.4,50,0.8,26.6
OpenSeal,1B,id,XCOPA,multilingual,parallel-only,63.4,61.2,50,-2.2,13.4
OpenSeal,1B,ta,XCOPA,multilingual,parallel-only,55.4,54.6,50,-0.8,5.4
OpenSeal,1B,th,XCOPA,multilingual,parallel-only,57.2,55.8,50,-1.4,7.2
OpenSeal,1B,vi,XCOPA,multilingual,parallel-only,65.4,61.6,50,-3.8,15.4
OpenSeal,1B,zh,XCOPA,multilingual,parallel-only,58.4,59.4,50,1.0,8.4
OpenSeal,1B,en,PAWS-X,multilingual,parallel-only,58.5,61.15,50,2.65,8.5
OpenSeal,1B,zh,PAWS-X,multilingual,parallel-only,47.0,53.3,50,6.3,-3.0
OpenSeal,7B,en,XNLI,multilingual,parallel-only,52.61,52.1,33.333333333333336,-0.51,19.28
OpenSeal,7B,th,XNLI,multilingual,parallel-only,45.45,47.5,33.333333333333336,2.05,12.12
OpenSeal,7B,vi,XNLI,multilingual,parallel-only,47.76,47.33,33.333333333333336,-0.43,14.43
OpenSeal,7B,zh,XNLI,multilingual,parallel-only,37.11,34.65,33.333333333333336,-2.46,3.78
OpenSeal,7B,en,XCOPA,multilingual,parallel-only,86.0,85.0,50,-1.0,36.0
OpenSeal,7B,id,XCOPA,multilingual,parallel-only,73.6,74.0,50,0.4,23.6
OpenSeal,7B,ta,XCOPA,multilingual,parallel-only,61.6,59.6,50,-2.0,11.6
OpenSeal,7B,th,XCOPA,multilingual,parallel-only,61.6,60.0,50,-1.6,11.6
OpenSeal,7B,vi,XCOPA,multilingual,parallel-only,72.8,73.8,50,1.0,22.8
OpenSeal,7B,zh,XCOPA,multilingual,parallel-only,66.2,68.8,50,2.6,16.2
OpenSeal,7B,en,PAWS-X,multilingual,parallel-only,66.45,70.1,50,3.65,16.45
OpenSeal,7B,zh,PAWS-X,multilingual,parallel-only,53.7,59.3,50,5.6,3.7
