task,vocab,sam_shift,alex_spill,spill_ratio,bge,cos_mid,cos_two_thirds,model
mag_nat,0_1,5.882481254861268,0.46673200896577327,0.07934271079573217,0.6418304443359375,0.6922768354415894,0.6080858111381531,Qwen3-8B
mag_nat,B_A,6.0393488092548795,-0.04421322035283083,-0.007320858878870709,0.6140613555908203,0.7148106694221497,0.6284240782260895,Qwen3-8B
mag_nat,case,5.72646844553703,1.53696795817581,0.2683971758149927,1.0,0.8902109563350677,0.914211630821228,Qwen3-8B
mag_nat,cold_hot,6.101611863398866,0.5886590292333858,0.09647598739679203,0.6851562261581421,0.7712259590625763,0.7248515486717224,Qwen3-8B
mag_nat,few_many,5.676596423755545,1.1391946990405268,0.20068270033663127,0.730882465839386,0.7908020913600922,0.6760258078575134,Qwen3-8B
mag_nat,less_more,6.08233509778307,0.5982053935903241,0.09835127199886799,0.6795247793197632,0.7810440957546234,0.6530698239803314,Qwen3-8B
mag_nat,little_big,6.304723816827755,1.2447610653500305,0.19743308375026278,0.8755443096160889,0.8433480262756348,0.7710765302181244,Qwen3-8B
mag_nat,low_high,7.730006724577252,1.1063028853750438,0.1431179719233099,0.7453479170799255,0.8640929460525513,0.8108870983123779,Qwen3-8B
mag_nat,minor_major,5.796981770680286,1.2198796137061436,0.21043357767243565,0.754309892654419,0.809319406747818,0.7786920368671417,Qwen3-8B
mag_nat,nonce,4.1947424888575915,-0.01784185052878456,-0.004253383986306073,0.5402191042900085,0.5230126738548279,0.4637354388833046,Qwen3-8B
mag_nat,same,3.0924628284608477,1.8787813935166924,0.6075356431856554,1.0,0.9999999701976776,1.0,Qwen3-8B
mag_nat,short_tall,5.449872203040286,1.161945079981233,0.2132059315690056,0.8138800859451294,0.821135401725769,0.7203918099403381,Qwen3-8B
mag_nat,tiny_huge,5.072904821739648,1.4132206552522257,0.278582134873879,0.8966760635375977,0.8380850553512573,0.7848017513751984,Qwen3-8B
mag_nat,weak_strong,5.418382002938306,0.8694134018011391,0.16045627667626047,0.7148650884628296,0.8154544830322266,0.7449500262737274,Qwen3-8B
sst,0_1,11.89774576105061,1.0928172184585128,0.09185077916491077,0.6574147939682007,0.6305122673511505,0.6231740117073059,Qwen3-8B
sst,B_A,8.393589652807277,0.9965444510252565,0.11872684897003004,0.6571441292762756,0.629153847694397,0.6286464035511017,Qwen3-8B
sst,bad_good,6.488713877855917,2.931965071456507,0.4518561192014409,0.7821912169456482,0.7685299515724182,0.7800672948360443,Qwen3-8B
sst,case,6.616828958387487,3.595895629438455,0.5434469671277057,1.0,0.9421076774597168,0.9512850642204285,Qwen3-8B
sst,cold_warm,8.143024124522054,2.0012963209507872,0.2457681925470473,0.7315062284469604,0.6253090798854828,0.6108388602733612,Qwen3-8B
sst,dislike_like,7.133952559067693,2.5327894363494123,0.3550331201922672,0.6771949529647827,0.6886055171489716,0.6512854397296906,Qwen3-8B
sst,low_high,8.250042200602474,2.455826244066702,0.2976743857003981,0.6846942901611328,0.6985842287540436,0.678965836763382,Qwen3-8B
sst,no_yes,9.483991084350855,2.5135104310342284,0.2650266547784581,0.7386106252670288,0.6592977643013,0.6693297624588013,Qwen3-8B
sst,nonce,13.035380503930792,0.03768902974610683,0.002891287272722248,0.5268948644399643,0.4271176777780056,0.4307784289121628,Qwen3-8B
sst,pess_opt,6.4116147830896075,2.9187748125943473,0.455232404213133,0.7803071737289429,0.7103332877159119,0.7398236989974976,Qwen3-8B
sst,poor_great,8.275200026877283,2.4900907399499554,0.3009100362362615,0.7452844977378845,0.7099949717521667,0.6865063607692719,Qwen3-8B
sst,same,6.353735236213542,5.157248675809097,0.8116876898513193,1.0,1.0000000596046448,1.0000000596046448,Qwen3-8B
sst,unfav_fav,6.240618599771405,2.893665530550934,0.4636824834411334,0.7658393979072571,0.800593763589859,0.7960885763168335,Qwen3-8B
mag_nat,0_1,3.7881834201561286,0.21315363860689104,0.056268035352445,0.6418304443359375,0.5761637985706329,0.5914803147315979,Qwen2.5-7B
mag_nat,B_A,3.8321328748203816,0.010101780584082008,0.0026360726295419743,0.6140613555908203,0.5798396170139313,0.5370580554008484,Qwen2.5-7B
mag_nat,case,4.101332075316459,1.209087076904252,0.2948035064463681,1.0,0.835973709821701,0.781907707452774,Qwen2.5-7B
mag_nat,cold_hot,3.2603984487243,0.43922126774676146,0.13471398500959786,0.6851562261581421,0.625483900308609,0.5696534216403961,Qwen2.5-7B
mag_nat,few_many,3.982183960918337,0.6022065395209938,0.1512251933690472,0.730882465839386,0.6529800593852997,0.6696339249610901,Qwen2.5-7B
mag_nat,less_more,3.421573413400911,0.41114493884146214,0.12016253611019267,0.6795247793197632,0.6348768472671509,0.6482113301753998,Qwen2.5-7B
mag_nat,little_big,4.013107766574248,0.5888736265152693,0.14673755622016493,0.8755443096160889,0.7217917442321777,0.6779953837394714,Qwen2.5-7B
mag_nat,low_high,3.990294786491431,0.7718321334198117,0.19342734677967613,0.7453479170799255,0.761599063873291,0.790804535150528,Qwen2.5-7B
mag_nat,minor_major,3.1026550281234084,0.7200769879482687,0.23208412840656534,0.754309892654419,0.7033628225326538,0.7406291365623474,Qwen2.5-7B
mag_nat,nonce,4.13248509417288,0.009905115975998342,0.0023968909143714306,0.5402191042900085,0.42556099146604537,0.424151585996151,Qwen2.5-7B
mag_nat,same,2.5436073053861037,1.9460011306824163,0.7650556461926129,1.0,0.9999999403953552,1.0,Qwen2.5-7B
mag_nat,short_tall,3.065695877317339,0.6379706618562341,0.2080997879067167,0.8138800859451294,0.7408037781715393,0.7398335039615631,Qwen2.5-7B
mag_nat,tiny_huge,3.932758468813263,0.9730265095923096,0.2474157813932385,0.8966760635375977,0.7754627466201782,0.7734345495700836,Qwen2.5-7B
mag_nat,weak_strong,3.6655867628613485,0.5120887234900147,0.1397017057891925,0.7148650884628296,0.7210151255130768,0.752727746963501,Qwen2.5-7B
sst,0_1,4.763266679132357,0.1830934874434024,0.038438638811789855,0.6574147939682007,0.48114070296287537,0.49897563457489014,Qwen2.5-7B
sst,B_A,4.00666765932925,0.2074841944128275,0.05178472787222939,0.6571441292762756,0.4684629589319229,0.4401025176048279,Qwen2.5-7B
sst,bad_good,3.0661704268027097,1.952915651332587,0.6369233863392962,0.7821912169456482,0.6047801375389099,0.6305280029773712,Qwen2.5-7B
sst,case,3.2359486466739327,2.170923699811101,0.670877055494216,1.0,0.8708291947841644,0.8782833516597748,Qwen2.5-7B
sst,cold_warm,3.084501261729747,1.484143055677414,0.4811614357535151,0.7315062284469604,0.5332842320203781,0.5460744351148605,Qwen2.5-7B
sst,dislike_like,3.1661882527172565,1.7086110224947333,0.5396429037434477,0.6771949529647827,0.5086784511804581,0.49988842010498047,Qwen2.5-7B
sst,low_high,3.2870242223516106,1.1725020161550492,0.35670622935544266,0.6846942901611328,0.5446741878986359,0.5416486859321594,Qwen2.5-7B
sst,no_yes,3.0463039747811855,0.7842415759153664,0.2574403547405994,0.7386106252670288,0.5008665472269058,0.5061357915401459,Qwen2.5-7B
sst,nonce,4.429094189256429,-0.007302346825599671,-0.0016487224054328843,0.5268948644399643,0.3106417994946241,0.3086163278669119,Qwen2.5-7B
sst,pess_opt,2.931698028240353,1.8392457982152701,0.6273653631780117,0.7803071737289429,0.6217122972011566,0.6181538105010986,Qwen2.5-7B
sst,poor_great,3.7180485426820815,1.7088384079560637,0.459606266120281,0.7452844977378845,0.5336425006389618,0.5613560527563095,Qwen2.5-7B
sst,same,2.519869429115206,2.284188181636855,0.9064708493403546,1.0,1.0,1.0000000596046448,Qwen2.5-7B
sst,unfav_fav,3.101541080074385,2.142717656418681,0.690855803969326,0.7658393979072571,0.6668394207954407,0.7460264265537262,Qwen2.5-7B
mag_nat,0_1,1.7335360290668904,0.09387148562818766,0.05415029399689825,0.6418304443359375,0.4393373429775238,0.41198278963565826,Llama-2-7b-hf
mag_nat,B_A,1.5895597586221992,0.021724217487499118,0.013666813952518064,0.6140613555908203,0.4834374189376831,0.40476857125759125,Llama-2-7b-hf
mag_nat,case,1.6581526661477983,0.7551717636734248,0.4554295747856748,1.0,0.8569555282592773,0.9189958274364471,Llama-2-7b-hf
mag_nat,cold_hot,2.39417365652509,0.13056463669985532,0.05453432182916806,0.6851562261581421,0.5329320281744003,0.38796497881412506,Llama-2-7b-hf
mag_nat,few_many,2.4203779647964985,0.6229644415900111,0.2573831238966799,0.730882465839386,0.5578392148017883,0.40799151360988617,Llama-2-7b-hf
mag_nat,less_more,1.974777544233948,0.23091739289462565,0.11693336982125888,0.6795247793197632,0.5168263018131256,0.39812467992305756,Llama-2-7b-hf
mag_nat,little_big,3.530578893860802,0.42676234647631645,0.12087602608693954,0.8755443096160889,0.673661470413208,0.6174916923046112,Llama-2-7b-hf
mag_nat,low_high,2.7570178155135365,0.3354071935266256,0.12165579476465985,0.7453479170799255,0.635912150144577,0.46388499438762665,Llama-2-7b-hf
mag_nat,minor_major,2.1527575660310685,0.5372303882054985,0.24955452331586195,0.754309892654419,0.6231302320957184,0.5207554996013641,Llama-2-7b-hf
mag_nat,nonce,2.257819642741233,-0.016769692320376634,-0.007427383482241498,0.5402191042900085,0.21172442734241487,0.18938685916364192,Llama-2-7b-hf
mag_nat,same,1.4060974383167923,0.9397459147311747,0.6683362682575708,1.0,1.0000000596046448,1.0000000298023224,Llama-2-7b-hf
mag_nat,short_tall,2.4523753957170995,0.4609786112233996,0.1879722867993482,0.8138800859451294,0.6307102739810944,0.478306382894516,Llama-2-7b-hf
mag_nat,tiny_huge,3.1168414541799576,0.7008475739136338,0.22485826892918656,0.8966760635375977,0.7129537165164948,0.6815020740032196,Llama-2-7b-hf
mag_nat,weak_strong,2.066483949776739,0.2631198005005717,0.12732728968400597,0.7148650884628296,0.5752354264259338,0.43357011675834656,Llama-2-7b-hf
sst,0_1,3.7567254751734436,0.6151805458124727,0.16375445847132883,0.6574147939682007,0.40282145142555237,0.36808809638023376,Llama-2-7b-hf
sst,B_A,2.022587282322347,0.5816742626391351,0.2875892020695657,0.6571441292762756,0.4025444984436035,0.31109587848186493,Llama-2-7b-hf
sst,bad_good,3.863563477844,1.8610509484540672,0.4816928618169351,0.7821912169456482,0.625472366809845,0.4924137741327286,Llama-2-7b-hf
sst,case,2.3600927515886725,1.3379032818414271,0.5668858907942627,1.0,0.8592553436756134,0.9028314650058746,Llama-2-7b-hf
sst,cold_warm,3.4096610461175443,1.5483695821277796,0.4541124649005364,0.7315062284469604,0.45393168926239014,0.3186955004930496,Llama-2-7b-hf
sst,dislike_like,2.9894172098115086,1.5691747734416277,0.5249099283604408,0.6771949529647827,0.5004522949457169,0.4184383451938629,Llama-2-7b-hf
sst,low_high,3.330752812176943,1.1942293912917377,0.35854638834972646,0.6846942901611328,0.5710914433002472,0.3748791068792343,Llama-2-7b-hf
sst,no_yes,2.4581268552690743,1.244882926326245,0.5064355908474774,0.7386106252670288,0.4760005623102188,0.39196209609508514,Llama-2-7b-hf
sst,nonce,4.641655001249164,0.004497277913615107,0.0009688953428044087,0.5268948644399643,0.20197810214012862,0.17011391147971153,Llama-2-7b-hf
sst,pess_opt,3.670165364611894,1.5151276016049087,0.4128227071766091,0.7803071737289429,0.6378427445888519,0.5973911881446838,Llama-2-7b-hf
sst,poor_great,4.408808393795043,1.6778360594436525,0.38056452210648095,0.7452844977378845,0.5414109230041504,0.4307872802019119,Llama-2-7b-hf
sst,same,2.605223168549128,2.2364769551623613,0.8584588768293026,1.0,0.9999999701976776,1.0000000298023224,Llama-2-7b-hf
sst,unfav_fav,3.0734943293407557,1.5739663592539728,0.5121097326350292,0.7658393979072571,0.6934536397457123,0.6902829110622406,Llama-2-7b-hf
mag_nat,0_1,2.256411314252764,0.14019450058229269,0.062131624538817584,0.6418304443359375,0.5308324545621872,0.3966435194015503,Mistral-7B-v0.3
mag_nat,B_A,2.3735988232214003,-0.037094790088012815,-0.015628079069262647,0.6140613555908203,0.5830186307430267,0.4045134484767914,Mistral-7B-v0.3
mag_nat,case,1.9144883040525018,0.65848607593216,0.3439488632750102,1.0,0.8167121112346649,0.9126997292041779,Mistral-7B-v0.3
mag_nat,cold_hot,2.3678133249655366,0.2106792747043073,0.08897630251632009,0.6851562261581421,0.7256195843219757,0.4017763137817383,Mistral-7B-v0.3
mag_nat,few_many,2.054399674134329,0.38628923702985046,0.188030226977437,0.730882465839386,0.6177903711795807,0.43756160140037537,Mistral-7B-v0.3
mag_nat,less_more,2.0102590846363455,0.3521356710232794,0.17516929718886484,0.6795247793197632,0.6923863589763641,0.3965156823396683,Mistral-7B-v0.3
mag_nat,little_big,2.650832549938932,0.6575148248113691,0.24804087486647033,0.8755443096160889,0.7931370437145233,0.6615661382675171,Mistral-7B-v0.3
mag_nat,low_high,2.4890152533259244,0.5138473543897271,0.20644604475730036,0.7453479170799255,0.7877157926559448,0.5208044946193695,Mistral-7B-v0.3
mag_nat,minor_major,1.8327283126302063,0.31690876111388205,0.17291638860485342,0.754309892654419,0.6754614114761353,0.44981320202350616,Mistral-7B-v0.3
mag_nat,nonce,2.25876083586365,0.010232726959511638,0.004530239234291973,0.5402191042900085,0.4207647070288658,0.227708968706429,Mistral-7B-v0.3
mag_nat,same,1.2797701215650887,0.9923604048229754,0.7754208260538017,1.0,0.9999999403953552,1.0000000596046448,Mistral-7B-v0.3
mag_nat,short_tall,2.335612965114415,0.45489121137186883,0.1947630956696565,0.8138800859451294,0.7177627384662628,0.46763186156749725,Mistral-7B-v0.3
mag_nat,tiny_huge,2.9083941178955137,0.7204531747847795,0.2477151120447502,0.8966760635375977,0.798741340637207,0.7427396178245544,Mistral-7B-v0.3
mag_nat,weak_strong,2.2488332587853073,0.34810712644830344,0.15479454738957893,0.7148650884628296,0.6219173073768616,0.41072431206703186,Mistral-7B-v0.3
sst,0_1,5.765415990054607,0.24058044692501426,0.04172820267262894,0.6574147939682007,0.46633413434028625,0.3210813105106354,Mistral-7B-v0.3
sst,B_A,3.9584573511593044,0.35998006160371004,0.0909394821440437,0.6571441292762756,0.45444901287555695,0.29572801291942596,Mistral-7B-v0.3
sst,bad_good,3.643728372566402,1.8395293758809566,0.5048481082538305,0.7821912169456482,0.68601393699646,0.4379526227712631,Mistral-7B-v0.3
sst,case,3.4351132191997023,1.7680406230129302,0.5146964627340116,1.0,0.7440359592437744,0.8840945363044739,Mistral-7B-v0.3
sst,cold_warm,4.155431961202994,1.1240582471247762,0.2705033454089722,0.7315062284469604,0.5540326535701752,0.35277867317199707,Mistral-7B-v0.3
sst,dislike_like,3.236566394865513,1.5922966353688388,0.49197094732703683,0.6771949529647827,0.5201805233955383,0.2926344722509384,Mistral-7B-v0.3
sst,low_high,4.088584861820563,1.0200960964802652,0.24949857492404776,0.6846942901611328,0.6406624615192413,0.3758647292852402,Mistral-7B-v0.3
sst,no_yes,4.053020690651611,1.0585262808389961,0.26116972047058934,0.7386106252670288,0.5022867321968079,0.36099377274513245,Mistral-7B-v0.3
sst,nonce,5.76509889069479,0.005146952457726002,0.000892777826592617,0.5268948644399643,0.37239769846200943,0.1934011347591877,Mistral-7B-v0.3
sst,pess_opt,3.5350025538913905,1.5532168716192245,0.4393821073507902,0.7803071737289429,0.6537579298019409,0.4846786558628082,Mistral-7B-v0.3
sst,poor_great,3.9987357976473867,1.6735675786621869,0.41852416947546583,0.7452844977378845,0.585934579372406,0.3409665673971176,Mistral-7B-v0.3
sst,same,2.9954084026115013,2.658411229532212,0.8874954170571587,1.0,1.0,1.0,Mistral-7B-v0.3
sst,unfav_fav,3.3302340229041874,1.923311766665429,0.5775305139030956,0.7658393979072571,0.6797287166118622,0.517294630408287,Mistral-7B-v0.3
mag_nat,0_1,5.370472450836678,0.38214703644713155,0.0711570611236626,0.6418304443359375,0.592938244342804,0.620164692401886,Qwen3-14B
mag_nat,B_A,5.486016785867687,-0.11126448517403333,-0.02028147005686483,0.6140613555908203,0.6595070660114288,0.6898316144943237,Qwen3-14B
mag_nat,case,7.539997666730451,2.0145396057155085,0.267180401739974,1.0,0.8733021020889282,0.8882855772972107,Qwen3-14B
mag_nat,cold_hot,5.8623439927306755,0.5006274585687788,0.08539714816966701,0.6851562261581421,0.7192850112915039,0.7590340673923492,Qwen3-14B
mag_nat,few_many,5.155385307927936,1.2260391432289908,0.23781716981339715,0.730882465839386,0.7306334972381592,0.7371329069137573,Qwen3-14B
mag_nat,less_more,5.88804472349817,0.775936117144156,0.13178162761697937,0.6795247793197632,0.7289963960647583,0.7572437524795532,Qwen3-14B
mag_nat,little_big,7.129047013389136,1.5885482859699551,0.22282757891573535,0.8755443096160889,0.8125852346420288,0.8525277376174927,Qwen3-14B
mag_nat,low_high,7.60787325244688,1.0118433082816773,0.1329994960097743,0.7453479170799255,0.8316484689712524,0.849727988243103,Qwen3-14B
mag_nat,minor_major,5.333843957995559,1.1887519469379186,0.2228696520369613,0.754309892654419,0.7737845480442047,0.7911460101604462,Qwen3-14B
mag_nat,nonce,4.519005076390458,-0.054106004236382434,-0.011972990364418764,0.5402191042900085,0.4551684118807316,0.5400000900030136,Qwen3-14B
mag_nat,same,4.435468179503223,2.9602510824821366,0.6674044233169739,1.0,0.9999999701976776,1.0,Qwen3-14B
mag_nat,short_tall,6.359680993075599,1.1962032367558277,0.18809170429432706,0.8138800859451294,0.8031167387962341,0.7893889844417572,Qwen3-14B
mag_nat,tiny_huge,7.324343627536218,1.6517748995126749,0.22551848786869427,0.8966760635375977,0.8277847170829773,0.8490641415119171,Qwen3-14B
mag_nat,weak_strong,5.619453728865337,0.7221903933309659,0.12851612063665632,0.7148650884628296,0.7501558661460876,0.7770350575447083,Qwen3-14B
sst,0_1,10.779487453495822,0.622999857221439,0.05779494246912437,0.6574147939682007,0.6486803591251373,0.6896562278270721,Qwen3-14B
sst,B_A,10.21776501781409,0.297031352141712,0.029070090340094414,0.6571441292762756,0.6459136009216309,0.653567761182785,Qwen3-14B
sst,bad_good,8.111341213652048,2.8929469567505293,0.3566545754334023,0.7821912169456482,0.7357167899608612,0.7715521156787872,Qwen3-14B
sst,case,8.878562950277992,3.470951198831317,0.3909361479182439,1.0,0.9342822730541229,0.9464188814163208,Qwen3-14B
sst,cold_warm,7.474645474032732,1.5889297271981195,0.2125759318911025,0.7315062284469604,0.6362544298171997,0.6648173928260803,Qwen3-14B
sst,dislike_like,8.480174633579153,2.5021358928704287,0.2950571186308664,0.6771949529647827,0.6654867231845856,0.6983617544174194,Qwen3-14B
sst,low_high,9.53632125974138,1.2879623028136848,0.13505861093952007,0.6846942901611328,0.6954611241817474,0.7259069383144379,Qwen3-14B
sst,no_yes,8.639787671014929,1.1461763431919099,0.13266255917806216,0.7386106252670288,0.6516095995903015,0.6797247231006622,Qwen3-14B
sst,nonce,9.890661024295841,0.005610557752079331,0.0005672581173591247,0.5268948644399643,0.3722007893025875,0.4774178877472878,Qwen3-14B
sst,pess_opt,6.6156355430997795,2.8602164029564303,0.43234189433843356,0.7803071737289429,0.7147066593170166,0.7664206922054291,Qwen3-14B
sst,poor_great,7.062509032663656,2.4710091423302947,0.3498769532048786,0.7452844977378845,0.6922299563884735,0.7050603628158569,Qwen3-14B
sst,same,6.551533377290252,4.607864781201861,0.7033261552439343,1.0,1.0,1.0,Qwen3-14B
sst,unfav_fav,8.460733462747376,2.574758542874115,0.3043185976973251,0.7658393979072571,0.7941858172416687,0.8304230868816376,Qwen3-14B
