item_id,pair_id,condition,extended,question_type,prompt_id,gold,p_yes,correct,choice_mass,step_response_id,step_request_sha256,step_response_sha256,prompt_sha256
jurayj:NPZ:1:gp:0:lingering,NPZ:1,gp,False,lingering,neutral_reg_base,No,8.787615115579683e-06,1,0.9999999403953552,chatcmpl-eb830bc05096c98e5eb14347e84e1beb-b1019353,3e2663d85eb1699a199c348b3f0dcc73ae1e9f602068d646a328130d6af79813,d029599950c24e933b54b2758d0b8cdcd758c73bd540cd7ad847f68ca613bcc0,d2f7a8703a15b34db8e37c8fedb22b7cbd08adef1cf656508bacd4d1c399374a
jurayj:NPZ:1:gp:0:intended,NPZ:1,gp,False,intended,neutral_reg_base,Yes,0.004290680401027203,0,1.0,chatcmpl-eb830bc05096c98e5eb14347e84e1beb-b1019353,3e2663d85eb1699a199c348b3f0dcc73ae1e9f602068d646a328130d6af79813,d029599950c24e933b54b2758d0b8cdcd758c73bd540cd7ad847f68ca613bcc0,16a24758aedb8cfa339e3adc222cd25642cb8515d71c88b8bb5584e3280cdcd5
jurayj:NPZ:1:gp:0:lingering_semantic,NPZ:1,gp,False,lingering_semantic,neutral_reg_base,No,0.05475914105772972,1,1.0,chatcmpl-eb830bc05096c98e5eb14347e84e1beb-b1019353,3e2663d85eb1699a199c348b3f0dcc73ae1e9f602068d646a328130d6af79813,d029599950c24e933b54b2758d0b8cdcd758c73bd540cd7ad847f68ca613bcc0,b99eea0815bbb8d0a0eec1b6456c53838f3b01664faae4c8f6c7feb1c3fb3515
jurayj:NPZ:1:gp:0:intended_semantic,NPZ:1,gp,False,intended_semantic,neutral_reg_base,Yes,0.9999999403953552,1,0.9999999403953552,chatcmpl-eb830bc05096c98e5eb14347e84e1beb-b1019353,3e2663d85eb1699a199c348b3f0dcc73ae1e9f602068d646a328130d6af79813,d029599950c24e933b54b2758d0b8cdcd758c73bd540cd7ad847f68ca613bcc0,71682aea8cff3d94c1ec54188077a93fa962883fdb19c5b48454ee5e2ba4796d
jurayj:NPZ:1:explicit_cue:0:lingering,NPZ:1,explicit_cue,False,lingering,neutral_reg_base,No,6.603272026950435e-07,1,0.9999999403953552,chatcmpl-e6357c848dd56448c5bb6da0c8432908-a41f443b,e528481a1a6c329bbe3643d69764cf99640c0ce51edcfb733be7ba1d36d2c60b,bf74531265767a1ab2e310de7612d5d073d600ef4c3c5a91e21bbcb2190ffa94,7446878387671a4b3ae67edae1142488b3f54c09f58f66801ecbd22f019fbd2b
jurayj:NPZ:1:explicit_cue:0:intended,NPZ:1,explicit_cue,False,intended,neutral_reg_base,Yes,0.9999916553497314,1,1.0,chatcmpl-e6357c848dd56448c5bb6da0c8432908-a41f443b,e528481a1a6c329bbe3643d69764cf99640c0ce51edcfb733be7ba1d36d2c60b,bf74531265767a1ab2e310de7612d5d073d600ef4c3c5a91e21bbcb2190ffa94,15b9a1cbe980f62d89e126a77b0332314ef5344fd3b3ebac7739d6f7cfd4d4d3
jurayj:NPZ:1:explicit_cue:0:lingering_semantic,NPZ:1,explicit_cue,False,lingering_semantic,neutral_reg_base,No,2.2592500670270965e-07,1,1.0,chatcmpl-e6357c848dd56448c5bb6da0c8432908-a41f443b,e528481a1a6c329bbe3643d69764cf99640c0ce51edcfb733be7ba1d36d2c60b,bf74531265767a1ab2e310de7612d5d073d600ef4c3c5a91e21bbcb2190ffa94,2a8f62a03dd6a7b0e646c80fbc2dfbeaa2821839ffc59500ccb5d96e1fbe54fd
jurayj:NPZ:1:explicit_cue:0:intended_semantic,NPZ:1,explicit_cue,False,intended_semantic,neutral_reg_base,Yes,1.0,1,1.0,chatcmpl-e6357c848dd56448c5bb6da0c8432908-a41f443b,e528481a1a6c329bbe3643d69764cf99640c0ce51edcfb733be7ba1d36d2c60b,bf74531265767a1ab2e310de7612d5d073d600ef4c3c5a91e21bbcb2190ffa94,7cdddda8a4be4cd15901cb32e3752b435cecccebf2b969a6d4c4b082ab1c0163
jurayj:MVRR:1:blocked:1:lingering,MVRR:1,blocked,True,lingering,neutral_reg_base,No,1.3396997019299306e-05,1,1.0,chatcmpl-79dae764d07ab22121f07202467bc991-a757e743,146c075c7f43a1ecadd3076d2ed9a0b64de0b6324d6a1eb5977bd34a7a90d162,94923e19a3c75a11dfa8573055f01f098eca69b1bae984c44bacb02b3211deb0,300fb05ad5bc7311e1c7acb97bdb89817218fb137f73b476abf81af12e0bc5d7
jurayj:MVRR:1:blocked:1:intended,MVRR:1,blocked,True,intended,neutral_reg_base,Yes,0.9993675947189331,1,0.9999999403953552,chatcmpl-79dae764d07ab22121f07202467bc991-a757e743,146c075c7f43a1ecadd3076d2ed9a0b64de0b6324d6a1eb5977bd34a7a90d162,94923e19a3c75a11dfa8573055f01f098eca69b1bae984c44bacb02b3211deb0,6c8083a40815cf2a1757571e576280c8325fe482fb62b169e030e715f406eae2
jurayj:MVRR:1:blocked:1:lingering_semantic,MVRR:1,blocked,True,lingering_semantic,neutral_reg_base,,1.4269964765389886e-07,,1.0,chatcmpl-79dae764d07ab22121f07202467bc991-a757e743,146c075c7f43a1ecadd3076d2ed9a0b64de0b6324d6a1eb5977bd34a7a90d162,94923e19a3c75a11dfa8573055f01f098eca69b1bae984c44bacb02b3211deb0,efb8ddbdeb54f325875fe24c7dcf3274fb4f6ad49748b61daf6e73912d393d9c
jurayj:MVRR:1:blocked:1:intended_semantic,MVRR:1,blocked,True,intended_semantic,neutral_reg_base,Yes,0.9999988079071045,1,1.0,chatcmpl-79dae764d07ab22121f07202467bc991-a757e743,146c075c7f43a1ecadd3076d2ed9a0b64de0b6324d6a1eb5977bd34a7a90d162,94923e19a3c75a11dfa8573055f01f098eca69b1bae984c44bacb02b3211deb0,76b193f772c0a31515ea99a4464b97176573284e90ffa16e8987fcb2bc5ce8f1
jurayj:MVRR:1:blocked:1:simple,MVRR:1,blocked,True,simple,neutral_reg_base,Yes,0.9999997615814209,1,1.0,chatcmpl-79dae764d07ab22121f07202467bc991-a757e743,146c075c7f43a1ecadd3076d2ed9a0b64de0b6324d6a1eb5977bd34a7a90d162,94923e19a3c75a11dfa8573055f01f098eca69b1bae984c44bacb02b3211deb0,e3fbea2562fd9ea03e9df2bbcd9bd60e102923bf0cd42a8aaefc16d03f3b4a7c
jurayj:NPZ:1:gp:0:lingering,NPZ:1,gp,False,lingering,neutral_reg_repair,No,5.536824119189987e-06,1,1.0,chatcmpl-eb830bc05096c98e5eb14347e84e1beb-b1019353,3e2663d85eb1699a199c348b3f0dcc73ae1e9f602068d646a328130d6af79813,d029599950c24e933b54b2758d0b8cdcd758c73bd540cd7ad847f68ca613bcc0,bb62b777115032db9cce160b6ada0d759aad219630f64d4d9a40f46fe4b84c39
jurayj:NPZ:1:gp:0:intended,NPZ:1,gp,False,intended,neutral_reg_repair,Yes,0.005038771312683821,0,1.0,chatcmpl-eb830bc05096c98e5eb14347e84e1beb-b1019353,3e2663d85eb1699a199c348b3f0dcc73ae1e9f602068d646a328130d6af79813,d029599950c24e933b54b2758d0b8cdcd758c73bd540cd7ad847f68ca613bcc0,3e547bbbb4a6a570bbdd483c01f82d35818a93eb0c29254274f7ef585393394a
jurayj:NPZ:1:gp:0:lingering_semantic,NPZ:1,gp,False,lingering_semantic,neutral_reg_repair,No,0.0026311634574085474,1,1.0,chatcmpl-eb830bc05096c98e5eb14347e84e1beb-b1019353,3e2663d85eb1699a199c348b3f0dcc73ae1e9f602068d646a328130d6af79813,d029599950c24e933b54b2758d0b8cdcd758c73bd540cd7ad847f68ca613bcc0,b4b7d98c8e090bcf75ffd13a2113a501f4053271fb5988c3d226876e1a965684
jurayj:NPZ:1:gp:0:intended_semantic,NPZ:1,gp,False,intended_semantic,neutral_reg_repair,Yes,0.9999927282333374,1,1.0,chatcmpl-eb830bc05096c98e5eb14347e84e1beb-b1019353,3e2663d85eb1699a199c348b3f0dcc73ae1e9f602068d646a328130d6af79813,d029599950c24e933b54b2758d0b8cdcd758c73bd540cd7ad847f68ca613bcc0,88654ea5860200fa5e19660308b1a7413db4f3b4af79fcb5169621738927f3b0
jurayj:NPZ:1:explicit_cue:0:lingering,NPZ:1,explicit_cue,False,lingering,neutral_reg_repair,No,1.893761805149552e-07,1,0.9999999403953552,chatcmpl-e6357c848dd56448c5bb6da0c8432908-a41f443b,e528481a1a6c329bbe3643d69764cf99640c0ce51edcfb733be7ba1d36d2c60b,bf74531265767a1ab2e310de7612d5d073d600ef4c3c5a91e21bbcb2190ffa94,43290c3e9f3cc55a0173360564ed2e44ceabff6b401c3431cfeb410a76c920f8
jurayj:NPZ:1:explicit_cue:0:intended,NPZ:1,explicit_cue,False,intended,neutral_reg_repair,Yes,0.9999864101409912,1,1.0,chatcmpl-e6357c848dd56448c5bb6da0c8432908-a41f443b,e528481a1a6c329bbe3643d69764cf99640c0ce51edcfb733be7ba1d36d2c60b,bf74531265767a1ab2e310de7612d5d073d600ef4c3c5a91e21bbcb2190ffa94,f9f6c9147768a240c6d143d33d4fdb5635383bbac8b63ce504eb6a2e05d95717
jurayj:NPZ:1:explicit_cue:0:lingering_semantic,NPZ:1,explicit_cue,False,lingering_semantic,neutral_reg_repair,No,6.079786629697992e-08,1,0.9999999403953552,chatcmpl-e6357c848dd56448c5bb6da0c8432908-a41f443b,e528481a1a6c329bbe3643d69764cf99640c0ce51edcfb733be7ba1d36d2c60b,bf74531265767a1ab2e310de7612d5d073d600ef4c3c5a91e21bbcb2190ffa94,31fa1f72bd1b5b1adc3227dded8082b528d623b07c7df7b8af9f87eb1e541641
jurayj:NPZ:1:explicit_cue:0:intended_semantic,NPZ:1,explicit_cue,False,intended_semantic,neutral_reg_repair,Yes,1.0,1,1.0,chatcmpl-e6357c848dd56448c5bb6da0c8432908-a41f443b,e528481a1a6c329bbe3643d69764cf99640c0ce51edcfb733be7ba1d36d2c60b,bf74531265767a1ab2e310de7612d5d073d600ef4c3c5a91e21bbcb2190ffa94,defb056e6a932011f7e3df416735c2f2adc93de30bedaba4978961dd3a19114e
jurayj:MVRR:1:blocked:1:lingering,MVRR:1,blocked,True,lingering,neutral_reg_repair,No,3.850145731121302e-06,1,1.0,chatcmpl-79dae764d07ab22121f07202467bc991-a757e743,146c075c7f43a1ecadd3076d2ed9a0b64de0b6324d6a1eb5977bd34a7a90d162,94923e19a3c75a11dfa8573055f01f098eca69b1bae984c44bacb02b3211deb0,52623428b7d1897e76c119196b763b4a6063b80a8b00f9935285fad6a6dd10fd
jurayj:MVRR:1:blocked:1:intended,MVRR:1,blocked,True,intended,neutral_reg_repair,Yes,0.9980974197387695,1,0.9999999403953552,chatcmpl-79dae764d07ab22121f07202467bc991-a757e743,146c075c7f43a1ecadd3076d2ed9a0b64de0b6324d6a1eb5977bd34a7a90d162,94923e19a3c75a11dfa8573055f01f098eca69b1bae984c44bacb02b3211deb0,b757deb558de67fe22dbcc0f9ec5b3af3d3af794e5a0aedfb0ee980971a19131
jurayj:MVRR:1:blocked:1:lingering_semantic,MVRR:1,blocked,True,lingering_semantic,neutral_reg_repair,,1.006671297432149e-07,,1.0,chatcmpl-79dae764d07ab22121f07202467bc991-a757e743,146c075c7f43a1ecadd3076d2ed9a0b64de0b6324d6a1eb5977bd34a7a90d162,94923e19a3c75a11dfa8573055f01f098eca69b1bae984c44bacb02b3211deb0,375c7d64c491212bf6680dc579bc44a527d44081c50f76e11da5902748ef4980
jurayj:MVRR:1:blocked:1:intended_semantic,MVRR:1,blocked,True,intended_semantic,neutral_reg_repair,Yes,0.9999159574508667,1,1.0,chatcmpl-79dae764d07ab22121f07202467bc991-a757e743,146c075c7f43a1ecadd3076d2ed9a0b64de0b6324d6a1eb5977bd34a7a90d162,94923e19a3c75a11dfa8573055f01f098eca69b1bae984c44bacb02b3211deb0,8eff1784e9fa071975d0c6ba96189930d168ce6203eba04c3f47a787684d506b
jurayj:MVRR:1:blocked:1:simple,MVRR:1,blocked,True,simple,neutral_reg_repair,Yes,0.9999980926513672,1,1.0,chatcmpl-79dae764d07ab22121f07202467bc991-a757e743,146c075c7f43a1ecadd3076d2ed9a0b64de0b6324d6a1eb5977bd34a7a90d162,94923e19a3c75a11dfa8573055f01f098eca69b1bae984c44bacb02b3211deb0,bac063e5958c3b78485986d68706cf8e1c79c71d88291195fcd53c25fab16b46
jurayj:NPZ:1:gp:0:lingering,NPZ:1,gp,False,lingering,neutral_rev_base,No,0.0002516988606657833,1,1.0,chatcmpl-eb830bc05096c98e5eb14347e84e1beb-b1019353,3e2663d85eb1699a199c348b3f0dcc73ae1e9f602068d646a328130d6af79813,d029599950c24e933b54b2758d0b8cdcd758c73bd540cd7ad847f68ca613bcc0,602a642ec6d67b82af216a3a09a22bc90fc59cb124ed08d7e6405d688422525c
jurayj:NPZ:1:gp:0:intended,NPZ:1,gp,False,intended,neutral_rev_base,Yes,0.000986135215498507,0,1.0,chatcmpl-eb830bc05096c98e5eb14347e84e1beb-b1019353,3e2663d85eb1699a199c348b3f0dcc73ae1e9f602068d646a328130d6af79813,d029599950c24e933b54b2758d0b8cdcd758c73bd540cd7ad847f68ca613bcc0,a6ac9f54be970a9e9c1dfd48f41d96dac2ceb3f712014b0f453a216d613b9c0c
jurayj:NPZ:1:gp:0:lingering_semantic,NPZ:1,gp,False,lingering_semantic,neutral_rev_base,No,0.00022716679086443037,1,1.0,chatcmpl-eb830bc05096c98e5eb14347e84e1beb-b1019353,3e2663d85eb1699a199c348b3f0dcc73ae1e9f602068d646a328130d6af79813,d029599950c24e933b54b2758d0b8cdcd758c73bd540cd7ad847f68ca613bcc0,4a86923d0c339284d0d20fdd63c8fe9d88caa9bb00c574c89c621ab3d85c1e3b
jurayj:NPZ:1:gp:0:intended_semantic,NPZ:1,gp,False,intended_semantic,neutral_rev_base,Yes,0.000889779010321945,0,0.9999999403953552,chatcmpl-eb830bc05096c98e5eb14347e84e1beb-b1019353,3e2663d85eb1699a199c348b3f0dcc73ae1e9f602068d646a328130d6af79813,d029599950c24e933b54b2758d0b8cdcd758c73bd540cd7ad847f68ca613bcc0,9348f21fb29f0484e6dc680fb9473b25cbc15b80f75f3be71d568adb75f2f33c
jurayj:NPZ:1:explicit_cue:0:lingering,NPZ:1,explicit_cue,False,lingering,neutral_rev_base,No,1.1922327757929452e-05,1,1.0,chatcmpl-e6357c848dd56448c5bb6da0c8432908-a41f443b,e528481a1a6c329bbe3643d69764cf99640c0ce51edcfb733be7ba1d36d2c60b,bf74531265767a1ab2e310de7612d5d073d600ef4c3c5a91e21bbcb2190ffa94,d06aac17a97b25a7789fbabfa9ec782a726a66051def1e94aa731b48fc558e2e
jurayj:NPZ:1:explicit_cue:0:intended,NPZ:1,explicit_cue,False,intended,neutral_rev_base,Yes,1.0,1,1.0,chatcmpl-e6357c848dd56448c5bb6da0c8432908-a41f443b,e528481a1a6c329bbe3643d69764cf99640c0ce51edcfb733be7ba1d36d2c60b,bf74531265767a1ab2e310de7612d5d073d600ef4c3c5a91e21bbcb2190ffa94,7951b4727e05ff7d3d88723517fb7f0ff846094b09e83811d7c40b64f770e7b8
jurayj:NPZ:1:explicit_cue:0:lingering_semantic,NPZ:1,explicit_cue,False,lingering_semantic,neutral_rev_base,No,7.314773029065691e-06,1,1.0,chatcmpl-e6357c848dd56448c5bb6da0c8432908-a41f443b,e528481a1a6c329bbe3643d69764cf99640c0ce51edcfb733be7ba1d36d2c60b,bf74531265767a1ab2e310de7612d5d073d600ef4c3c5a91e21bbcb2190ffa94,5e1709b46d70ce7a336174e99ac866cd716f991a79ab6aa12ce2758e49db8c78
jurayj:NPZ:1:explicit_cue:0:intended_semantic,NPZ:1,explicit_cue,False,intended_semantic,neutral_rev_base,Yes,1.0,1,1.0,chatcmpl-e6357c848dd56448c5bb6da0c8432908-a41f443b,e528481a1a6c329bbe3643d69764cf99640c0ce51edcfb733be7ba1d36d2c60b,bf74531265767a1ab2e310de7612d5d073d600ef4c3c5a91e21bbcb2190ffa94,7043e29786bcc5e7707fa83904dd4ea104ba3fdd78e5813bad7e77fb7784740c
jurayj:MVRR:1:blocked:1:lingering,MVRR:1,blocked,True,lingering,neutral_rev_base,No,1.4129325791145675e-05,1,0.9999999403953552,chatcmpl-79dae764d07ab22121f07202467bc991-a757e743,146c075c7f43a1ecadd3076d2ed9a0b64de0b6324d6a1eb5977bd34a7a90d162,94923e19a3c75a11dfa8573055f01f098eca69b1bae984c44bacb02b3211deb0,1a825d46de3bb9ac8f781e9f405d08fce78d78f1a17eb893e2185e6b03870389
jurayj:MVRR:1:blocked:1:intended,MVRR:1,blocked,True,intended,neutral_rev_base,Yes,0.027162780985236168,0,1.0,chatcmpl-79dae764d07ab22121f07202467bc991-a757e743,146c075c7f43a1ecadd3076d2ed9a0b64de0b6324d6a1eb5977bd34a7a90d162,94923e19a3c75a11dfa8573055f01f098eca69b1bae984c44bacb02b3211deb0,4f9211f4a9a3b03ba0b6e50fc2484d28f679182a0794f43dcf878e8dc200f5dd
jurayj:MVRR:1:blocked:1:lingering_semantic,MVRR:1,blocked,True,lingering_semantic,neutral_rev_base,,8.335389793501236e-06,,1.0,chatcmpl-79dae764d07ab22121f07202467bc991-a757e743,146c075c7f43a1ecadd3076d2ed9a0b64de0b6324d6a1eb5977bd34a7a90d162,94923e19a3c75a11dfa8573055f01f098eca69b1bae984c44bacb02b3211deb0,180ad1e7bc793bbd6553cded031f8cb159df1c3483bf70ea1edc78885bbbc9f0
jurayj:MVRR:1:blocked:1:intended_semantic,MVRR:1,blocked,True,intended_semantic,neutral_rev_base,Yes,0.00023591592616867274,0,1.0000001192092896,chatcmpl-79dae764d07ab22121f07202467bc991-a757e743,146c075c7f43a1ecadd3076d2ed9a0b64de0b6324d6a1eb5977bd34a7a90d162,94923e19a3c75a11dfa8573055f01f098eca69b1bae984c44bacb02b3211deb0,0075565a0371fc904bb56a044dec0d5400121402f7770e35db3624a3336ba575
jurayj:MVRR:1:blocked:1:simple,MVRR:1,blocked,True,simple,neutral_rev_base,Yes,0.9980725646018982,1,0.9999999403953552,chatcmpl-79dae764d07ab22121f07202467bc991-a757e743,146c075c7f43a1ecadd3076d2ed9a0b64de0b6324d6a1eb5977bd34a7a90d162,94923e19a3c75a11dfa8573055f01f098eca69b1bae984c44bacb02b3211deb0,f4e3a74e9058072bdeb15b00ab56ea7b8a0e4616cae510d80d6dda0e5b42394f
jurayj:NPZ:1:gp:0:lingering,NPZ:1,gp,False,lingering,neutral_rev_repair,No,0.00010777790157590061,1,1.0,chatcmpl-eb830bc05096c98e5eb14347e84e1beb-b1019353,3e2663d85eb1699a199c348b3f0dcc73ae1e9f602068d646a328130d6af79813,d029599950c24e933b54b2758d0b8cdcd758c73bd540cd7ad847f68ca613bcc0,054986ee11be03a089bdb493bdfcafefd80e72ce54f06a632fe7363c5c64b732
jurayj:NPZ:1:gp:0:intended,NPZ:1,gp,False,intended,neutral_rev_repair,Yes,0.000386522791814059,0,1.0,chatcmpl-eb830bc05096c98e5eb14347e84e1beb-b1019353,3e2663d85eb1699a199c348b3f0dcc73ae1e9f602068d646a328130d6af79813,d029599950c24e933b54b2758d0b8cdcd758c73bd540cd7ad847f68ca613bcc0,59ba2f7c2b01f1faf8dbef4ff8e790d615ec327f431dea5a7e0315ae7bc5069f
jurayj:NPZ:1:gp:0:lingering_semantic,NPZ:1,gp,False,lingering_semantic,neutral_rev_repair,No,0.00026867364067584276,1,1.0,chatcmpl-eb830bc05096c98e5eb14347e84e1beb-b1019353,3e2663d85eb1699a199c348b3f0dcc73ae1e9f602068d646a328130d6af79813,d029599950c24e933b54b2758d0b8cdcd758c73bd540cd7ad847f68ca613bcc0,438796be168c93f4fcc76eb46f963c9267e6d0408e6ef630b0b4a02cb1803d5e
jurayj:NPZ:1:gp:0:intended_semantic,NPZ:1,gp,False,intended_semantic,neutral_rev_repair,Yes,0.00021238495537545532,0,1.0,chatcmpl-eb830bc05096c98e5eb14347e84e1beb-b1019353,3e2663d85eb1699a199c348b3f0dcc73ae1e9f602068d646a328130d6af79813,d029599950c24e933b54b2758d0b8cdcd758c73bd540cd7ad847f68ca613bcc0,f8b55034daf4e5c21874c03d353f6892d9380b0f604833d11ebda6fdd5c70e41
jurayj:NPZ:1:explicit_cue:0:lingering,NPZ:1,explicit_cue,False,lingering,neutral_rev_repair,No,4.955422809871379e-06,1,0.9999999403953552,chatcmpl-e6357c848dd56448c5bb6da0c8432908-a41f443b,e528481a1a6c329bbe3643d69764cf99640c0ce51edcfb733be7ba1d36d2c60b,bf74531265767a1ab2e310de7612d5d073d600ef4c3c5a91e21bbcb2190ffa94,0a81c178cd4eefcb4b6bd99120cacd95e87feba6c46d17516d37963a63689a9c
jurayj:NPZ:1:explicit_cue:0:intended,NPZ:1,explicit_cue,False,intended,neutral_rev_repair,Yes,0.9999998807907104,1,1.0,chatcmpl-e6357c848dd56448c5bb6da0c8432908-a41f443b,e528481a1a6c329bbe3643d69764cf99640c0ce51edcfb733be7ba1d36d2c60b,bf74531265767a1ab2e310de7612d5d073d600ef4c3c5a91e21bbcb2190ffa94,72542385893491299224b0f7b2c0724f1b26dc666c49e6a22c7013d41c59de78
jurayj:NPZ:1:explicit_cue:0:lingering_semantic,NPZ:1,explicit_cue,False,lingering_semantic,neutral_rev_repair,No,2.09938643820351e-05,1,1.0,chatcmpl-e6357c848dd56448c5bb6da0c8432908-a41f443b,e528481a1a6c329bbe3643d69764cf99640c0ce51edcfb733be7ba1d36d2c60b,bf74531265767a1ab2e310de7612d5d073d600ef4c3c5a91e21bbcb2190ffa94,4213954f3f7cf9e2001e7890e9814e6d6c106c5172993e2f576535940f619ed2
jurayj:NPZ:1:explicit_cue:0:intended_semantic,NPZ:1,explicit_cue,False,intended_semantic,neutral_rev_repair,Yes,1.0,1,1.0,chatcmpl-e6357c848dd56448c5bb6da0c8432908-a41f443b,e528481a1a6c329bbe3643d69764cf99640c0ce51edcfb733be7ba1d36d2c60b,bf74531265767a1ab2e310de7612d5d073d600ef4c3c5a91e21bbcb2190ffa94,86a8074251478ec462fba04a9b2ce77e6c6f115cffaead29c86f360a7e2c97db
jurayj:MVRR:1:blocked:1:lingering,MVRR:1,blocked,True,lingering,neutral_rev_repair,No,4.175818048679503e-06,1,1.0,chatcmpl-79dae764d07ab22121f07202467bc991-a757e743,146c075c7f43a1ecadd3076d2ed9a0b64de0b6324d6a1eb5977bd34a7a90d162,94923e19a3c75a11dfa8573055f01f098eca69b1bae984c44bacb02b3211deb0,7ea91c10da6e0051799c27f071abad1c827a118f0fa2c713eada9e1444082e4d
jurayj:MVRR:1:blocked:1:intended,MVRR:1,blocked,True,intended,neutral_rev_repair,Yes,0.0076437643729150295,0,1.0000001192092896,chatcmpl-79dae764d07ab22121f07202467bc991-a757e743,146c075c7f43a1ecadd3076d2ed9a0b64de0b6324d6a1eb5977bd34a7a90d162,94923e19a3c75a11dfa8573055f01f098eca69b1bae984c44bacb02b3211deb0,82e42c01bf34b837ba3d3cd4974bfb930a787131ed04aeae6548d38c09134fed
jurayj:MVRR:1:blocked:1:lingering_semantic,MVRR:1,blocked,True,lingering_semantic,neutral_rev_repair,,1.4657962310593575e-05,,1.0,chatcmpl-79dae764d07ab22121f07202467bc991-a757e743,146c075c7f43a1ecadd3076d2ed9a0b64de0b6324d6a1eb5977bd34a7a90d162,94923e19a3c75a11dfa8573055f01f098eca69b1bae984c44bacb02b3211deb0,d58e98f4a71b48ee35cee0fa65edbeabc003b74f480c2465a58f4b1e5d0cf290
jurayj:MVRR:1:blocked:1:intended_semantic,MVRR:1,blocked,True,intended_semantic,neutral_rev_repair,Yes,0.00011953883949900046,0,1.0,chatcmpl-79dae764d07ab22121f07202467bc991-a757e743,146c075c7f43a1ecadd3076d2ed9a0b64de0b6324d6a1eb5977bd34a7a90d162,94923e19a3c75a11dfa8573055f01f098eca69b1bae984c44bacb02b3211deb0,7544eda3dad3f8a4ac2ac56f3ed62402c4be1cdbe634db4396a68bfb0cd47d3b
jurayj:MVRR:1:blocked:1:simple,MVRR:1,blocked,True,simple,neutral_rev_repair,Yes,0.9573339223861694,1,1.0,chatcmpl-79dae764d07ab22121f07202467bc991-a757e743,146c075c7f43a1ecadd3076d2ed9a0b64de0b6324d6a1eb5977bd34a7a90d162,94923e19a3c75a11dfa8573055f01f098eca69b1bae984c44bacb02b3211deb0,e5f8bd0e1d5b3a6da4fd8cef8de83fe83239d9cc169d59925a4f4856e7cd5bd3
jurayj:NPZ:1:gp:0:lingering,NPZ:1,gp,False,lingering,upstream_reg_base,No,4.550163907879323e-07,1,0.9999994039535522,chatcmpl-eb830bc05096c98e5eb14347e84e1beb-b1019353,3e2663d85eb1699a199c348b3f0dcc73ae1e9f602068d646a328130d6af79813,d029599950c24e933b54b2758d0b8cdcd758c73bd540cd7ad847f68ca613bcc0,edda09ed41e5d8a03c6bcbbb5672d693c45964f1553a4189bb6eaf430c874a79
jurayj:NPZ:1:gp:0:intended,NPZ:1,gp,False,intended,upstream_reg_base,Yes,2.587937342468649e-05,0,0.9999986886978149,chatcmpl-eb830bc05096c98e5eb14347e84e1beb-b1019353,3e2663d85eb1699a199c348b3f0dcc73ae1e9f602068d646a328130d6af79813,d029599950c24e933b54b2758d0b8cdcd758c73bd540cd7ad847f68ca613bcc0,54a72fed4d5af0f2d6bd91ee5fad566a553d1faec0333c0f49f532bcc8b7b957
jurayj:NPZ:1:gp:0:lingering_semantic,NPZ:1,gp,False,lingering_semantic,upstream_reg_base,No,1.1022827493434306e-05,1,1.0,chatcmpl-eb830bc05096c98e5eb14347e84e1beb-b1019353,3e2663d85eb1699a199c348b3f0dcc73ae1e9f602068d646a328130d6af79813,d029599950c24e933b54b2758d0b8cdcd758c73bd540cd7ad847f68ca613bcc0,2960ffa16ff0e84ae16c2ade6e48971945471d90c9cbcd722469437a0b33ea35
jurayj:NPZ:1:gp:0:intended_semantic,NPZ:1,gp,False,intended_semantic,upstream_reg_base,Yes,1.0,1,1.0,chatcmpl-eb830bc05096c98e5eb14347e84e1beb-b1019353,3e2663d85eb1699a199c348b3f0dcc73ae1e9f602068d646a328130d6af79813,d029599950c24e933b54b2758d0b8cdcd758c73bd540cd7ad847f68ca613bcc0,8486045834e912103c10c1a347acd63d4862cbf64a78410a1f00cc40a64255ce
jurayj:NPZ:1:explicit_cue:0:lingering,NPZ:1,explicit_cue,False,lingering,upstream_reg_base,No,2.85782664199985e-09,1,0.9999998807907104,chatcmpl-e6357c848dd56448c5bb6da0c8432908-a41f443b,e528481a1a6c329bbe3643d69764cf99640c0ce51edcfb733be7ba1d36d2c60b,bf74531265767a1ab2e310de7612d5d073d600ef4c3c5a91e21bbcb2190ffa94,baa2c4e50ee37aae52b323df3222fe5e9b8873aca7adcbcce4c27090dc7ab29a
jurayj:NPZ:1:explicit_cue:0:intended,NPZ:1,explicit_cue,False,intended,upstream_reg_base,Yes,1.0,1,1.0,chatcmpl-e6357c848dd56448c5bb6da0c8432908-a41f443b,e528481a1a6c329bbe3643d69764cf99640c0ce51edcfb733be7ba1d36d2c60b,bf74531265767a1ab2e310de7612d5d073d600ef4c3c5a91e21bbcb2190ffa94,bd372de6e5796f1e9aff9c6b60757a4323b5b31d11ab6a836a27281882569c52
jurayj:NPZ:1:explicit_cue:0:lingering_semantic,NPZ:1,explicit_cue,False,lingering_semantic,upstream_reg_base,No,1.4418182203712604e-09,1,1.0,chatcmpl-e6357c848dd56448c5bb6da0c8432908-a41f443b,e528481a1a6c329bbe3643d69764cf99640c0ce51edcfb733be7ba1d36d2c60b,bf74531265767a1ab2e310de7612d5d073d600ef4c3c5a91e21bbcb2190ffa94,d200808b1b925dccbbc78f6f9f55f011b5e4dc806159729ad43af61ca8b5f93c
jurayj:NPZ:1:explicit_cue:0:intended_semantic,NPZ:1,explicit_cue,False,intended_semantic,upstream_reg_base,Yes,1.0,1,1.0,chatcmpl-e6357c848dd56448c5bb6da0c8432908-a41f443b,e528481a1a6c329bbe3643d69764cf99640c0ce51edcfb733be7ba1d36d2c60b,bf74531265767a1ab2e310de7612d5d073d600ef4c3c5a91e21bbcb2190ffa94,fde420c5ac25fb2623d4059643fd94fabdf0ed48949f9183f8d8e77a88290b8f
jurayj:MVRR:1:blocked:1:lingering,MVRR:1,blocked,True,lingering,upstream_reg_base,No,8.998023437456482e-10,1,0.9999998807907104,chatcmpl-79dae764d07ab22121f07202467bc991-a757e743,146c075c7f43a1ecadd3076d2ed9a0b64de0b6324d6a1eb5977bd34a7a90d162,94923e19a3c75a11dfa8573055f01f098eca69b1bae984c44bacb02b3211deb0,4b2aeaeee9b067966f4eead73f77970009faee9672d8c4f9ebbbcd96c51d2afb
jurayj:MVRR:1:blocked:1:intended,MVRR:1,blocked,True,intended,upstream_reg_base,Yes,0.9999995231628418,1,1.0,chatcmpl-79dae764d07ab22121f07202467bc991-a757e743,146c075c7f43a1ecadd3076d2ed9a0b64de0b6324d6a1eb5977bd34a7a90d162,94923e19a3c75a11dfa8573055f01f098eca69b1bae984c44bacb02b3211deb0,be4a7953b65beea8c1841b567b0dd83a7e9b609f1282fc4fdd9612b661c52fa6
jurayj:MVRR:1:blocked:1:lingering_semantic,MVRR:1,blocked,True,lingering_semantic,upstream_reg_base,,3.120084191010619e-10,,0.9999998807907104,chatcmpl-79dae764d07ab22121f07202467bc991-a757e743,146c075c7f43a1ecadd3076d2ed9a0b64de0b6324d6a1eb5977bd34a7a90d162,94923e19a3c75a11dfa8573055f01f098eca69b1bae984c44bacb02b3211deb0,b7bb8b0ee2539113fcd98a155682ed1edb6a019f39f3b8ba921ede9259bd65d9
jurayj:MVRR:1:blocked:1:intended_semantic,MVRR:1,blocked,True,intended_semantic,upstream_reg_base,Yes,1.0,1,1.0,chatcmpl-79dae764d07ab22121f07202467bc991-a757e743,146c075c7f43a1ecadd3076d2ed9a0b64de0b6324d6a1eb5977bd34a7a90d162,94923e19a3c75a11dfa8573055f01f098eca69b1bae984c44bacb02b3211deb0,49f553185715b1173190b2a5acf7bf9ab589428756a76325008bc9e02d73f8ce
jurayj:MVRR:1:blocked:1:simple,MVRR:1,blocked,True,simple,upstream_reg_base,Yes,1.0,1,1.0,chatcmpl-79dae764d07ab22121f07202467bc991-a757e743,146c075c7f43a1ecadd3076d2ed9a0b64de0b6324d6a1eb5977bd34a7a90d162,94923e19a3c75a11dfa8573055f01f098eca69b1bae984c44bacb02b3211deb0,15a77073fc2dbe6be833a598264eeb5b4beb7d6dc7a19cd2c57ecc942701fcac
jurayj:NPZ:1:gp:0:lingering,NPZ:1,gp,False,lingering,upstream_reg_repair,No,2.5960350740206195e-06,1,0.9999991655349731,chatcmpl-eb830bc05096c98e5eb14347e84e1beb-b1019353,3e2663d85eb1699a199c348b3f0dcc73ae1e9f602068d646a328130d6af79813,d029599950c24e933b54b2758d0b8cdcd758c73bd540cd7ad847f68ca613bcc0,68db3f1326f69d33132c0118005ec99704b911eee39b1e63235ed4862f209562
jurayj:NPZ:1:gp:0:intended,NPZ:1,gp,False,intended,upstream_reg_repair,Yes,1.0238730283163022e-05,0,0.9999489784240723,chatcmpl-eb830bc05096c98e5eb14347e84e1beb-b1019353,3e2663d85eb1699a199c348b3f0dcc73ae1e9f602068d646a328130d6af79813,d029599950c24e933b54b2758d0b8cdcd758c73bd540cd7ad847f68ca613bcc0,0815c34c79759080a2f6fb02ff14c26a3a66bc5bfa23e5f3e2cd3dbb63c2d270
jurayj:NPZ:1:gp:0:lingering_semantic,NPZ:1,gp,False,lingering_semantic,upstream_reg_repair,No,1.5730000086477958e-05,1,0.9999998807907104,chatcmpl-eb830bc05096c98e5eb14347e84e1beb-b1019353,3e2663d85eb1699a199c348b3f0dcc73ae1e9f602068d646a328130d6af79813,d029599950c24e933b54b2758d0b8cdcd758c73bd540cd7ad847f68ca613bcc0,da8008d2d7609b0d460bc7868ddcdc72f4e45af8b6100d864c49f06736b84847
jurayj:NPZ:1:gp:0:intended_semantic,NPZ:1,gp,False,intended_semantic,upstream_reg_repair,Yes,0.9999998807907104,1,1.0,chatcmpl-eb830bc05096c98e5eb14347e84e1beb-b1019353,3e2663d85eb1699a199c348b3f0dcc73ae1e9f602068d646a328130d6af79813,d029599950c24e933b54b2758d0b8cdcd758c73bd540cd7ad847f68ca613bcc0,9aed318792d791fec46953df626d8ba4c588c3f6a2f2dd4223371787c7c3b798
jurayj:NPZ:1:explicit_cue:0:lingering,NPZ:1,explicit_cue,False,lingering,upstream_reg_repair,No,7.316489192277231e-09,1,0.9999998807907104,chatcmpl-e6357c848dd56448c5bb6da0c8432908-a41f443b,e528481a1a6c329bbe3643d69764cf99640c0ce51edcfb733be7ba1d36d2c60b,bf74531265767a1ab2e310de7612d5d073d600ef4c3c5a91e21bbcb2190ffa94,1e01af2ebec0888effdb867e8ee42e66b12c45482402f15bb1d7125395bd35ef
jurayj:NPZ:1:explicit_cue:0:intended,NPZ:1,explicit_cue,False,intended,upstream_reg_repair,Yes,0.9999996423721313,1,0.9999896287918091,chatcmpl-e6357c848dd56448c5bb6da0c8432908-a41f443b,e528481a1a6c329bbe3643d69764cf99640c0ce51edcfb733be7ba1d36d2c60b,bf74531265767a1ab2e310de7612d5d073d600ef4c3c5a91e21bbcb2190ffa94,30a0f0e7bf3ad218331933b38e690c9aebb202c17b2046954b36f8ebef275216
jurayj:NPZ:1:explicit_cue:0:lingering_semantic,NPZ:1,explicit_cue,False,lingering_semantic,upstream_reg_repair,No,2.430170953360289e-09,1,1.0,chatcmpl-e6357c848dd56448c5bb6da0c8432908-a41f443b,e528481a1a6c329bbe3643d69764cf99640c0ce51edcfb733be7ba1d36d2c60b,bf74531265767a1ab2e310de7612d5d073d600ef4c3c5a91e21bbcb2190ffa94,7eabdefe319fe8b384e896bc162ded9a86e91a69c36f2d6f8cf79dc1786a9e09
jurayj:NPZ:1:explicit_cue:0:intended_semantic,NPZ:1,explicit_cue,False,intended_semantic,upstream_reg_repair,Yes,1.0,1,1.0,chatcmpl-e6357c848dd56448c5bb6da0c8432908-a41f443b,e528481a1a6c329bbe3643d69764cf99640c0ce51edcfb733be7ba1d36d2c60b,bf74531265767a1ab2e310de7612d5d073d600ef4c3c5a91e21bbcb2190ffa94,2bf8ea13a2ae3c80f6481641e9088d24d9342ad24ed4e952c5fa13985f2734cb
jurayj:MVRR:1:blocked:1:lingering,MVRR:1,blocked,True,lingering,upstream_reg_repair,No,4.713863077654423e-09,1,0.9999865293502808,chatcmpl-79dae764d07ab22121f07202467bc991-a757e743,146c075c7f43a1ecadd3076d2ed9a0b64de0b6324d6a1eb5977bd34a7a90d162,94923e19a3c75a11dfa8573055f01f098eca69b1bae984c44bacb02b3211deb0,222d4c3dee1224e4191ac0f459757b4e15ddec2033505b196d55c03bf23bd394
jurayj:MVRR:1:blocked:1:intended,MVRR:1,blocked,True,intended,upstream_reg_repair,Yes,0.9999979138374329,1,0.9999099373817444,chatcmpl-79dae764d07ab22121f07202467bc991-a757e743,146c075c7f43a1ecadd3076d2ed9a0b64de0b6324d6a1eb5977bd34a7a90d162,94923e19a3c75a11dfa8573055f01f098eca69b1bae984c44bacb02b3211deb0,3fe1c2d73d920e5752dee4fc3116dd350859234e95c9f784e489381172a80b24
jurayj:MVRR:1:blocked:1:lingering_semantic,MVRR:1,blocked,True,lingering_semantic,upstream_reg_repair,,3.767879785954165e-09,,1.0,chatcmpl-79dae764d07ab22121f07202467bc991-a757e743,146c075c7f43a1ecadd3076d2ed9a0b64de0b6324d6a1eb5977bd34a7a90d162,94923e19a3c75a11dfa8573055f01f098eca69b1bae984c44bacb02b3211deb0,d71af019513b6bb11e8a9adb0fd185604f49de46a1908e5d744bb3766beba06d
jurayj:MVRR:1:blocked:1:intended_semantic,MVRR:1,blocked,True,intended_semantic,upstream_reg_repair,Yes,0.9999969601631165,1,0.9999997019767761,chatcmpl-79dae764d07ab22121f07202467bc991-a757e743,146c075c7f43a1ecadd3076d2ed9a0b64de0b6324d6a1eb5977bd34a7a90d162,94923e19a3c75a11dfa8573055f01f098eca69b1bae984c44bacb02b3211deb0,19767d79454b047bd8698bea8854049f6784b387980a7fa4afd66ad8d4d06aac
jurayj:MVRR:1:blocked:1:simple,MVRR:1,blocked,True,simple,upstream_reg_repair,Yes,0.9999997019767761,1,0.9999998211860657,chatcmpl-79dae764d07ab22121f07202467bc991-a757e743,146c075c7f43a1ecadd3076d2ed9a0b64de0b6324d6a1eb5977bd34a7a90d162,94923e19a3c75a11dfa8573055f01f098eca69b1bae984c44bacb02b3211deb0,762d6cd20c41e72312c360b0c807504df48ac8348003737eb037006afbf38394
jurayj:NPZ:1:gp:0:lingering,NPZ:1,gp,False,lingering,upstream_rev_base,No,1.927827725012321e-06,1,1.0,chatcmpl-eb830bc05096c98e5eb14347e84e1beb-b1019353,3e2663d85eb1699a199c348b3f0dcc73ae1e9f602068d646a328130d6af79813,d029599950c24e933b54b2758d0b8cdcd758c73bd540cd7ad847f68ca613bcc0,67eb038fe127db9968a38b49665c36b3f16070cba0408c83e34ba8b9b2cc6f46
jurayj:NPZ:1:gp:0:intended,NPZ:1,gp,False,intended,upstream_rev_base,Yes,1.3074683920422103e-05,0,0.9999999403953552,chatcmpl-eb830bc05096c98e5eb14347e84e1beb-b1019353,3e2663d85eb1699a199c348b3f0dcc73ae1e9f602068d646a328130d6af79813,d029599950c24e933b54b2758d0b8cdcd758c73bd540cd7ad847f68ca613bcc0,063f59b3ce1071a5e3ff2e3f5259ca9ac3dbe3dd7e69ee03007e95a77a2d5c99
jurayj:NPZ:1:gp:0:lingering_semantic,NPZ:1,gp,False,lingering_semantic,upstream_rev_base,No,0.00015406867896672338,1,0.9999982714653015,chatcmpl-eb830bc05096c98e5eb14347e84e1beb-b1019353,3e2663d85eb1699a199c348b3f0dcc73ae1e9f602068d646a328130d6af79813,d029599950c24e933b54b2758d0b8cdcd758c73bd540cd7ad847f68ca613bcc0,b80d012751044d9dcee542cb6d79bbe59650b83977fad783d3c2c352746bbea8
jurayj:NPZ:1:gp:0:intended_semantic,NPZ:1,gp,False,intended_semantic,upstream_rev_base,Yes,1.6669713431838318e-06,0,1.0,chatcmpl-eb830bc05096c98e5eb14347e84e1beb-b1019353,3e2663d85eb1699a199c348b3f0dcc73ae1e9f602068d646a328130d6af79813,d029599950c24e933b54b2758d0b8cdcd758c73bd540cd7ad847f68ca613bcc0,b8866b0970811403a13cb94344c29a5d11d38cc4f4c488f513aae343d6491b8e
jurayj:NPZ:1:explicit_cue:0:lingering,NPZ:1,explicit_cue,False,lingering,upstream_rev_base,No,4.7842000583386834e-08,1,1.0,chatcmpl-e6357c848dd56448c5bb6da0c8432908-a41f443b,e528481a1a6c329bbe3643d69764cf99640c0ce51edcfb733be7ba1d36d2c60b,bf74531265767a1ab2e310de7612d5d073d600ef4c3c5a91e21bbcb2190ffa94,cf9d5293fddee9b5c1798e03cf7a01fc0e2dcd1c35ab465c687ca67af59de341
jurayj:NPZ:1:explicit_cue:0:intended,NPZ:1,explicit_cue,False,intended,upstream_rev_base,Yes,0.9999024868011475,1,1.0,chatcmpl-e6357c848dd56448c5bb6da0c8432908-a41f443b,e528481a1a6c329bbe3643d69764cf99640c0ce51edcfb733be7ba1d36d2c60b,bf74531265767a1ab2e310de7612d5d073d600ef4c3c5a91e21bbcb2190ffa94,bf696111fdf548a506ba8ab3e4485ef8da12599e7c0575600c3cb14c4b3a8900
jurayj:NPZ:1:explicit_cue:0:lingering_semantic,NPZ:1,explicit_cue,False,lingering_semantic,upstream_rev_base,No,9.251347421468381e-08,1,1.0,chatcmpl-e6357c848dd56448c5bb6da0c8432908-a41f443b,e528481a1a6c329bbe3643d69764cf99640c0ce51edcfb733be7ba1d36d2c60b,bf74531265767a1ab2e310de7612d5d073d600ef4c3c5a91e21bbcb2190ffa94,6a44bb1144c92cbfe5ca74cf3884aec2ead8daa9c0b80a5f666c2907c7bd61d6
jurayj:NPZ:1:explicit_cue:0:intended_semantic,NPZ:1,explicit_cue,False,intended_semantic,upstream_rev_base,Yes,1.0,1,1.0,chatcmpl-e6357c848dd56448c5bb6da0c8432908-a41f443b,e528481a1a6c329bbe3643d69764cf99640c0ce51edcfb733be7ba1d36d2c60b,bf74531265767a1ab2e310de7612d5d073d600ef4c3c5a91e21bbcb2190ffa94,4f4c4b1a65589f5909560603136b64d33de64ab5d37272156ed8b32c30729526
jurayj:MVRR:1:blocked:1:lingering,MVRR:1,blocked,True,lingering,upstream_rev_base,No,3.1384175258608593e-07,1,0.9999999403953552,chatcmpl-79dae764d07ab22121f07202467bc991-a757e743,146c075c7f43a1ecadd3076d2ed9a0b64de0b6324d6a1eb5977bd34a7a90d162,94923e19a3c75a11dfa8573055f01f098eca69b1bae984c44bacb02b3211deb0,2a59499b8a8eee9969b37480242d7e6de46ab4e34ac3aebbb55c05a18f395e9a
jurayj:MVRR:1:blocked:1:intended,MVRR:1,blocked,True,intended,upstream_rev_base,Yes,0.009769030846655369,0,1.0,chatcmpl-79dae764d07ab22121f07202467bc991-a757e743,146c075c7f43a1ecadd3076d2ed9a0b64de0b6324d6a1eb5977bd34a7a90d162,94923e19a3c75a11dfa8573055f01f098eca69b1bae984c44bacb02b3211deb0,f2f6980ea3a834dd70d7bc10172a0fcdf6ca21655920ba0237c29d8f1b3e2853
jurayj:MVRR:1:blocked:1:lingering_semantic,MVRR:1,blocked,True,lingering_semantic,upstream_rev_base,,4.648127742257202e-06,,0.9999873638153076,chatcmpl-79dae764d07ab22121f07202467bc991-a757e743,146c075c7f43a1ecadd3076d2ed9a0b64de0b6324d6a1eb5977bd34a7a90d162,94923e19a3c75a11dfa8573055f01f098eca69b1bae984c44bacb02b3211deb0,6bd9cf1df61255ea5d38bbcb69f2ae79e7a9fd263324302653aea237a08936e3
jurayj:MVRR:1:blocked:1:intended_semantic,MVRR:1,blocked,True,intended_semantic,upstream_rev_base,Yes,0.015569178387522697,0,0.9997848272323608,chatcmpl-79dae764d07ab22121f07202467bc991-a757e743,146c075c7f43a1ecadd3076d2ed9a0b64de0b6324d6a1eb5977bd34a7a90d162,94923e19a3c75a11dfa8573055f01f098eca69b1bae984c44bacb02b3211deb0,3e4aee2015f3032d242fbc583ac6230ab8498be083c9d0437fe4e18eb5b2bd76
jurayj:MVRR:1:blocked:1:simple,MVRR:1,blocked,True,simple,upstream_rev_base,Yes,0.9999984502792358,1,1.0,chatcmpl-79dae764d07ab22121f07202467bc991-a757e743,146c075c7f43a1ecadd3076d2ed9a0b64de0b6324d6a1eb5977bd34a7a90d162,94923e19a3c75a11dfa8573055f01f098eca69b1bae984c44bacb02b3211deb0,87ca5d886bb48e346c43405766b8a1f5568541791286170c6b25e01b7fd5536f
jurayj:NPZ:1:gp:0:lingering,NPZ:1,gp,False,lingering,upstream_rev_repair,No,3.4509071156207938e-06,1,0.9999997615814209,chatcmpl-eb830bc05096c98e5eb14347e84e1beb-b1019353,3e2663d85eb1699a199c348b3f0dcc73ae1e9f602068d646a328130d6af79813,d029599950c24e933b54b2758d0b8cdcd758c73bd540cd7ad847f68ca613bcc0,47993572b14125403f39ae3f5c71f6aa37fcdd6854948a7925539e42e9c8b8b9
jurayj:NPZ:1:gp:0:intended,NPZ:1,gp,False,intended,upstream_rev_repair,Yes,2.525801392039284e-05,0,0.9999487400054932,chatcmpl-eb830bc05096c98e5eb14347e84e1beb-b1019353,3e2663d85eb1699a199c348b3f0dcc73ae1e9f602068d646a328130d6af79813,d029599950c24e933b54b2758d0b8cdcd758c73bd540cd7ad847f68ca613bcc0,7a8c97fed7bc081d0b1f026b5101d9ddd93763582ebe50e0b7f73f616aa86460
jurayj:NPZ:1:gp:0:lingering_semantic,NPZ:1,gp,False,lingering_semantic,upstream_rev_repair,No,0.00010161074897041544,1,0.9997808933258057,chatcmpl-eb830bc05096c98e5eb14347e84e1beb-b1019353,3e2663d85eb1699a199c348b3f0dcc73ae1e9f602068d646a328130d6af79813,d029599950c24e933b54b2758d0b8cdcd758c73bd540cd7ad847f68ca613bcc0,ba4ba26dd1d303c9f828780163981a4cba3e8732b0f0a7890618298195c2a845
jurayj:NPZ:1:gp:0:intended_semantic,NPZ:1,gp,False,intended_semantic,upstream_rev_repair,Yes,1.489625105932646e-06,0,0.9999989867210388,chatcmpl-eb830bc05096c98e5eb14347e84e1beb-b1019353,3e2663d85eb1699a199c348b3f0dcc73ae1e9f602068d646a328130d6af79813,d029599950c24e933b54b2758d0b8cdcd758c73bd540cd7ad847f68ca613bcc0,274559fd11edc1c9a9f62232083a1e0729a5c918a4b11495269e0f1e863d018e
jurayj:NPZ:1:explicit_cue:0:lingering,NPZ:1,explicit_cue,False,lingering,upstream_rev_repair,No,1.6273205005745695e-07,1,0.9999999403953552,chatcmpl-e6357c848dd56448c5bb6da0c8432908-a41f443b,e528481a1a6c329bbe3643d69764cf99640c0ce51edcfb733be7ba1d36d2c60b,bf74531265767a1ab2e310de7612d5d073d600ef4c3c5a91e21bbcb2190ffa94,c3a9706f5a9c08b6f710b213f25a9787ff54f5095b38e39b93bd09b19e9c6928
jurayj:NPZ:1:explicit_cue:0:intended,NPZ:1,explicit_cue,False,intended,upstream_rev_repair,Yes,0.9413589835166931,1,0.9972303509712219,chatcmpl-e6357c848dd56448c5bb6da0c8432908-a41f443b,e528481a1a6c329bbe3643d69764cf99640c0ce51edcfb733be7ba1d36d2c60b,bf74531265767a1ab2e310de7612d5d073d600ef4c3c5a91e21bbcb2190ffa94,3c2255632113a780ad78c026eb52c8b43c6ca2e6a5e42c9379b9e1dfb169d7d0
jurayj:NPZ:1:explicit_cue:0:lingering_semantic,NPZ:1,explicit_cue,False,lingering_semantic,upstream_rev_repair,No,2.2112628528248024e-07,1,0.9999986886978149,chatcmpl-e6357c848dd56448c5bb6da0c8432908-a41f443b,e528481a1a6c329bbe3643d69764cf99640c0ce51edcfb733be7ba1d36d2c60b,bf74531265767a1ab2e310de7612d5d073d600ef4c3c5a91e21bbcb2190ffa94,5348fb12215d69249fb84069393bf84e438eaf97278ca0c062f8f357e30b5789
jurayj:NPZ:1:explicit_cue:0:intended_semantic,NPZ:1,explicit_cue,False,intended_semantic,upstream_rev_repair,Yes,0.9999998807907104,1,1.0,chatcmpl-e6357c848dd56448c5bb6da0c8432908-a41f443b,e528481a1a6c329bbe3643d69764cf99640c0ce51edcfb733be7ba1d36d2c60b,bf74531265767a1ab2e310de7612d5d073d600ef4c3c5a91e21bbcb2190ffa94,e4dce78222ccf6ecb0e3a7a65ecde85a8509a558593914056d717387500cbdc0
jurayj:MVRR:1:blocked:1:lingering,MVRR:1,blocked,True,lingering,upstream_rev_repair,No,1.2309592420933768e-06,1,0.9999508261680603,chatcmpl-79dae764d07ab22121f07202467bc991-a757e743,146c075c7f43a1ecadd3076d2ed9a0b64de0b6324d6a1eb5977bd34a7a90d162,94923e19a3c75a11dfa8573055f01f098eca69b1bae984c44bacb02b3211deb0,e91bbf3f43f0d4646adb13088bd245abd73b2b7a58661aedc9b476645e4d996a
jurayj:MVRR:1:blocked:1:intended,MVRR:1,blocked,True,intended,upstream_rev_repair,Yes,0.006140760146081448,0,0.9999372959136963,chatcmpl-79dae764d07ab22121f07202467bc991-a757e743,146c075c7f43a1ecadd3076d2ed9a0b64de0b6324d6a1eb5977bd34a7a90d162,94923e19a3c75a11dfa8573055f01f098eca69b1bae984c44bacb02b3211deb0,d90a6dd56dbde04638741652b8eb988d5122fe7514492e3f5236eca5f43b44f7
jurayj:MVRR:1:blocked:1:lingering_semantic,MVRR:1,blocked,True,lingering_semantic,upstream_rev_repair,,7.979892689036205e-05,,0.9995958805084229,chatcmpl-79dae764d07ab22121f07202467bc991-a757e743,146c075c7f43a1ecadd3076d2ed9a0b64de0b6324d6a1eb5977bd34a7a90d162,94923e19a3c75a11dfa8573055f01f098eca69b1bae984c44bacb02b3211deb0,1b4f8f9843464529dad13b0e0f1dc19682a7c8426c01da5a68d8fdbf84e17f00
jurayj:MVRR:1:blocked:1:intended_semantic,MVRR:1,blocked,True,intended_semantic,upstream_rev_repair,Yes,0.009510906413197517,0,0.9961580038070679,chatcmpl-79dae764d07ab22121f07202467bc991-a757e743,146c075c7f43a1ecadd3076d2ed9a0b64de0b6324d6a1eb5977bd34a7a90d162,94923e19a3c75a11dfa8573055f01f098eca69b1bae984c44bacb02b3211deb0,747ffaab45272ef9a2fdc4b664bb6e2d6d547aa0a9fa962386de6605ed8300da
jurayj:MVRR:1:blocked:1:simple,MVRR:1,blocked,True,simple,upstream_rev_repair,Yes,0.9996199011802673,1,0.9999967217445374,chatcmpl-79dae764d07ab22121f07202467bc991-a757e743,146c075c7f43a1ecadd3076d2ed9a0b64de0b6324d6a1eb5977bd34a7a90d162,94923e19a3c75a11dfa8573055f01f098eca69b1bae984c44bacb02b3211deb0,3bfba4c7c9fcf163578baaa762b0b5f39fb0c576a801888d8b019ffa5547bc4f
