item_id,pair_id,source_np_option,condition,episode_anchor,role_evidence,target_kind,target_total_bits,eligible,acceptable,clear_role_evidence,audit_event_scope,audit_target_episode_scope
E19:E14:slattery2013:1:0:gp:same:source_np:reference_only:source_np,Slattery:1,0,gp,same,reference_only,source_np,6.607314862310886,True,True,True,original_episode,original_episode
E19:E14:slattery2013:1:0:gp:same:source_np:reference_only:other_source_np,Slattery:1,0,gp,same,reference_only,other_source_np,21.54019546508789,True,True,True,original_episode,original_episode
E19:E14:slattery2013:1:0:gp:same:source_np:reference_only:source_reference,Slattery:1,0,gp,same,reference_only,source_reference,0.6391177773475647,True,True,True,original_episode,original_episode
E19:E14:slattery2013:1:0:gp:same:source_np:initial_patient_only:source_np,Slattery:1,0,gp,same,initial_patient_only,source_np,1.2049269257113338,True,True,True,original_episode,original_episode
E19:E14:slattery2013:1:0:gp:same:source_np:initial_patient_only:other_source_np,Slattery:1,0,gp,same,initial_patient_only,other_source_np,25.59053909778595,True,True,True,original_episode,original_episode
E19:E14:slattery2013:1:0:gp:same:source_np:initial_patient_only:source_reference,Slattery:1,0,gp,same,initial_patient_only,source_reference,15.649106979370117,True,True,True,original_episode,original_episode
E19:E14:slattery2013:1:0:explicit_cue:same:source_np:reference_only:source_np,Slattery:1,0,explicit_cue,same,reference_only,source_np,9.085760712623596,True,True,True,original_episode,original_episode
E19:E14:slattery2013:1:0:explicit_cue:same:source_np:reference_only:other_source_np,Slattery:1,0,explicit_cue,same,reference_only,other_source_np,19.935763359069824,True,True,True,original_episode,original_episode
E19:E14:slattery2013:1:0:explicit_cue:same:source_np:reference_only:source_reference,Slattery:1,0,explicit_cue,same,reference_only,source_reference,1.2892616987228394,True,True,True,original_episode,original_episode
E19:E14:slattery2013:1:0:explicit_cue:same:source_np:initial_patient_only:source_np,Slattery:1,0,explicit_cue,same,initial_patient_only,source_np,1.2442985952366143,True,True,True,original_episode,original_episode
E19:E14:slattery2013:1:0:explicit_cue:same:source_np:initial_patient_only:other_source_np,Slattery:1,0,explicit_cue,same,initial_patient_only,other_source_np,23.36529517173767,True,True,True,original_episode,original_episode
E19:E14:slattery2013:1:0:explicit_cue:same:source_np:initial_patient_only:source_reference,Slattery:1,0,explicit_cue,same,initial_patient_only,source_reference,13.70801830291748,True,True,True,original_episode,original_episode
E19:E14:slattery2013:1:1:gp:same:source_np:reference_only:source_np,Slattery:1,1,gp,same,reference_only,source_np,4.491000942885876,True,True,True,original_episode,original_episode
E19:E14:slattery2013:1:1:gp:same:source_np:reference_only:other_source_np,Slattery:1,1,gp,same,reference_only,other_source_np,21.626993656158447,True,True,True,original_episode,original_episode
E19:E14:slattery2013:1:1:gp:same:source_np:reference_only:source_reference,Slattery:1,1,gp,same,reference_only,source_reference,0.8750724792480469,True,True,True,original_episode,original_episode
E19:E14:slattery2013:1:1:gp:same:source_np:initial_patient_only:source_np,Slattery:1,1,gp,same,initial_patient_only,source_np,1.1953042140230536,True,True,True,original_episode,original_episode
E19:E14:slattery2013:1:1:gp:same:source_np:initial_patient_only:other_source_np,Slattery:1,1,gp,same,initial_patient_only,other_source_np,22.88741099834442,True,True,True,original_episode,original_episode
E19:E14:slattery2013:1:1:gp:same:source_np:initial_patient_only:source_reference,Slattery:1,1,gp,same,initial_patient_only,source_reference,11.275400161743164,True,True,True,original_episode,original_episode
E19:E14:slattery2013:1:1:explicit_cue:same:source_np:reference_only:source_np,Slattery:1,1,explicit_cue,same,reference_only,source_np,6.642704486846924,True,True,True,original_episode,original_episode
E19:E14:slattery2013:1:1:explicit_cue:same:source_np:reference_only:other_source_np,Slattery:1,1,explicit_cue,same,reference_only,other_source_np,20.39057207107544,True,True,True,original_episode,original_episode
E19:E14:slattery2013:1:1:explicit_cue:same:source_np:reference_only:source_reference,Slattery:1,1,explicit_cue,same,reference_only,source_reference,1.2774430513381958,True,True,True,original_episode,original_episode
E19:E14:slattery2013:1:1:explicit_cue:same:source_np:initial_patient_only:source_np,Slattery:1,1,explicit_cue,same,initial_patient_only,source_np,1.4584541385993361,True,True,True,original_episode,original_episode
E19:E14:slattery2013:1:1:explicit_cue:same:source_np:initial_patient_only:other_source_np,Slattery:1,1,explicit_cue,same,initial_patient_only,other_source_np,25.385096669197083,True,True,True,original_episode,original_episode
E19:E14:slattery2013:1:1:explicit_cue:same:source_np:initial_patient_only:source_reference,Slattery:1,1,explicit_cue,same,initial_patient_only,source_reference,6.763791561126709,True,True,True,original_episode,original_episode
E19:E14:slattery2013:3:0:gp:same:source_np:reference_only:source_np,Slattery:3,0,gp,same,reference_only,source_np,0.14477086113765836,True,True,True,original_episode,original_episode
E19:E14:slattery2013:3:0:gp:same:source_np:reference_only:other_source_np,Slattery:3,0,gp,same,reference_only,other_source_np,23.48841243982315,True,True,True,original_episode,original_episode
E19:E14:slattery2013:3:0:gp:same:source_np:reference_only:source_reference,Slattery:3,0,gp,same,reference_only,source_reference,5.145096302032471,True,True,True,original_episode,original_episode
E19:E14:slattery2013:3:0:gp:same:source_np:initial_patient_only:source_np,Slattery:3,0,gp,same,initial_patient_only,source_np,0.11563012422993779,True,True,True,original_episode,original_episode
E19:E14:slattery2013:3:0:gp:same:source_np:initial_patient_only:other_source_np,Slattery:3,0,gp,same,initial_patient_only,other_source_np,22.99348510801792,True,True,True,original_episode,original_episode
E19:E14:slattery2013:3:0:gp:same:source_np:initial_patient_only:source_reference,Slattery:3,0,gp,same,initial_patient_only,source_reference,7.744788646697998,True,True,True,original_episode,original_episode
E19:E14:slattery2013:3:0:explicit_cue:same:source_np:reference_only:source_np,Slattery:3,0,explicit_cue,same,reference_only,source_np,6.152141269296408,True,True,True,original_episode,original_episode
E19:E14:slattery2013:3:0:explicit_cue:same:source_np:reference_only:other_source_np,Slattery:3,0,explicit_cue,same,reference_only,other_source_np,26.444228649139404,True,True,True,original_episode,original_episode
E19:E14:slattery2013:3:0:explicit_cue:same:source_np:reference_only:source_reference,Slattery:3,0,explicit_cue,same,reference_only,source_reference,3.7833871841430664,True,True,True,original_episode,original_episode
E19:E14:slattery2013:3:0:explicit_cue:same:source_np:initial_patient_only:source_np,Slattery:3,0,explicit_cue,same,initial_patient_only,source_np,1.8719059582799673,True,True,True,original_episode,original_episode
E19:E14:slattery2013:3:0:explicit_cue:same:source_np:initial_patient_only:other_source_np,Slattery:3,0,explicit_cue,same,initial_patient_only,other_source_np,22.705666065216064,True,True,True,original_episode,original_episode
E19:E14:slattery2013:3:0:explicit_cue:same:source_np:initial_patient_only:source_reference,Slattery:3,0,explicit_cue,same,initial_patient_only,source_reference,5.582388877868652,True,True,True,original_episode,original_episode
E19:E14:slattery2013:3:1:gp:same:source_np:reference_only:source_np,Slattery:3,1,gp,same,reference_only,source_np,1.3636737987399101,True,True,True,original_episode,original_episode
E19:E14:slattery2013:3:1:gp:same:source_np:reference_only:other_source_np,Slattery:3,1,gp,same,reference_only,other_source_np,15.914472460746765,True,True,True,original_episode,original_episode
E19:E14:slattery2013:3:1:gp:same:source_np:reference_only:source_reference,Slattery:3,1,gp,same,reference_only,source_reference,3.320913314819336,True,True,True,original_episode,original_episode
E19:E14:slattery2013:3:1:gp:same:source_np:initial_patient_only:source_np,Slattery:3,1,gp,same,initial_patient_only,source_np,0.0741726765409112,True,True,True,original_episode,original_episode
E19:E14:slattery2013:3:1:gp:same:source_np:initial_patient_only:other_source_np,Slattery:3,1,gp,same,initial_patient_only,other_source_np,22.67727954685688,True,True,True,original_episode,original_episode
E19:E14:slattery2013:3:1:gp:same:source_np:initial_patient_only:source_reference,Slattery:3,1,gp,same,initial_patient_only,source_reference,8.694377899169922,True,True,True,original_episode,original_episode
E19:E14:slattery2013:3:1:explicit_cue:same:source_np:reference_only:source_np,Slattery:3,1,explicit_cue,same,reference_only,source_np,18.479319095611572,True,True,True,original_episode,original_episode
E19:E14:slattery2013:3:1:explicit_cue:same:source_np:reference_only:other_source_np,Slattery:3,1,explicit_cue,same,reference_only,other_source_np,14.875728607177734,True,True,True,original_episode,original_episode
E19:E14:slattery2013:3:1:explicit_cue:same:source_np:reference_only:source_reference,Slattery:3,1,explicit_cue,same,reference_only,source_reference,4.538253307342529,True,True,True,original_episode,original_episode
E19:E14:slattery2013:3:1:explicit_cue:same:source_np:initial_patient_only:source_np,Slattery:3,1,explicit_cue,same,initial_patient_only,source_np,4.885748960077763,True,True,True,original_episode,original_episode
E19:E14:slattery2013:3:1:explicit_cue:same:source_np:initial_patient_only:other_source_np,Slattery:3,1,explicit_cue,same,initial_patient_only,other_source_np,21.132961750030518,True,True,True,original_episode,original_episode
E19:E14:slattery2013:3:1:explicit_cue:same:source_np:initial_patient_only:source_reference,Slattery:3,1,explicit_cue,same,initial_patient_only,source_reference,5.436498165130615,True,True,True,original_episode,original_episode
E19:E14:slattery2013:4:0:gp:same:source_np:reference_only:source_np,Slattery:4,0,gp,same,reference_only,source_np,4.214221358299255,True,True,True,original_episode,original_episode
E19:E14:slattery2013:4:0:gp:same:source_np:reference_only:other_source_np,Slattery:4,0,gp,same,reference_only,other_source_np,21.367490768432617,True,True,True,original_episode,original_episode
E19:E14:slattery2013:4:0:gp:same:source_np:reference_only:source_reference,Slattery:4,0,gp,same,reference_only,source_reference,0.7092316746711731,True,True,True,original_episode,original_episode
E19:E14:slattery2013:4:0:gp:same:source_np:initial_patient_only:source_np,Slattery:4,0,gp,same,initial_patient_only,source_np,0.07316279108636081,True,True,True,original_episode,original_episode
E19:E14:slattery2013:4:0:gp:same:source_np:initial_patient_only:other_source_np,Slattery:4,0,gp,same,initial_patient_only,other_source_np,23.121438920497894,True,True,True,original_episode,original_episode
E19:E14:slattery2013:4:0:gp:same:source_np:initial_patient_only:source_reference,Slattery:4,0,gp,same,initial_patient_only,source_reference,11.224762916564941,True,True,True,original_episode,original_episode
E19:E14:slattery2013:4:0:explicit_cue:same:source_np:reference_only:source_np,Slattery:4,0,explicit_cue,same,reference_only,source_np,6.604995220899582,True,True,True,original_episode,original_episode
E19:E14:slattery2013:4:0:explicit_cue:same:source_np:reference_only:other_source_np,Slattery:4,0,explicit_cue,same,reference_only,other_source_np,20.404910564422607,True,True,True,original_episode,original_episode
E19:E14:slattery2013:4:0:explicit_cue:same:source_np:reference_only:source_reference,Slattery:4,0,explicit_cue,same,reference_only,source_reference,1.1440726518630981,True,True,True,original_episode,original_episode
E19:E14:slattery2013:4:0:explicit_cue:same:source_np:initial_patient_only:source_np,Slattery:4,0,explicit_cue,same,initial_patient_only,source_np,0.22288401052355766,True,True,True,original_episode,original_episode
E19:E14:slattery2013:4:0:explicit_cue:same:source_np:initial_patient_only:other_source_np,Slattery:4,0,explicit_cue,same,initial_patient_only,other_source_np,21.403175562620163,True,True,True,original_episode,original_episode
E19:E14:slattery2013:4:0:explicit_cue:same:source_np:initial_patient_only:source_reference,Slattery:4,0,explicit_cue,same,initial_patient_only,source_reference,10.706524848937988,True,True,True,original_episode,original_episode
E19:E14:slattery2013:4:1:gp:same:source_np:reference_only:source_np,Slattery:4,1,gp,same,reference_only,source_np,3.8129242062568665,True,True,True,original_episode,original_episode
E19:E14:slattery2013:4:1:gp:same:source_np:reference_only:other_source_np,Slattery:4,1,gp,same,reference_only,other_source_np,20.45682430267334,True,True,True,original_episode,original_episode
E19:E14:slattery2013:4:1:gp:same:source_np:reference_only:source_reference,Slattery:4,1,gp,same,reference_only,source_reference,0.7104369401931763,True,True,True,original_episode,original_episode
E19:E14:slattery2013:4:1:gp:same:source_np:initial_patient_only:source_np,Slattery:4,1,gp,same,initial_patient_only,source_np,0.04160604369826615,True,True,True,original_episode,original_episode
E19:E14:slattery2013:4:1:gp:same:source_np:initial_patient_only:other_source_np,Slattery:4,1,gp,same,initial_patient_only,other_source_np,23.012938231229782,True,True,True,original_episode,original_episode
E19:E14:slattery2013:4:1:gp:same:source_np:initial_patient_only:source_reference,Slattery:4,1,gp,same,initial_patient_only,source_reference,12.92689323425293,True,True,True,original_episode,original_episode
E19:E14:slattery2013:4:1:explicit_cue:same:source_np:reference_only:source_np,Slattery:4,1,explicit_cue,same,reference_only,source_np,6.7676219046115875,True,True,True,original_episode,original_episode
E19:E14:slattery2013:4:1:explicit_cue:same:source_np:reference_only:other_source_np,Slattery:4,1,explicit_cue,same,reference_only,other_source_np,20.456142902374268,True,True,True,original_episode,original_episode
E19:E14:slattery2013:4:1:explicit_cue:same:source_np:reference_only:source_reference,Slattery:4,1,explicit_cue,same,reference_only,source_reference,1.2903982400894165,True,True,True,original_episode,original_episode
E19:E14:slattery2013:4:1:explicit_cue:same:source_np:initial_patient_only:source_np,Slattery:4,1,explicit_cue,same,initial_patient_only,source_np,0.1891258794348687,True,True,True,original_episode,original_episode
E19:E14:slattery2013:4:1:explicit_cue:same:source_np:initial_patient_only:other_source_np,Slattery:4,1,explicit_cue,same,initial_patient_only,other_source_np,22.80801598727703,True,True,True,original_episode,original_episode
E19:E14:slattery2013:4:1:explicit_cue:same:source_np:initial_patient_only:source_reference,Slattery:4,1,explicit_cue,same,initial_patient_only,source_reference,11.365775108337402,True,True,True,original_episode,original_episode
E19:E14:slattery2013:20:0:gp:same:source_np:reference_only:source_np,Slattery:20,0,gp,same,reference_only,source_np,0.37675480637699366,True,True,True,original_episode,original_episode
E19:E14:slattery2013:20:0:gp:same:source_np:reference_only:other_source_np,Slattery:20,0,gp,same,reference_only,other_source_np,18.63642179965973,True,True,True,original_episode,original_episode
E19:E14:slattery2013:20:0:gp:same:source_np:reference_only:source_reference,Slattery:20,0,gp,same,reference_only,source_reference,3.047813256736845,True,True,True,original_episode,original_episode
E19:E14:slattery2013:20:0:gp:same:source_np:initial_patient_only:source_np,Slattery:20,0,gp,same,initial_patient_only,source_np,0.13401163090020418,True,True,True,original_episode,original_episode
E19:E14:slattery2013:20:0:gp:same:source_np:initial_patient_only:other_source_np,Slattery:20,0,gp,same,initial_patient_only,other_source_np,20.699363477528095,True,True,True,original_episode,original_episode
E19:E14:slattery2013:20:0:gp:same:source_np:initial_patient_only:source_reference,Slattery:20,0,gp,same,initial_patient_only,source_reference,7.146311084274203,True,True,True,original_episode,original_episode
E19:E14:slattery2013:20:0:explicit_cue:same:source_np:reference_only:source_np,Slattery:20,0,explicit_cue,same,reference_only,source_np,4.299519643187523,True,True,True,original_episode,original_episode
E19:E14:slattery2013:20:0:explicit_cue:same:source_np:reference_only:other_source_np,Slattery:20,0,explicit_cue,same,reference_only,other_source_np,21.48008108139038,True,True,True,original_episode,original_episode
E19:E14:slattery2013:20:0:explicit_cue:same:source_np:reference_only:source_reference,Slattery:20,0,explicit_cue,same,reference_only,source_reference,1.6197820790548576,True,True,True,original_episode,original_episode
E19:E14:slattery2013:20:0:explicit_cue:same:source_np:initial_patient_only:source_np,Slattery:20,0,explicit_cue,same,initial_patient_only,source_np,0.6732914093881845,True,True,True,original_episode,original_episode
E19:E14:slattery2013:20:0:explicit_cue:same:source_np:initial_patient_only:other_source_np,Slattery:20,0,explicit_cue,same,initial_patient_only,other_source_np,20.372392892837524,True,True,True,original_episode,original_episode
E19:E14:slattery2013:20:0:explicit_cue:same:source_np:initial_patient_only:source_reference,Slattery:20,0,explicit_cue,same,initial_patient_only,source_reference,4.405631574336439,True,True,True,original_episode,original_episode
E19:E14:slattery2013:20:1:gp:same:source_np:reference_only:source_np,Slattery:20,1,gp,same,reference_only,source_np,0.29851786233484745,True,True,True,original_episode,original_episode
E19:E14:slattery2013:20:1:gp:same:source_np:reference_only:other_source_np,Slattery:20,1,gp,same,reference_only,other_source_np,14.672040969133377,True,True,True,original_episode,original_episode
E19:E14:slattery2013:20:1:gp:same:source_np:reference_only:source_reference,Slattery:20,1,gp,same,reference_only,source_reference,3.620124707231298,True,True,True,original_episode,original_episode
E19:E14:slattery2013:20:1:gp:same:source_np:initial_patient_only:source_np,Slattery:20,1,gp,same,initial_patient_only,source_np,0.10337120201438665,True,True,True,original_episode,original_episode
E19:E14:slattery2013:20:1:gp:same:source_np:initial_patient_only:other_source_np,Slattery:20,1,gp,same,initial_patient_only,other_source_np,16.621603816747665,True,True,True,original_episode,original_episode
E19:E14:slattery2013:20:1:gp:same:source_np:initial_patient_only:source_reference,Slattery:20,1,gp,same,initial_patient_only,source_reference,7.611808737739921,True,True,True,original_episode,original_episode
E19:E14:slattery2013:20:1:explicit_cue:same:source_np:reference_only:source_np,Slattery:20,1,explicit_cue,same,reference_only,source_np,4.9025623090565205,True,True,True,original_episode,original_episode
E19:E14:slattery2013:20:1:explicit_cue:same:source_np:reference_only:other_source_np,Slattery:20,1,explicit_cue,same,reference_only,other_source_np,16.136086463928223,True,True,True,original_episode,original_episode
E19:E14:slattery2013:20:1:explicit_cue:same:source_np:reference_only:source_reference,Slattery:20,1,explicit_cue,same,reference_only,source_reference,2.080362555308966,True,True,True,original_episode,original_episode
E19:E14:slattery2013:20:1:explicit_cue:same:source_np:initial_patient_only:source_np,Slattery:20,1,explicit_cue,same,initial_patient_only,source_np,2.3610301120206714,True,True,True,original_episode,original_episode
E19:E14:slattery2013:20:1:explicit_cue:same:source_np:initial_patient_only:other_source_np,Slattery:20,1,explicit_cue,same,initial_patient_only,other_source_np,19.341371536254883,True,True,True,original_episode,original_episode
E19:E14:slattery2013:20:1:explicit_cue:same:source_np:initial_patient_only:source_reference,Slattery:20,1,explicit_cue,same,initial_patient_only,source_reference,3.2831653551693307,True,True,True,original_episode,original_episode
E19:E14:slattery2013:21:0:gp:same:source_np:reference_only:source_np,Slattery:21,0,gp,same,reference_only,source_np,3.6448516845703125,True,True,True,original_episode,original_episode
E19:E14:slattery2013:21:0:gp:same:source_np:reference_only:other_source_np,Slattery:21,0,gp,same,reference_only,other_source_np,17.506280660629272,True,True,True,original_episode,original_episode
E19:E14:slattery2013:21:0:gp:same:source_np:reference_only:source_reference,Slattery:21,0,gp,same,reference_only,source_reference,4.176591906230897,True,True,True,original_episode,original_episode
E19:E14:slattery2013:21:0:gp:same:source_np:initial_patient_only:source_np,Slattery:21,0,gp,same,initial_patient_only,source_np,1.4998345971107483,True,True,True,original_episode,original_episode
E19:E14:slattery2013:21:0:gp:same:source_np:initial_patient_only:other_source_np,Slattery:21,0,gp,same,initial_patient_only,other_source_np,20.09612512588501,True,True,True,original_episode,original_episode
E19:E14:slattery2013:21:0:gp:same:source_np:initial_patient_only:source_reference,Slattery:21,0,gp,same,initial_patient_only,source_reference,7.311109039001167,True,True,True,original_episode,original_episode
E19:E14:slattery2013:21:0:explicit_cue:same:source_np:reference_only:source_np,Slattery:21,0,explicit_cue,same,reference_only,source_np,9.971045017242432,True,True,True,original_episode,original_episode
E19:E14:slattery2013:21:0:explicit_cue:same:source_np:reference_only:other_source_np,Slattery:21,0,explicit_cue,same,reference_only,other_source_np,19.339643001556396,True,True,True,original_episode,original_episode
E19:E14:slattery2013:21:0:explicit_cue:same:source_np:reference_only:source_reference,Slattery:21,0,explicit_cue,same,reference_only,source_reference,5.037415651837364,True,True,True,original_episode,original_episode
E19:E14:slattery2013:21:0:explicit_cue:same:source_np:initial_patient_only:source_np,Slattery:21,0,explicit_cue,same,initial_patient_only,source_np,3.6902523040771484,True,True,True,original_episode,original_episode
E19:E14:slattery2013:21:0:explicit_cue:same:source_np:initial_patient_only:other_source_np,Slattery:21,0,explicit_cue,same,initial_patient_only,other_source_np,17.950226545333862,True,True,True,original_episode,original_episode
E19:E14:slattery2013:21:0:explicit_cue:same:source_np:initial_patient_only:source_reference,Slattery:21,0,explicit_cue,same,initial_patient_only,source_reference,7.793912279885262,True,True,True,original_episode,original_episode
E19:E14:slattery2013:21:1:gp:same:source_np:reference_only:source_np,Slattery:21,1,gp,same,reference_only,source_np,3.8604050278663635,True,True,True,original_episode,original_episode
E19:E14:slattery2013:21:1:gp:same:source_np:reference_only:other_source_np,Slattery:21,1,gp,same,reference_only,other_source_np,21.937296867370605,True,True,True,original_episode,original_episode
E19:E14:slattery2013:21:1:gp:same:source_np:reference_only:source_reference,Slattery:21,1,gp,same,reference_only,source_reference,4.435215081088245,True,True,True,original_episode,original_episode
E19:E14:slattery2013:21:1:gp:same:source_np:initial_patient_only:source_np,Slattery:21,1,gp,same,initial_patient_only,source_np,2.178222104907036,True,True,True,original_episode,original_episode
E19:E14:slattery2013:21:1:gp:same:source_np:initial_patient_only:other_source_np,Slattery:21,1,gp,same,initial_patient_only,other_source_np,23.41620898246765,True,True,True,original_episode,original_episode
E19:E14:slattery2013:21:1:gp:same:source_np:initial_patient_only:source_reference,Slattery:21,1,gp,same,initial_patient_only,source_reference,6.5436480809003115,True,True,True,original_episode,original_episode
E19:E14:slattery2013:21:1:explicit_cue:same:source_np:reference_only:source_np,Slattery:21,1,explicit_cue,same,reference_only,source_np,10.725135326385498,True,True,True,original_episode,original_episode
E19:E14:slattery2013:21:1:explicit_cue:same:source_np:reference_only:other_source_np,Slattery:21,1,explicit_cue,same,reference_only,other_source_np,21.35554552078247,True,True,True,original_episode,original_episode
E19:E14:slattery2013:21:1:explicit_cue:same:source_np:reference_only:source_reference,Slattery:21,1,explicit_cue,same,reference_only,source_reference,5.18354067299515,True,True,True,original_episode,original_episode
E19:E14:slattery2013:21:1:explicit_cue:same:source_np:initial_patient_only:source_np,Slattery:21,1,explicit_cue,same,initial_patient_only,source_np,5.309541821479797,True,True,True,original_episode,original_episode
E19:E14:slattery2013:21:1:explicit_cue:same:source_np:initial_patient_only:other_source_np,Slattery:21,1,explicit_cue,same,initial_patient_only,other_source_np,20.32069420814514,True,True,True,original_episode,original_episode
E19:E14:slattery2013:21:1:explicit_cue:same:source_np:initial_patient_only:source_reference,Slattery:21,1,explicit_cue,same,initial_patient_only,source_reference,7.208538433536887,True,True,True,original_episode,original_episode
E19:E14:slattery2013:22:0:gp:same:source_np:reference_only:source_np,Slattery:22,0,gp,same,reference_only,source_np,1.3198608383536339,True,True,True,original_episode,original_episode
E19:E14:slattery2013:22:0:gp:same:source_np:reference_only:other_source_np,Slattery:22,0,gp,same,reference_only,other_source_np,22.437312126159668,True,True,True,original_episode,original_episode
E19:E14:slattery2013:22:0:gp:same:source_np:reference_only:source_reference,Slattery:22,0,gp,same,reference_only,source_reference,2.5315295446198434,True,True,True,original_episode,original_episode
E19:E14:slattery2013:22:0:gp:same:source_np:initial_patient_only:source_np,Slattery:22,0,gp,same,initial_patient_only,source_np,0.1886856034398079,True,True,True,original_episode,original_episode
E19:E14:slattery2013:22:0:gp:same:source_np:initial_patient_only:other_source_np,Slattery:22,0,gp,same,initial_patient_only,other_source_np,22.7725700289011,True,True,True,original_episode,original_episode
E19:E14:slattery2013:22:0:gp:same:source_np:initial_patient_only:source_reference,Slattery:22,0,gp,same,initial_patient_only,source_reference,8.023694526869804,True,True,True,original_episode,original_episode
E19:E14:slattery2013:22:0:explicit_cue:same:source_np:reference_only:source_np,Slattery:22,0,explicit_cue,same,reference_only,source_np,9.573027908802032,True,True,True,original_episode,original_episode
E19:E14:slattery2013:22:0:explicit_cue:same:source_np:reference_only:other_source_np,Slattery:22,0,explicit_cue,same,reference_only,other_source_np,26.999661445617676,True,True,True,original_episode,original_episode
E19:E14:slattery2013:22:0:explicit_cue:same:source_np:reference_only:source_reference,Slattery:22,0,explicit_cue,same,reference_only,source_reference,3.1620289778802544,True,True,True,original_episode,original_episode
E19:E14:slattery2013:22:0:explicit_cue:same:source_np:initial_patient_only:source_np,Slattery:22,0,explicit_cue,same,initial_patient_only,source_np,0.9158007446676493,True,True,True,original_episode,original_episode
E19:E14:slattery2013:22:0:explicit_cue:same:source_np:initial_patient_only:other_source_np,Slattery:22,0,explicit_cue,same,initial_patient_only,other_source_np,23.810247004032135,True,True,True,original_episode,original_episode
E19:E14:slattery2013:22:0:explicit_cue:same:source_np:initial_patient_only:source_reference,Slattery:22,0,explicit_cue,same,initial_patient_only,source_reference,6.482515631476417,True,True,True,original_episode,original_episode
E19:E14:slattery2013:22:1:gp:same:source_np:reference_only:source_np,Slattery:22,1,gp,same,reference_only,source_np,4.278108149766922,True,True,True,original_episode,original_episode
E19:E14:slattery2013:22:1:gp:same:source_np:reference_only:other_source_np,Slattery:22,1,gp,same,reference_only,other_source_np,12.632753849029541,True,True,True,original_episode,original_episode
E19:E14:slattery2013:22:1:gp:same:source_np:reference_only:source_reference,Slattery:22,1,gp,same,reference_only,source_reference,2.7855464974418283,True,True,True,original_episode,original_episode
E19:E14:slattery2013:22:1:gp:same:source_np:initial_patient_only:source_np,Slattery:22,1,gp,same,initial_patient_only,source_np,0.620571181178093,True,True,True,original_episode,original_episode
E19:E14:slattery2013:22:1:gp:same:source_np:initial_patient_only:other_source_np,Slattery:22,1,gp,same,initial_patient_only,other_source_np,12.21438130736351,True,True,True,original_episode,original_episode
E19:E14:slattery2013:22:1:gp:same:source_np:initial_patient_only:source_reference,Slattery:22,1,gp,same,initial_patient_only,source_reference,6.824513539671898,True,True,True,original_episode,original_episode
E19:E14:slattery2013:22:1:explicit_cue:same:source_np:reference_only:source_np,Slattery:22,1,explicit_cue,same,reference_only,source_np,13.18175745010376,True,True,True,original_episode,original_episode
E19:E14:slattery2013:22:1:explicit_cue:same:source_np:reference_only:other_source_np,Slattery:22,1,explicit_cue,same,reference_only,other_source_np,19.17553997039795,True,True,True,original_episode,original_episode
E19:E14:slattery2013:22:1:explicit_cue:same:source_np:reference_only:source_reference,Slattery:22,1,explicit_cue,same,reference_only,source_reference,3.475216325838119,True,True,True,original_episode,original_episode
E19:E14:slattery2013:22:1:explicit_cue:same:source_np:initial_patient_only:source_np,Slattery:22,1,explicit_cue,same,initial_patient_only,source_np,2.225125338882208,True,True,True,original_episode,original_episode
E19:E14:slattery2013:22:1:explicit_cue:same:source_np:initial_patient_only:other_source_np,Slattery:22,1,explicit_cue,same,initial_patient_only,other_source_np,14.969007968902588,True,True,True,original_episode,original_episode
E19:E14:slattery2013:22:1:explicit_cue:same:source_np:initial_patient_only:source_reference,Slattery:22,1,explicit_cue,same,initial_patient_only,source_reference,4.594426841940731,True,True,True,original_episode,original_episode
E19:E14:slattery2013:23:0:gp:same:source_np:reference_only:source_np,Slattery:23,0,gp,same,reference_only,source_np,3.7702833749353886,True,True,True,original_episode,original_episode
E19:E14:slattery2013:23:0:gp:same:source_np:reference_only:other_source_np,Slattery:23,0,gp,same,reference_only,other_source_np,21.414802312850952,True,True,True,original_episode,original_episode
E19:E14:slattery2013:23:0:gp:same:source_np:reference_only:source_reference,Slattery:23,0,gp,same,reference_only,source_reference,2.537209065631032,True,True,True,original_episode,original_episode
E19:E14:slattery2013:23:0:gp:same:source_np:initial_patient_only:source_np,Slattery:23,0,gp,same,initial_patient_only,source_np,0.5637481231242418,True,True,True,original_episode,original_episode
E19:E14:slattery2013:23:0:gp:same:source_np:initial_patient_only:other_source_np,Slattery:23,0,gp,same,initial_patient_only,other_source_np,21.891458809375763,True,True,True,original_episode,original_episode
E19:E14:slattery2013:23:0:gp:same:source_np:initial_patient_only:source_reference,Slattery:23,0,gp,same,initial_patient_only,source_reference,6.856317944824696,True,True,True,original_episode,original_episode
E19:E14:slattery2013:23:0:explicit_cue:same:source_np:reference_only:source_np,Slattery:23,0,explicit_cue,same,reference_only,source_np,6.667222559452057,True,True,True,original_episode,original_episode
E19:E14:slattery2013:23:0:explicit_cue:same:source_np:reference_only:other_source_np,Slattery:23,0,explicit_cue,same,reference_only,other_source_np,23.97189950942993,True,True,True,original_episode,original_episode
E19:E14:slattery2013:23:0:explicit_cue:same:source_np:reference_only:source_reference,Slattery:23,0,explicit_cue,same,reference_only,source_reference,2.404628399235662,True,True,True,original_episode,original_episode
E19:E14:slattery2013:23:0:explicit_cue:same:source_np:initial_patient_only:source_np,Slattery:23,0,explicit_cue,same,initial_patient_only,source_np,1.9973734635859728,True,True,True,original_episode,original_episode
E19:E14:slattery2013:23:0:explicit_cue:same:source_np:initial_patient_only:other_source_np,Slattery:23,0,explicit_cue,same,initial_patient_only,other_source_np,25.051267623901367,True,True,True,original_episode,original_episode
E19:E14:slattery2013:23:0:explicit_cue:same:source_np:initial_patient_only:source_reference,Slattery:23,0,explicit_cue,same,initial_patient_only,source_reference,3.949921279679984,True,True,True,original_episode,original_episode
E19:E14:slattery2013:23:1:gp:same:source_np:reference_only:source_np,Slattery:23,1,gp,same,reference_only,source_np,2.7418162003159523,True,True,True,original_episode,original_episode
E19:E14:slattery2013:23:1:gp:same:source_np:reference_only:other_source_np,Slattery:23,1,gp,same,reference_only,other_source_np,21.703041791915894,True,True,True,original_episode,original_episode
E19:E14:slattery2013:23:1:gp:same:source_np:reference_only:source_reference,Slattery:23,1,gp,same,reference_only,source_reference,3.189606816507876,True,True,True,original_episode,original_episode
E19:E14:slattery2013:23:1:gp:same:source_np:initial_patient_only:source_np,Slattery:23,1,gp,same,initial_patient_only,source_np,0.7057589944452047,True,True,True,original_episode,original_episode
E19:E14:slattery2013:23:1:gp:same:source_np:initial_patient_only:other_source_np,Slattery:23,1,gp,same,initial_patient_only,other_source_np,22.03844141960144,True,True,True,original_episode,original_episode
E19:E14:slattery2013:23:1:gp:same:source_np:initial_patient_only:source_reference,Slattery:23,1,gp,same,initial_patient_only,source_reference,6.823091167956591,True,True,True,original_episode,original_episode
E19:E14:slattery2013:23:1:explicit_cue:same:source_np:reference_only:source_np,Slattery:23,1,explicit_cue,same,reference_only,source_np,6.426727533340454,True,True,True,original_episode,original_episode
E19:E14:slattery2013:23:1:explicit_cue:same:source_np:reference_only:other_source_np,Slattery:23,1,explicit_cue,same,reference_only,other_source_np,22.43417739868164,True,True,True,original_episode,original_episode
E19:E14:slattery2013:23:1:explicit_cue:same:source_np:reference_only:source_reference,Slattery:23,1,explicit_cue,same,reference_only,source_reference,2.7675805427134037,True,True,True,original_episode,original_episode
E19:E14:slattery2013:23:1:explicit_cue:same:source_np:initial_patient_only:source_np,Slattery:23,1,explicit_cue,same,initial_patient_only,source_np,1.446200743317604,True,True,True,original_episode,original_episode
E19:E14:slattery2013:23:1:explicit_cue:same:source_np:initial_patient_only:other_source_np,Slattery:23,1,explicit_cue,same,initial_patient_only,other_source_np,22.908248901367188,True,True,True,original_episode,original_episode
E19:E14:slattery2013:23:1:explicit_cue:same:source_np:initial_patient_only:source_reference,Slattery:23,1,explicit_cue,same,initial_patient_only,source_reference,5.158086873125285,True,True,True,original_episode,original_episode
E19:E15:slattery2013:1:0:gp:separate:source_np:reference_only:source_np,Slattery:1,0,gp,continued_separate,reference_only,source_np,3.2786993011832237,True,True,True,original_episode,new_episode
E19:E15:slattery2013:1:0:gp:separate:source_np:reference_only:other_source_np,Slattery:1,0,gp,continued_separate,reference_only,other_source_np,20.617847442626953,True,True,True,original_episode,new_episode
E19:E15:slattery2013:1:0:gp:separate:source_np:reference_only:source_reference,Slattery:1,0,gp,continued_separate,reference_only,source_reference,0.9596961736679077,True,True,True,original_episode,new_episode
E19:E15:slattery2013:1:0:gp:separate:source_np:initial_patient_only:source_np,Slattery:1,0,gp,continued_separate,initial_patient_only,source_np,0.8031396793667227,True,True,True,original_episode,new_episode
E19:E15:slattery2013:1:0:gp:separate:source_np:initial_patient_only:other_source_np,Slattery:1,0,gp,continued_separate,initial_patient_only,other_source_np,21.333064019680023,True,True,True,original_episode,new_episode
E19:E15:slattery2013:1:0:gp:separate:source_np:initial_patient_only:source_reference,Slattery:1,0,gp,continued_separate,initial_patient_only,source_reference,7.839571952819824,True,True,True,original_episode,new_episode
E19:E15:slattery2013:1:0:explicit_cue:separate:source_np:reference_only:source_np,Slattery:1,0,explicit_cue,continued_separate,reference_only,source_np,4.739971332252026,True,True,True,original_episode,new_episode
E19:E15:slattery2013:1:0:explicit_cue:separate:source_np:reference_only:other_source_np,Slattery:1,0,explicit_cue,continued_separate,reference_only,other_source_np,21.333572387695312,True,True,True,original_episode,new_episode
E19:E15:slattery2013:1:0:explicit_cue:separate:source_np:reference_only:source_reference,Slattery:1,0,explicit_cue,continued_separate,reference_only,source_reference,0.9623543620109558,True,True,True,original_episode,new_episode
E19:E15:slattery2013:1:0:explicit_cue:separate:source_np:initial_patient_only:source_np,Slattery:1,0,explicit_cue,continued_separate,initial_patient_only,source_np,0.9290007436648011,True,True,True,original_episode,new_episode
E19:E15:slattery2013:1:0:explicit_cue:separate:source_np:initial_patient_only:other_source_np,Slattery:1,0,explicit_cue,continued_separate,initial_patient_only,other_source_np,21.959752142429352,True,True,True,original_episode,new_episode
E19:E15:slattery2013:1:0:explicit_cue:separate:source_np:initial_patient_only:source_reference,Slattery:1,0,explicit_cue,continued_separate,initial_patient_only,source_reference,5.380594253540039,True,True,True,original_episode,new_episode
E19:E15:slattery2013:1:1:gp:separate:source_np:reference_only:source_np,Slattery:1,1,gp,continued_separate,reference_only,source_np,2.881350502371788,True,True,True,original_episode,new_episode
E19:E15:slattery2013:1:1:gp:separate:source_np:reference_only:other_source_np,Slattery:1,1,gp,continued_separate,reference_only,other_source_np,20.085161209106445,True,True,True,original_episode,new_episode
E19:E15:slattery2013:1:1:gp:separate:source_np:reference_only:source_reference,Slattery:1,1,gp,continued_separate,reference_only,source_reference,1.3897050619125366,True,True,True,original_episode,new_episode
E19:E15:slattery2013:1:1:gp:separate:source_np:initial_patient_only:source_np,Slattery:1,1,gp,continued_separate,initial_patient_only,source_np,1.2381622958928347,True,True,True,original_episode,new_episode
E19:E15:slattery2013:1:1:gp:separate:source_np:initial_patient_only:other_source_np,Slattery:1,1,gp,continued_separate,initial_patient_only,other_source_np,20.289676189422607,True,True,True,original_episode,new_episode
E19:E15:slattery2013:1:1:gp:separate:source_np:initial_patient_only:source_reference,Slattery:1,1,gp,continued_separate,initial_patient_only,source_reference,3.588050603866577,True,True,True,original_episode,new_episode
E19:E15:slattery2013:1:1:explicit_cue:separate:source_np:reference_only:source_np,Slattery:1,1,explicit_cue,continued_separate,reference_only,source_np,3.788986921310425,True,True,True,original_episode,new_episode
E19:E15:slattery2013:1:1:explicit_cue:separate:source_np:reference_only:other_source_np,Slattery:1,1,explicit_cue,continued_separate,reference_only,other_source_np,20.757880210876465,True,True,True,original_episode,new_episode
E19:E15:slattery2013:1:1:explicit_cue:separate:source_np:reference_only:source_reference,Slattery:1,1,explicit_cue,continued_separate,reference_only,source_reference,1.2047233581542969,True,True,True,original_episode,new_episode
E19:E15:slattery2013:1:1:explicit_cue:separate:source_np:initial_patient_only:source_np,Slattery:1,1,explicit_cue,continued_separate,initial_patient_only,source_np,1.3806409547105432,True,True,True,original_episode,new_episode
E19:E15:slattery2013:1:1:explicit_cue:separate:source_np:initial_patient_only:other_source_np,Slattery:1,1,explicit_cue,continued_separate,initial_patient_only,other_source_np,23.035265803337097,True,True,True,original_episode,new_episode
E19:E15:slattery2013:1:1:explicit_cue:separate:source_np:initial_patient_only:source_reference,Slattery:1,1,explicit_cue,continued_separate,initial_patient_only,source_reference,2.9862213134765625,True,True,True,original_episode,new_episode
E19:E15:slattery2013:3:0:gp:separate:source_np:reference_only:source_np,Slattery:3,0,gp,continued_separate,reference_only,source_np,0.06288511026650667,True,True,False,original_episode,uncertain
E19:E15:slattery2013:3:0:gp:separate:source_np:reference_only:other_source_np,Slattery:3,0,gp,continued_separate,reference_only,other_source_np,23.344137843698263,True,True,False,original_episode,uncertain
E19:E15:slattery2013:3:0:gp:separate:source_np:reference_only:source_reference,Slattery:3,0,gp,continued_separate,reference_only,source_reference,6.137813091278076,True,True,False,original_episode,uncertain
E19:E15:slattery2013:3:0:gp:separate:source_np:initial_patient_only:source_np,Slattery:3,0,gp,continued_separate,initial_patient_only,source_np,3.6711168214678764,True,True,False,original_episode,uncertain
E19:E15:slattery2013:3:0:gp:separate:source_np:initial_patient_only:other_source_np,Slattery:3,0,gp,continued_separate,initial_patient_only,other_source_np,20.733001470565796,True,True,False,original_episode,uncertain
E19:E15:slattery2013:3:0:gp:separate:source_np:initial_patient_only:source_reference,Slattery:3,0,gp,continued_separate,initial_patient_only,source_reference,0.570897102355957,True,True,False,original_episode,uncertain
E19:E15:slattery2013:3:0:explicit_cue:separate:source_np:reference_only:source_np,Slattery:3,0,explicit_cue,continued_separate,reference_only,source_np,1.2930728774517775,True,True,False,original_episode,uncertain
E19:E15:slattery2013:3:0:explicit_cue:separate:source_np:reference_only:other_source_np,Slattery:3,0,explicit_cue,continued_separate,reference_only,other_source_np,23.13129234313965,True,True,False,original_episode,uncertain
E19:E15:slattery2013:3:0:explicit_cue:separate:source_np:reference_only:source_reference,Slattery:3,0,explicit_cue,continued_separate,reference_only,source_reference,3.5987300872802734,True,True,False,original_episode,uncertain
E19:E15:slattery2013:3:0:explicit_cue:separate:source_np:initial_patient_only:source_np,Slattery:3,0,explicit_cue,continued_separate,initial_patient_only,source_np,3.5909784585237503,True,True,False,original_episode,uncertain
E19:E15:slattery2013:3:0:explicit_cue:separate:source_np:initial_patient_only:other_source_np,Slattery:3,0,explicit_cue,continued_separate,initial_patient_only,other_source_np,21.00033736228943,True,True,False,original_episode,uncertain
E19:E15:slattery2013:3:0:explicit_cue:separate:source_np:initial_patient_only:source_reference,Slattery:3,0,explicit_cue,continued_separate,initial_patient_only,source_reference,2.308260202407837,True,True,False,original_episode,uncertain
E19:E15:slattery2013:3:1:gp:separate:source_np:reference_only:source_np,Slattery:3,1,gp,continued_separate,reference_only,source_np,1.3247809410095215,True,True,False,original_episode,uncertain
E19:E15:slattery2013:3:1:gp:separate:source_np:reference_only:other_source_np,Slattery:3,1,gp,continued_separate,reference_only,other_source_np,14.728203058242798,True,True,False,original_episode,uncertain
E19:E15:slattery2013:3:1:gp:separate:source_np:reference_only:source_reference,Slattery:3,1,gp,continued_separate,reference_only,source_reference,3.148289680480957,True,True,False,original_episode,uncertain
E19:E15:slattery2013:3:1:gp:separate:source_np:initial_patient_only:source_np,Slattery:3,1,gp,continued_separate,initial_patient_only,source_np,3.0399982184171677,True,True,False,original_episode,uncertain
E19:E15:slattery2013:3:1:gp:separate:source_np:initial_patient_only:other_source_np,Slattery:3,1,gp,continued_separate,initial_patient_only,other_source_np,16.978312730789185,True,True,False,original_episode,uncertain
E19:E15:slattery2013:3:1:gp:separate:source_np:initial_patient_only:source_reference,Slattery:3,1,gp,continued_separate,initial_patient_only,source_reference,1.4795433282852173,True,True,False,original_episode,uncertain
E19:E15:slattery2013:3:1:explicit_cue:separate:source_np:reference_only:source_np,Slattery:3,1,explicit_cue,continued_separate,reference_only,source_np,16.187782764434814,True,True,False,original_episode,uncertain
E19:E15:slattery2013:3:1:explicit_cue:separate:source_np:reference_only:other_source_np,Slattery:3,1,explicit_cue,continued_separate,reference_only,other_source_np,14.656209945678711,True,True,False,original_episode,uncertain
E19:E15:slattery2013:3:1:explicit_cue:separate:source_np:reference_only:source_reference,Slattery:3,1,explicit_cue,continued_separate,reference_only,source_reference,4.204865455627441,True,True,False,original_episode,uncertain
E19:E15:slattery2013:3:1:explicit_cue:separate:source_np:initial_patient_only:source_np,Slattery:3,1,explicit_cue,continued_separate,initial_patient_only,source_np,6.378445744514465,True,True,False,original_episode,uncertain
E19:E15:slattery2013:3:1:explicit_cue:separate:source_np:initial_patient_only:other_source_np,Slattery:3,1,explicit_cue,continued_separate,initial_patient_only,other_source_np,19.907028675079346,True,True,False,original_episode,uncertain
E19:E15:slattery2013:3:1:explicit_cue:separate:source_np:initial_patient_only:source_reference,Slattery:3,1,explicit_cue,continued_separate,initial_patient_only,source_reference,4.666032314300537,True,True,False,original_episode,uncertain
E19:E15:slattery2013:4:0:gp:separate:source_np:reference_only:source_np,Slattery:4,0,gp,continued_separate,reference_only,source_np,2.5442755669355392,True,True,True,original_episode,new_episode
E19:E15:slattery2013:4:0:gp:separate:source_np:reference_only:other_source_np,Slattery:4,0,gp,continued_separate,reference_only,other_source_np,18.283967971801758,True,True,True,original_episode,new_episode
E19:E15:slattery2013:4:0:gp:separate:source_np:reference_only:source_reference,Slattery:4,0,gp,continued_separate,reference_only,source_reference,1.1933670043945312,True,True,True,original_episode,new_episode
E19:E15:slattery2013:4:0:gp:separate:source_np:initial_patient_only:source_np,Slattery:4,0,gp,continued_separate,initial_patient_only,source_np,0.1082940362393856,True,True,True,original_episode,new_episode
E19:E15:slattery2013:4:0:gp:separate:source_np:initial_patient_only:other_source_np,Slattery:4,0,gp,continued_separate,initial_patient_only,other_source_np,19.284461207687855,True,True,True,original_episode,new_episode
E19:E15:slattery2013:4:0:gp:separate:source_np:initial_patient_only:source_reference,Slattery:4,0,gp,continued_separate,initial_patient_only,source_reference,8.068201065063477,True,True,True,original_episode,new_episode
E19:E15:slattery2013:4:0:explicit_cue:separate:source_np:reference_only:source_np,Slattery:4,0,explicit_cue,continued_separate,reference_only,source_np,4.5860812067985535,True,True,True,original_episode,new_episode
E19:E15:slattery2013:4:0:explicit_cue:separate:source_np:reference_only:other_source_np,Slattery:4,0,explicit_cue,continued_separate,reference_only,other_source_np,17.803502082824707,True,True,True,original_episode,new_episode
E19:E15:slattery2013:4:0:explicit_cue:separate:source_np:reference_only:source_reference,Slattery:4,0,explicit_cue,continued_separate,reference_only,source_reference,1.2763011455535889,True,True,True,original_episode,new_episode
E19:E15:slattery2013:4:0:explicit_cue:separate:source_np:initial_patient_only:source_np,Slattery:4,0,explicit_cue,continued_separate,initial_patient_only,source_np,0.1781850280240178,True,True,True,original_episode,new_episode
E19:E15:slattery2013:4:0:explicit_cue:separate:source_np:initial_patient_only:other_source_np,Slattery:4,0,explicit_cue,continued_separate,initial_patient_only,other_source_np,17.99259689450264,True,True,True,original_episode,new_episode
E19:E15:slattery2013:4:0:explicit_cue:separate:source_np:initial_patient_only:source_reference,Slattery:4,0,explicit_cue,continued_separate,initial_patient_only,source_reference,9.31160831451416,True,True,True,original_episode,new_episode
E19:E15:slattery2013:4:1:gp:separate:source_np:reference_only:source_np,Slattery:4,1,gp,continued_separate,reference_only,source_np,2.076920136809349,True,True,True,original_episode,new_episode
E19:E15:slattery2013:4:1:gp:separate:source_np:reference_only:other_source_np,Slattery:4,1,gp,continued_separate,reference_only,other_source_np,18.37808847427368,True,True,True,original_episode,new_episode
E19:E15:slattery2013:4:1:gp:separate:source_np:reference_only:source_reference,Slattery:4,1,gp,continued_separate,reference_only,source_reference,1.0582436323165894,True,True,True,original_episode,new_episode
E19:E15:slattery2013:4:1:gp:separate:source_np:initial_patient_only:source_np,Slattery:4,1,gp,continued_separate,initial_patient_only,source_np,0.07358656218275428,True,True,True,original_episode,new_episode
E19:E15:slattery2013:4:1:gp:separate:source_np:initial_patient_only:other_source_np,Slattery:4,1,gp,continued_separate,initial_patient_only,other_source_np,19.965102791786194,True,True,True,original_episode,new_episode
E19:E15:slattery2013:4:1:gp:separate:source_np:initial_patient_only:source_reference,Slattery:4,1,gp,continued_separate,initial_patient_only,source_reference,8.710762023925781,True,True,True,original_episode,new_episode
E19:E15:slattery2013:4:1:explicit_cue:separate:source_np:reference_only:source_np,Slattery:4,1,explicit_cue,continued_separate,reference_only,source_np,4.113593727350235,True,True,True,original_episode,new_episode
E19:E15:slattery2013:4:1:explicit_cue:separate:source_np:reference_only:other_source_np,Slattery:4,1,explicit_cue,continued_separate,reference_only,other_source_np,18.453216075897217,True,True,True,original_episode,new_episode
E19:E15:slattery2013:4:1:explicit_cue:separate:source_np:reference_only:source_reference,Slattery:4,1,explicit_cue,continued_separate,reference_only,source_reference,1.0244799852371216,True,True,True,original_episode,new_episode
E19:E15:slattery2013:4:1:explicit_cue:separate:source_np:initial_patient_only:source_np,Slattery:4,1,explicit_cue,continued_separate,initial_patient_only,source_np,0.15891746804118156,True,True,True,original_episode,new_episode
E19:E15:slattery2013:4:1:explicit_cue:separate:source_np:initial_patient_only:other_source_np,Slattery:4,1,explicit_cue,continued_separate,initial_patient_only,other_source_np,18.599916264414787,True,True,True,original_episode,new_episode
E19:E15:slattery2013:4:1:explicit_cue:separate:source_np:initial_patient_only:source_reference,Slattery:4,1,explicit_cue,continued_separate,initial_patient_only,source_reference,8.79368782043457,True,True,True,original_episode,new_episode
E19:E15:slattery2013:20:0:gp:separate:source_np:reference_only:source_np,Slattery:20,0,gp,continued_separate,reference_only,source_np,0.8485348671674728,True,True,False,original_episode,uncertain
E19:E15:slattery2013:20:0:gp:separate:source_np:reference_only:other_source_np,Slattery:20,0,gp,continued_separate,reference_only,other_source_np,18.069065928459167,True,True,False,original_episode,uncertain
E19:E15:slattery2013:20:0:gp:separate:source_np:reference_only:source_reference,Slattery:20,0,gp,continued_separate,reference_only,source_reference,2.0082868328318,True,True,False,original_episode,uncertain
E19:E15:slattery2013:20:0:gp:separate:source_np:initial_patient_only:source_np,Slattery:20,0,gp,continued_separate,initial_patient_only,source_np,0.22715743631124496,True,True,False,original_episode,uncertain
E19:E15:slattery2013:20:0:gp:separate:source_np:initial_patient_only:other_source_np,Slattery:20,0,gp,continued_separate,initial_patient_only,other_source_np,19.79645273089409,True,True,False,original_episode,uncertain
E19:E15:slattery2013:20:0:gp:separate:source_np:initial_patient_only:source_reference,Slattery:20,0,gp,continued_separate,initial_patient_only,source_reference,6.399108439683914,True,True,False,original_episode,uncertain
E19:E15:slattery2013:20:0:explicit_cue:separate:source_np:reference_only:source_np,Slattery:20,0,explicit_cue,continued_separate,reference_only,source_np,4.93546736240387,True,True,False,original_episode,uncertain
E19:E15:slattery2013:20:0:explicit_cue:separate:source_np:reference_only:other_source_np,Slattery:20,0,explicit_cue,continued_separate,reference_only,other_source_np,20.268433094024658,True,True,False,original_episode,uncertain
E19:E15:slattery2013:20:0:explicit_cue:separate:source_np:reference_only:source_reference,Slattery:20,0,explicit_cue,continued_separate,reference_only,source_reference,1.4065456617390737,True,True,False,original_episode,uncertain
E19:E15:slattery2013:20:0:explicit_cue:separate:source_np:initial_patient_only:source_np,Slattery:20,0,explicit_cue,continued_separate,initial_patient_only,source_np,0.9121794551610947,True,True,False,original_episode,uncertain
E19:E15:slattery2013:20:0:explicit_cue:separate:source_np:initial_patient_only:other_source_np,Slattery:20,0,explicit_cue,continued_separate,initial_patient_only,other_source_np,19.16065216064453,True,True,False,original_episode,uncertain
E19:E15:slattery2013:20:0:explicit_cue:separate:source_np:initial_patient_only:source_reference,Slattery:20,0,explicit_cue,continued_separate,initial_patient_only,source_reference,4.082956207916141,True,True,False,original_episode,uncertain
E19:E15:slattery2013:20:1:gp:separate:source_np:reference_only:source_np,Slattery:20,1,gp,continued_separate,reference_only,source_np,0.7210558075457811,True,True,False,original_episode,uncertain
E19:E15:slattery2013:20:1:gp:separate:source_np:reference_only:other_source_np,Slattery:20,1,gp,continued_separate,reference_only,other_source_np,13.823010861873627,True,True,False,original_episode,uncertain
E19:E15:slattery2013:20:1:gp:separate:source_np:reference_only:source_reference,Slattery:20,1,gp,continued_separate,reference_only,source_reference,2.369200042448938,True,True,False,original_episode,uncertain
E19:E15:slattery2013:20:1:gp:separate:source_np:initial_patient_only:source_np,Slattery:20,1,gp,continued_separate,initial_patient_only,source_np,0.24828516319394112,True,True,False,original_episode,uncertain
E19:E15:slattery2013:20:1:gp:separate:source_np:initial_patient_only:other_source_np,Slattery:20,1,gp,continued_separate,initial_patient_only,other_source_np,15.557809337973595,True,True,False,original_episode,uncertain
E19:E15:slattery2013:20:1:gp:separate:source_np:initial_patient_only:source_reference,Slattery:20,1,gp,continued_separate,initial_patient_only,source_reference,5.945932537317276,True,True,False,original_episode,uncertain
E19:E15:slattery2013:20:1:explicit_cue:separate:source_np:reference_only:source_np,Slattery:20,1,explicit_cue,continued_separate,reference_only,source_np,5.656542554497719,True,True,False,original_episode,uncertain
E19:E15:slattery2013:20:1:explicit_cue:separate:source_np:reference_only:other_source_np,Slattery:20,1,explicit_cue,continued_separate,reference_only,other_source_np,16.516000270843506,True,True,False,original_episode,uncertain
E19:E15:slattery2013:20:1:explicit_cue:separate:source_np:reference_only:source_reference,Slattery:20,1,explicit_cue,continued_separate,reference_only,source_reference,1.8363646237412468,True,True,False,original_episode,uncertain
E19:E15:slattery2013:20:1:explicit_cue:separate:source_np:initial_patient_only:source_np,Slattery:20,1,explicit_cue,continued_separate,initial_patient_only,source_np,2.974515698850155,True,True,False,original_episode,uncertain
E19:E15:slattery2013:20:1:explicit_cue:separate:source_np:initial_patient_only:other_source_np,Slattery:20,1,explicit_cue,continued_separate,initial_patient_only,other_source_np,17.126607179641724,True,True,False,original_episode,uncertain
E19:E15:slattery2013:20:1:explicit_cue:separate:source_np:initial_patient_only:source_reference,Slattery:20,1,explicit_cue,continued_separate,initial_patient_only,source_reference,2.464128877967596,True,True,False,original_episode,uncertain
E19:E15:slattery2013:21:0:gp:separate:source_np:reference_only:source_np,Slattery:21,0,gp,continued_separate,reference_only,source_np,3.9808892011642456,True,True,True,original_episode,new_episode
E19:E15:slattery2013:21:0:gp:separate:source_np:reference_only:other_source_np,Slattery:21,0,gp,continued_separate,reference_only,other_source_np,16.124597311019897,True,True,True,original_episode,new_episode
E19:E15:slattery2013:21:0:gp:separate:source_np:reference_only:source_reference,Slattery:21,0,gp,continued_separate,reference_only,source_reference,3.3447626433335245,True,True,True,original_episode,new_episode
E19:E15:slattery2013:21:0:gp:separate:source_np:initial_patient_only:source_np,Slattery:21,0,gp,continued_separate,initial_patient_only,source_np,1.5919401943683624,True,True,True,original_episode,new_episode
E19:E15:slattery2013:21:0:gp:separate:source_np:initial_patient_only:other_source_np,Slattery:21,0,gp,continued_separate,initial_patient_only,other_source_np,18.803470373153687,True,True,True,original_episode,new_episode
E19:E15:slattery2013:21:0:gp:separate:source_np:initial_patient_only:source_reference,Slattery:21,0,gp,continued_separate,initial_patient_only,source_reference,5.973867981694639,True,True,True,original_episode,new_episode
E19:E15:slattery2013:21:0:explicit_cue:separate:source_np:reference_only:source_np,Slattery:21,0,explicit_cue,continued_separate,reference_only,source_np,10.365737915039062,True,True,True,original_episode,new_episode
E19:E15:slattery2013:21:0:explicit_cue:separate:source_np:reference_only:other_source_np,Slattery:21,0,explicit_cue,continued_separate,reference_only,other_source_np,19.041967391967773,True,True,True,original_episode,new_episode
E19:E15:slattery2013:21:0:explicit_cue:separate:source_np:reference_only:source_reference,Slattery:21,0,explicit_cue,continued_separate,reference_only,source_reference,4.924289545509964,True,True,True,original_episode,new_episode
E19:E15:slattery2013:21:0:explicit_cue:separate:source_np:initial_patient_only:source_np,Slattery:21,0,explicit_cue,continued_separate,initial_patient_only,source_np,3.648310601711273,True,True,True,original_episode,new_episode
E19:E15:slattery2013:21:0:explicit_cue:separate:source_np:initial_patient_only:other_source_np,Slattery:21,0,explicit_cue,continued_separate,initial_patient_only,other_source_np,18.21046257019043,True,True,True,original_episode,new_episode
E19:E15:slattery2013:21:0:explicit_cue:separate:source_np:initial_patient_only:source_reference,Slattery:21,0,explicit_cue,continued_separate,initial_patient_only,source_reference,6.000771899707615,True,True,True,original_episode,new_episode
E19:E15:slattery2013:21:1:gp:separate:source_np:reference_only:source_np,Slattery:21,1,gp,continued_separate,reference_only,source_np,4.192912220954895,True,True,True,original_episode,new_episode
E19:E15:slattery2013:21:1:gp:separate:source_np:reference_only:other_source_np,Slattery:21,1,gp,continued_separate,reference_only,other_source_np,20.90349793434143,True,True,True,original_episode,new_episode
E19:E15:slattery2013:21:1:gp:separate:source_np:reference_only:source_reference,Slattery:21,1,gp,continued_separate,reference_only,source_reference,3.5639427844434977,True,True,True,original_episode,new_episode
E19:E15:slattery2013:21:1:gp:separate:source_np:initial_patient_only:source_np,Slattery:21,1,gp,continued_separate,initial_patient_only,source_np,2.5195981860160828,True,True,True,original_episode,new_episode
E19:E15:slattery2013:21:1:gp:separate:source_np:initial_patient_only:other_source_np,Slattery:21,1,gp,continued_separate,initial_patient_only,other_source_np,21.58165740966797,True,True,True,original_episode,new_episode
E19:E15:slattery2013:21:1:gp:separate:source_np:initial_patient_only:source_reference,Slattery:21,1,gp,continued_separate,initial_patient_only,source_reference,5.561280623078346,True,True,True,original_episode,new_episode
E19:E15:slattery2013:21:1:explicit_cue:separate:source_np:reference_only:source_np,Slattery:21,1,explicit_cue,continued_separate,reference_only,source_np,10.775279998779297,True,True,True,original_episode,new_episode
E19:E15:slattery2013:21:1:explicit_cue:separate:source_np:reference_only:other_source_np,Slattery:21,1,explicit_cue,continued_separate,reference_only,other_source_np,20.593356609344482,True,True,True,original_episode,new_episode
E19:E15:slattery2013:21:1:explicit_cue:separate:source_np:reference_only:source_reference,Slattery:21,1,explicit_cue,continued_separate,reference_only,source_reference,4.350858221994713,True,True,True,original_episode,new_episode
E19:E15:slattery2013:21:1:explicit_cue:separate:source_np:initial_patient_only:source_np,Slattery:21,1,explicit_cue,continued_separate,initial_patient_only,source_np,5.6370930671691895,True,True,True,original_episode,new_episode
E19:E15:slattery2013:21:1:explicit_cue:separate:source_np:initial_patient_only:other_source_np,Slattery:21,1,explicit_cue,continued_separate,initial_patient_only,other_source_np,19.239869117736816,True,True,True,original_episode,new_episode
E19:E15:slattery2013:21:1:explicit_cue:separate:source_np:initial_patient_only:source_reference,Slattery:21,1,explicit_cue,continued_separate,initial_patient_only,source_reference,6.105851721949875,True,True,True,original_episode,new_episode
E19:E15:slattery2013:22:0:gp:separate:source_np:reference_only:source_np,Slattery:22,0,gp,continued_separate,reference_only,source_np,1.2458917796611786,True,True,False,original_episode,uncertain
E19:E15:slattery2013:22:0:gp:separate:source_np:reference_only:other_source_np,Slattery:22,0,gp,continued_separate,reference_only,other_source_np,22.462842226028442,True,True,False,original_episode,uncertain
E19:E15:slattery2013:22:0:gp:separate:source_np:reference_only:source_reference,Slattery:22,0,gp,continued_separate,reference_only,source_reference,3.678439205279574,True,True,False,original_episode,uncertain
E19:E15:slattery2013:22:0:gp:separate:source_np:initial_patient_only:source_np,Slattery:22,0,gp,continued_separate,initial_patient_only,source_np,0.7107974216341972,True,True,False,original_episode,uncertain
E19:E15:slattery2013:22:0:gp:separate:source_np:initial_patient_only:other_source_np,Slattery:22,0,gp,continued_separate,initial_patient_only,other_source_np,22.828360378742218,True,True,False,original_episode,uncertain
E19:E15:slattery2013:22:0:gp:separate:source_np:initial_patient_only:source_reference,Slattery:22,0,gp,continued_separate,initial_patient_only,source_reference,8.195652860216796,True,True,False,original_episode,uncertain
E19:E15:slattery2013:22:0:explicit_cue:separate:source_np:reference_only:source_np,Slattery:22,0,explicit_cue,continued_separate,reference_only,source_np,8.825607538223267,True,True,False,original_episode,uncertain
E19:E15:slattery2013:22:0:explicit_cue:separate:source_np:reference_only:other_source_np,Slattery:22,0,explicit_cue,continued_separate,reference_only,other_source_np,27.249157428741455,True,True,False,original_episode,uncertain
E19:E15:slattery2013:22:0:explicit_cue:separate:source_np:reference_only:source_reference,Slattery:22,0,explicit_cue,continued_separate,reference_only,source_reference,2.459288605954498,True,True,False,original_episode,uncertain
E19:E15:slattery2013:22:0:explicit_cue:separate:source_np:initial_patient_only:source_np,Slattery:22,0,explicit_cue,continued_separate,initial_patient_only,source_np,2.334921784698963,True,True,False,original_episode,uncertain
E19:E15:slattery2013:22:0:explicit_cue:separate:source_np:initial_patient_only:other_source_np,Slattery:22,0,explicit_cue,continued_separate,initial_patient_only,other_source_np,23.211579084396362,True,True,False,original_episode,uncertain
E19:E15:slattery2013:22:0:explicit_cue:separate:source_np:initial_patient_only:source_reference,Slattery:22,0,explicit_cue,continued_separate,initial_patient_only,source_reference,7.714382220990956,True,True,False,original_episode,uncertain
E19:E15:slattery2013:22:1:gp:separate:source_np:reference_only:source_np,Slattery:22,1,gp,continued_separate,reference_only,source_np,5.058114051818848,True,True,False,original_episode,uncertain
E19:E15:slattery2013:22:1:gp:separate:source_np:reference_only:other_source_np,Slattery:22,1,gp,continued_separate,reference_only,other_source_np,11.404814720153809,True,True,False,original_episode,uncertain
E19:E15:slattery2013:22:1:gp:separate:source_np:reference_only:source_reference,Slattery:22,1,gp,continued_separate,reference_only,source_reference,2.110813151812181,True,True,False,original_episode,uncertain
E19:E15:slattery2013:22:1:gp:separate:source_np:initial_patient_only:source_np,Slattery:22,1,gp,continued_separate,initial_patient_only,source_np,1.5843289494514465,True,True,False,original_episode,uncertain
E19:E15:slattery2013:22:1:gp:separate:source_np:initial_patient_only:other_source_np,Slattery:22,1,gp,continued_separate,initial_patient_only,other_source_np,12.298709154129028,True,True,False,original_episode,uncertain
E19:E15:slattery2013:22:1:gp:separate:source_np:initial_patient_only:source_reference,Slattery:22,1,gp,continued_separate,initial_patient_only,source_reference,6.987324707210064,True,True,False,original_episode,uncertain
E19:E15:slattery2013:22:1:explicit_cue:separate:source_np:reference_only:source_np,Slattery:22,1,explicit_cue,continued_separate,reference_only,source_np,13.116112232208252,True,True,False,original_episode,uncertain
E19:E15:slattery2013:22:1:explicit_cue:separate:source_np:reference_only:other_source_np,Slattery:22,1,explicit_cue,continued_separate,reference_only,other_source_np,17.64981746673584,True,True,False,original_episode,uncertain
E19:E15:slattery2013:22:1:explicit_cue:separate:source_np:reference_only:source_reference,Slattery:22,1,explicit_cue,continued_separate,reference_only,source_reference,2.8607593451160938,True,True,False,original_episode,uncertain
E19:E15:slattery2013:22:1:explicit_cue:separate:source_np:initial_patient_only:source_np,Slattery:22,1,explicit_cue,continued_separate,initial_patient_only,source_np,4.070653274655342,True,True,False,original_episode,uncertain
E19:E15:slattery2013:22:1:explicit_cue:separate:source_np:initial_patient_only:other_source_np,Slattery:22,1,explicit_cue,continued_separate,initial_patient_only,other_source_np,14.227964639663696,True,True,False,original_episode,uncertain
E19:E15:slattery2013:22:1:explicit_cue:separate:source_np:initial_patient_only:source_reference,Slattery:22,1,explicit_cue,continued_separate,initial_patient_only,source_reference,5.116337940329686,True,True,False,original_episode,uncertain
E19:E15:slattery2013:23:0:gp:separate:source_np:reference_only:source_np,Slattery:23,0,gp,continued_separate,reference_only,source_np,4.705591216683388,True,True,True,original_episode,new_episode
E19:E15:slattery2013:23:0:gp:separate:source_np:reference_only:other_source_np,Slattery:23,0,gp,continued_separate,reference_only,other_source_np,22.33974552154541,True,True,True,original_episode,new_episode
E19:E15:slattery2013:23:0:gp:separate:source_np:reference_only:source_reference,Slattery:23,0,gp,continued_separate,reference_only,source_reference,2.257705637253821,True,True,True,original_episode,new_episode
E19:E15:slattery2013:23:0:gp:separate:source_np:initial_patient_only:source_np,Slattery:23,0,gp,continued_separate,initial_patient_only,source_np,0.8752238284796476,True,True,True,original_episode,new_episode
E19:E15:slattery2013:23:0:gp:separate:source_np:initial_patient_only:other_source_np,Slattery:23,0,gp,continued_separate,initial_patient_only,other_source_np,22.248419225215912,True,True,True,original_episode,new_episode
E19:E15:slattery2013:23:0:gp:separate:source_np:initial_patient_only:source_reference,Slattery:23,0,gp,continued_separate,initial_patient_only,source_reference,5.073342155665159,True,True,True,original_episode,new_episode
E19:E15:slattery2013:23:0:explicit_cue:separate:source_np:reference_only:source_np,Slattery:23,0,explicit_cue,continued_separate,reference_only,source_np,8.882455229759216,True,True,True,original_episode,new_episode
E19:E15:slattery2013:23:0:explicit_cue:separate:source_np:reference_only:other_source_np,Slattery:23,0,explicit_cue,continued_separate,reference_only,other_source_np,23.812682151794434,True,True,True,original_episode,new_episode
E19:E15:slattery2013:23:0:explicit_cue:separate:source_np:reference_only:source_reference,Slattery:23,0,explicit_cue,continued_separate,reference_only,source_reference,2.214850415359251,True,True,True,original_episode,new_episode
E19:E15:slattery2013:23:0:explicit_cue:separate:source_np:initial_patient_only:source_np,Slattery:23,0,explicit_cue,continued_separate,initial_patient_only,source_np,3.3483976554125547,True,True,True,original_episode,new_episode
E19:E15:slattery2013:23:0:explicit_cue:separate:source_np:initial_patient_only:other_source_np,Slattery:23,0,explicit_cue,continued_separate,initial_patient_only,other_source_np,26.73714017868042,True,True,True,original_episode,new_episode
E19:E15:slattery2013:23:0:explicit_cue:separate:source_np:initial_patient_only:source_reference,Slattery:23,0,explicit_cue,continued_separate,initial_patient_only,source_reference,3.1306346256751567,True,True,True,original_episode,new_episode
E19:E15:slattery2013:23:1:gp:separate:source_np:reference_only:source_np,Slattery:23,1,gp,continued_separate,reference_only,source_np,4.336582571268082,True,True,True,original_episode,new_episode
E19:E15:slattery2013:23:1:gp:separate:source_np:reference_only:other_source_np,Slattery:23,1,gp,continued_separate,reference_only,other_source_np,22.09438180923462,True,True,True,original_episode,new_episode
E19:E15:slattery2013:23:1:gp:separate:source_np:reference_only:source_reference,Slattery:23,1,gp,continued_separate,reference_only,source_reference,2.5926590939052403,True,True,True,original_episode,new_episode
E19:E15:slattery2013:23:1:gp:separate:source_np:initial_patient_only:source_np,Slattery:23,1,gp,continued_separate,initial_patient_only,source_np,1.6418674401938915,True,True,True,original_episode,new_episode
E19:E15:slattery2013:23:1:gp:separate:source_np:initial_patient_only:other_source_np,Slattery:23,1,gp,continued_separate,initial_patient_only,other_source_np,20.565613389015198,True,True,True,original_episode,new_episode
E19:E15:slattery2013:23:1:gp:separate:source_np:initial_patient_only:source_reference,Slattery:23,1,gp,continued_separate,initial_patient_only,source_reference,4.543129205703735,True,True,True,original_episode,new_episode
E19:E15:slattery2013:23:1:explicit_cue:separate:source_np:reference_only:source_np,Slattery:23,1,explicit_cue,continued_separate,reference_only,source_np,9.347686052322388,True,True,True,original_episode,new_episode
E19:E15:slattery2013:23:1:explicit_cue:separate:source_np:reference_only:other_source_np,Slattery:23,1,explicit_cue,continued_separate,reference_only,other_source_np,22.02929162979126,True,True,True,original_episode,new_episode
E19:E15:slattery2013:23:1:explicit_cue:separate:source_np:reference_only:source_reference,Slattery:23,1,explicit_cue,continued_separate,reference_only,source_reference,2.520148341485765,True,True,True,original_episode,new_episode
E19:E15:slattery2013:23:1:explicit_cue:separate:source_np:initial_patient_only:source_np,Slattery:23,1,explicit_cue,continued_separate,initial_patient_only,source_np,2.4798906557261944,True,True,True,original_episode,new_episode
E19:E15:slattery2013:23:1:explicit_cue:separate:source_np:initial_patient_only:other_source_np,Slattery:23,1,explicit_cue,continued_separate,initial_patient_only,other_source_np,20.55430769920349,True,True,True,original_episode,new_episode
E19:E15:slattery2013:23:1:explicit_cue:separate:source_np:initial_patient_only:source_reference,Slattery:23,1,explicit_cue,continued_separate,initial_patient_only,source_reference,3.938573168590665,True,True,True,original_episode,new_episode
