stratum,pair_id,R_D_named_reference_only,R_D_named_initial_patient_only,R_D_minimal_reference_only,R_D_minimal_initial_patient_only,R_D_generic_reference_only,R_D_generic_initial_patient_only,M_D_named_reference_only,M_D_named_initial_patient_only,M_D_minimal_reference_only,M_D_minimal_initial_patient_only,M_D_generic_reference_only,M_D_generic_initial_patient_only
all/option0,Slattery:1,-2.5865889489650726,-4.236968046985567,-5.282993823289871,-3.803453352302313,-4.518399399705231,-4.884357390459627,3.1459302604198456,0.3725240295752883,8.099967986345291,0.6252149604260921,6.518674296326935,-0.09786182874813676
all/option0,Slattery:20,-4.216910215181997,-2.884016928554047,-10.215788549830904,-3.9924216166255064,-10.710407901919098,-5.1190785561921075,1.3463061265647411,0.8347449135035276,6.0264291781932116,0.9704383201897144,6.196849713101983,1.0226408503949642
all/option0,Slattery:21,-4.106752640800551,-1.0069266920909286,-9.712832137825899,-1.828017933294177,-10.905092382337898,-2.166912656277418,4.947375297546387,2.8088295683264732,9.187792181968689,2.7602364122867584,10.950584530830383,2.7499151453375816
all/option0,Slattery:22,-4.371945148566738,-4.169018946937285,-7.186274694977328,-3.161055125994608,-5.120627881260589,-3.1187716559506953,2.6785268746316433,0.966903256252408,4.959377089515328,0.8238412141799927,5.2994761019945145,2.440616593696177
all/option0,Slattery:23,-2.0225736824795604,-2.909209245699458,-4.495502583027701,-4.166542317718267,-4.596595449838787,-3.6981553407385945,0.5500336289405823,-2.955885367002338,2.6157387420535088,-2.2279377207159996,1.7107461094856262,-2.1603902662172914
all/option0,Slattery:3,-3.5799249969422817,-3.287086400669068,-6.622737911064178,-5.866236936300993,-4.750116978306323,-5.446068120654672,1.9790396057069302,2.425695377867669,5.03966085286811,1.0253255777060986,3.9524906021542847,2.131251303013414
all/option0,Slattery:4,-0.9881685078144073,-2.388566610403359,-3.2568285688757896,-2.301078965421766,-3.9088708460330963,-2.478247337974608,3.4056319296360016,3.3466679276898503,5.62025161832571,2.920559724327177,6.500960022211075,1.3513385439291596
all/option1,Slattery:1,-2.302307903766632,-5.358635175041854,-4.476763367652893,-5.1378890462219715,-3.8851511776447296,-5.960280241444707,2.043571650981903,1.4969203351065516,5.159962773323059,0.357156652957201,4.811799556016922,1.1003742832690477
all/option1,Slattery:20,-4.223574446863495,-3.024085115059279,-10.852030689042294,-5.229078517877497,-10.408153313270304,-3.8982498095138,4.294004935771227,-0.024859782308340073,8.69340725056827,0.7853261455893517,7.507632112130523,-0.21392170432955027
all/option1,Slattery:21,-4.45897636609152,-4.310732377693057,-7.575175242731348,-2.768351547420025,-7.546042733825743,-2.8878080546855927,6.397863507270813,7.3021285235881805,9.551356196403503,4.738053381443024,9.899154305458069,5.855513766407967
all/option1,Slattery:22,-3.2724721336271614,-4.171743379440159,-11.727072819019668,-4.563415211858228,-8.238609472988173,-6.331239715451375,2.031374990940094,-3.291819281876087,5.454172194004059,-2.2986442670226097,4.143670678138733,-1.7717090211808681
all/option1,Slattery:23,-3.8412147504277527,-2.5162083585746586,-8.154245055513456,-1.313254239037633,-6.9645789510104805,-2.338177114725113,3.473965473473072,-3.291280086617917,7.076303239911795,-0.9278316367417574,6.200949478894472,-2.2958314195275307
all/option1,Slattery:3,-6.5263864025473595,-7.436414267402142,-18.25756092555821,-6.2405482502654195,-17.087299037724733,-7.142357344739139,10.44536604732275,6.329426284413785,22.14096667058766,4.530757841654122,22.252973843365908,3.0707728816196322
all/option1,Slattery:4,-1.1465384289622307,-2.221104251453653,-5.052514372393489,-2.1814288331661373,-3.6094399988651276,-1.2739510313840583,3.636962942779064,0.2547530105803162,7.716289697214961,1.5041180124972016,5.874818176031113,-0.612577028456144
all/optionboth,Slattery:1,-2.4444484263658524,-4.7978016110137105,-4.879878595471382,-4.470671199262142,-4.20177528867498,-5.422318815952167,2.5947509557008743,0.93472218234092,6.629965379834175,0.4911858066916466,5.665236926171929,0.5012562272604555
all/optionboth,Slattery:20,-4.220242331022746,-2.954051021806663,-10.5339096194366,-4.610750067251502,-10.559280607594701,-4.508664182852954,2.820155531167984,0.4049425655975938,7.359918214380741,0.877882232889533,6.852240912616253,0.404359573032707
all/optionboth,Slattery:21,-4.282864503446035,-2.658829534891993,-8.644003690278623,-2.298184740357101,-9.22556755808182,-2.5273603554815054,5.6726194024086,5.055479045957327,9.369574189186096,3.749144896864891,10.424869418144226,4.302714455872774
all/optionboth,Slattery:22,-3.8222086410969496,-4.170381163188722,-9.456673756998498,-3.862235168926418,-6.679618677124381,-4.725005685701035,2.3549509327858686,-1.1624580128118396,5.206774641759694,-0.7374015264213085,4.721573390066624,0.33445378625765443
all/optionboth,Slattery:23,-2.9318942164536566,-2.7127088021370582,-6.324873819270579,-2.73989827837795,-5.780587200424634,-3.0181662277318537,2.011999551206827,-3.1235827268101275,4.846020990982652,-1.5778846787288785,3.955847794190049,-2.228110842872411
all/optionboth,Slattery:3,-5.053155699744821,-5.361750334035605,-12.440149418311194,-6.053392593283206,-10.918708008015528,-6.294212732696906,6.21220282651484,4.377560831140727,13.590313761727884,2.77804170968011,13.102732222760096,2.601012092316523
all/optionboth,Slattery:4,-1.067353468388319,-2.304835430928506,-4.154671470634639,-2.2412538992939517,-3.759155422449112,-1.8760991846793331,3.521297436207533,1.8007104691350833,6.668270657770336,2.212338868412189,6.187889099121094,0.3693807577365078
eligible/option0,Slattery:1,-2.5865889489650726,-4.236968046985567,-5.282993823289871,-3.803453352302313,-4.518399399705231,-4.884357390459627,3.1459302604198456,0.3725240295752883,8.099967986345291,0.6252149604260921,6.518674296326935,-0.09786182874813676
eligible/option0,Slattery:20,-4.216910215181997,-2.884016928554047,-10.215788549830904,-3.9924216166255064,-10.710407901919098,-5.1190785561921075,1.3463061265647411,0.8347449135035276,6.0264291781932116,0.9704383201897144,6.196849713101983,1.0226408503949642
eligible/option0,Slattery:21,-4.106752640800551,-1.0069266920909286,-9.712832137825899,-1.828017933294177,-10.905092382337898,-2.166912656277418,4.947375297546387,2.8088295683264732,9.187792181968689,2.7602364122867584,10.950584530830383,2.7499151453375816
eligible/option0,Slattery:22,-4.371945148566738,-4.169018946937285,-7.186274694977328,-3.161055125994608,-5.120627881260589,-3.1187716559506953,2.6785268746316433,0.966903256252408,4.959377089515328,0.8238412141799927,5.2994761019945145,2.440616593696177
eligible/option0,Slattery:23,-2.0225736824795604,-2.909209245699458,-4.495502583027701,-4.166542317718267,-4.596595449838787,-3.6981553407385945,0.5500336289405823,-2.955885367002338,2.6157387420535088,-2.2279377207159996,1.7107461094856262,-2.1603902662172914
eligible/option0,Slattery:3,-3.5799249969422817,-3.287086400669068,-6.622737911064178,-5.866236936300993,-4.750116978306323,-5.446068120654672,1.9790396057069302,2.425695377867669,5.03966085286811,1.0253255777060986,3.9524906021542847,2.131251303013414
eligible/option0,Slattery:4,-0.9881685078144073,-2.388566610403359,-3.2568285688757896,-2.301078965421766,-3.9088708460330963,-2.478247337974608,3.4056319296360016,3.3466679276898503,5.62025161832571,2.920559724327177,6.500960022211075,1.3513385439291596
eligible/option1,Slattery:1,-2.302307903766632,-5.358635175041854,-4.476763367652893,-5.1378890462219715,-3.8851511776447296,-5.960280241444707,2.043571650981903,1.4969203351065516,5.159962773323059,0.357156652957201,4.811799556016922,1.1003742832690477
eligible/option1,Slattery:20,-4.223574446863495,-3.024085115059279,-10.852030689042294,-5.229078517877497,-10.408153313270304,-3.8982498095138,4.294004935771227,-0.024859782308340073,8.69340725056827,0.7853261455893517,7.507632112130523,-0.21392170432955027
eligible/option1,Slattery:21,-4.45897636609152,-4.310732377693057,-7.575175242731348,-2.768351547420025,-7.546042733825743,-2.8878080546855927,6.397863507270813,7.3021285235881805,9.551356196403503,4.738053381443024,9.899154305458069,5.855513766407967
eligible/option1,Slattery:22,-3.2724721336271614,-4.171743379440159,-11.727072819019668,-4.563415211858228,-8.238609472988173,-6.331239715451375,2.031374990940094,-3.291819281876087,5.454172194004059,-2.2986442670226097,4.143670678138733,-1.7717090211808681
eligible/option1,Slattery:23,-3.8412147504277527,-2.5162083585746586,-8.154245055513456,-1.313254239037633,-6.9645789510104805,-2.338177114725113,3.473965473473072,-3.291280086617917,7.076303239911795,-0.9278316367417574,6.200949478894472,-2.2958314195275307
eligible/option1,Slattery:3,-6.5263864025473595,-7.436414267402142,-18.25756092555821,-6.2405482502654195,-17.087299037724733,-7.142357344739139,10.44536604732275,6.329426284413785,22.14096667058766,4.530757841654122,22.252973843365908,3.0707728816196322
eligible/option1,Slattery:4,-1.1465384289622307,-2.221104251453653,-5.052514372393489,-2.1814288331661373,-3.6094399988651276,-1.2739510313840583,3.636962942779064,0.2547530105803162,7.716289697214961,1.5041180124972016,5.874818176031113,-0.612577028456144
eligible/optionboth,Slattery:1,-2.4444484263658524,-4.7978016110137105,-4.879878595471382,-4.470671199262142,-4.20177528867498,-5.422318815952167,2.5947509557008743,0.93472218234092,6.629965379834175,0.4911858066916466,5.665236926171929,0.5012562272604555
eligible/optionboth,Slattery:20,-4.220242331022746,-2.954051021806663,-10.5339096194366,-4.610750067251502,-10.559280607594701,-4.508664182852954,2.820155531167984,0.4049425655975938,7.359918214380741,0.877882232889533,6.852240912616253,0.404359573032707
eligible/optionboth,Slattery:21,-4.282864503446035,-2.658829534891993,-8.644003690278623,-2.298184740357101,-9.22556755808182,-2.5273603554815054,5.6726194024086,5.055479045957327,9.369574189186096,3.749144896864891,10.424869418144226,4.302714455872774
eligible/optionboth,Slattery:22,-3.8222086410969496,-4.170381163188722,-9.456673756998498,-3.862235168926418,-6.679618677124381,-4.725005685701035,2.3549509327858686,-1.1624580128118396,5.206774641759694,-0.7374015264213085,4.721573390066624,0.33445378625765443
eligible/optionboth,Slattery:23,-2.9318942164536566,-2.7127088021370582,-6.324873819270579,-2.73989827837795,-5.780587200424634,-3.0181662277318537,2.011999551206827,-3.1235827268101275,4.846020990982652,-1.5778846787288785,3.955847794190049,-2.228110842872411
eligible/optionboth,Slattery:3,-5.053155699744821,-5.361750334035605,-12.440149418311194,-6.053392593283206,-10.918708008015528,-6.294212732696906,6.21220282651484,4.377560831140727,13.590313761727884,2.77804170968011,13.102732222760096,2.601012092316523
eligible/optionboth,Slattery:4,-1.067353468388319,-2.304835430928506,-4.154671470634639,-2.2412538992939517,-3.759155422449112,-1.8760991846793331,3.521297436207533,1.8007104691350833,6.668270657770336,2.212338868412189,6.187889099121094,0.3693807577365078
acceptable/option0,Slattery:1,-2.5865889489650726,-4.236968046985567,-5.282993823289871,-3.803453352302313,-4.518399399705231,-4.884357390459627,3.1459302604198456,0.3725240295752883,8.099967986345291,0.6252149604260921,6.518674296326935,-0.09786182874813676
acceptable/option0,Slattery:21,-4.106752640800551,-1.0069266920909286,-9.712832137825899,-1.828017933294177,-10.905092382337898,-2.166912656277418,4.947375297546387,2.8088295683264732,9.187792181968689,2.7602364122867584,10.950584530830383,2.7499151453375816
acceptable/option0,Slattery:23,-2.0225736824795604,-2.909209245699458,-4.495502583027701,-4.166542317718267,-4.596595449838787,-3.6981553407385945,0.5500336289405823,-2.955885367002338,2.6157387420535088,-2.2279377207159996,1.7107461094856262,-2.1603902662172914
acceptable/option0,Slattery:4,-0.9881685078144073,-2.388566610403359,-3.2568285688757896,-2.301078965421766,-3.9088708460330963,-2.478247337974608,3.4056319296360016,3.3466679276898503,5.62025161832571,2.920559724327177,6.500960022211075,1.3513385439291596
acceptable/option1,Slattery:1,-2.302307903766632,-5.358635175041854,-4.476763367652893,-5.1378890462219715,-3.8851511776447296,-5.960280241444707,2.043571650981903,1.4969203351065516,5.159962773323059,0.357156652957201,4.811799556016922,1.1003742832690477
acceptable/option1,Slattery:21,-4.45897636609152,-4.310732377693057,-7.575175242731348,-2.768351547420025,-7.546042733825743,-2.8878080546855927,6.397863507270813,7.3021285235881805,9.551356196403503,4.738053381443024,9.899154305458069,5.855513766407967
acceptable/option1,Slattery:23,-3.8412147504277527,-2.5162083585746586,-8.154245055513456,-1.313254239037633,-6.9645789510104805,-2.338177114725113,3.473965473473072,-3.291280086617917,7.076303239911795,-0.9278316367417574,6.200949478894472,-2.2958314195275307
acceptable/option1,Slattery:4,-1.1465384289622307,-2.221104251453653,-5.052514372393489,-2.1814288331661373,-3.6094399988651276,-1.2739510313840583,3.636962942779064,0.2547530105803162,7.716289697214961,1.5041180124972016,5.874818176031113,-0.612577028456144
acceptable/optionboth,Slattery:1,-2.4444484263658524,-4.7978016110137105,-4.879878595471382,-4.470671199262142,-4.20177528867498,-5.422318815952167,2.5947509557008743,0.93472218234092,6.629965379834175,0.4911858066916466,5.665236926171929,0.5012562272604555
acceptable/optionboth,Slattery:21,-4.282864503446035,-2.658829534891993,-8.644003690278623,-2.298184740357101,-9.22556755808182,-2.5273603554815054,5.6726194024086,5.055479045957327,9.369574189186096,3.749144896864891,10.424869418144226,4.302714455872774
acceptable/optionboth,Slattery:23,-2.9318942164536566,-2.7127088021370582,-6.324873819270579,-2.73989827837795,-5.780587200424634,-3.0181662277318537,2.011999551206827,-3.1235827268101275,4.846020990982652,-1.5778846787288785,3.955847794190049,-2.228110842872411
acceptable/optionboth,Slattery:4,-1.067353468388319,-2.304835430928506,-4.154671470634639,-2.2412538992939517,-3.759155422449112,-1.8760991846793331,3.521297436207533,1.8007104691350833,6.668270657770336,2.212338868412189,6.187889099121094,0.3693807577365078
faithful_order/option0,Slattery:1,-2.5865889489650726,-4.236968046985567,-5.282993823289871,-3.803453352302313,-4.518399399705231,-4.884357390459627,3.1459302604198456,0.3725240295752883,8.099967986345291,0.6252149604260921,6.518674296326935,-0.09786182874813676
faithful_order/option0,Slattery:21,-4.106752640800551,-1.0069266920909286,-9.712832137825899,-1.828017933294177,-10.905092382337898,-2.166912656277418,4.947375297546387,2.8088295683264732,9.187792181968689,2.7602364122867584,10.950584530830383,2.7499151453375816
faithful_order/option0,Slattery:23,-2.0225736824795604,-2.909209245699458,-4.495502583027701,-4.166542317718267,-4.596595449838787,-3.6981553407385945,0.5500336289405823,-2.955885367002338,2.6157387420535088,-2.2279377207159996,1.7107461094856262,-2.1603902662172914
faithful_order/option0,Slattery:4,-0.9881685078144073,-2.388566610403359,-3.2568285688757896,-2.301078965421766,-3.9088708460330963,-2.478247337974608,3.4056319296360016,3.3466679276898503,5.62025161832571,2.920559724327177,6.500960022211075,1.3513385439291596
faithful_order/option1,Slattery:1,-2.302307903766632,-5.358635175041854,-4.476763367652893,-5.1378890462219715,-3.8851511776447296,-5.960280241444707,2.043571650981903,1.4969203351065516,5.159962773323059,0.357156652957201,4.811799556016922,1.1003742832690477
faithful_order/option1,Slattery:21,-4.45897636609152,-4.310732377693057,-7.575175242731348,-2.768351547420025,-7.546042733825743,-2.8878080546855927,6.397863507270813,7.3021285235881805,9.551356196403503,4.738053381443024,9.899154305458069,5.855513766407967
faithful_order/option1,Slattery:23,-3.8412147504277527,-2.5162083585746586,-8.154245055513456,-1.313254239037633,-6.9645789510104805,-2.338177114725113,3.473965473473072,-3.291280086617917,7.076303239911795,-0.9278316367417574,6.200949478894472,-2.2958314195275307
faithful_order/option1,Slattery:4,-1.1465384289622307,-2.221104251453653,-5.052514372393489,-2.1814288331661373,-3.6094399988651276,-1.2739510313840583,3.636962942779064,0.2547530105803162,7.716289697214961,1.5041180124972016,5.874818176031113,-0.612577028456144
faithful_order/optionboth,Slattery:1,-2.4444484263658524,-4.7978016110137105,-4.879878595471382,-4.470671199262142,-4.20177528867498,-5.422318815952167,2.5947509557008743,0.93472218234092,6.629965379834175,0.4911858066916466,5.665236926171929,0.5012562272604555
faithful_order/optionboth,Slattery:21,-4.282864503446035,-2.658829534891993,-8.644003690278623,-2.298184740357101,-9.22556755808182,-2.5273603554815054,5.6726194024086,5.055479045957327,9.369574189186096,3.749144896864891,10.424869418144226,4.302714455872774
faithful_order/optionboth,Slattery:23,-2.9318942164536566,-2.7127088021370582,-6.324873819270579,-2.73989827837795,-5.780587200424634,-3.0181662277318537,2.011999551206827,-3.1235827268101275,4.846020990982652,-1.5778846787288785,3.955847794190049,-2.228110842872411
faithful_order/optionboth,Slattery:4,-1.067353468388319,-2.304835430928506,-4.154671470634639,-2.2412538992939517,-3.759155422449112,-1.8760991846793331,3.521297436207533,1.8007104691350833,6.668270657770336,2.212338868412189,6.187889099121094,0.3693807577365078
