stratum,verb_family,source_items,I_original_activity_reference_only,I_same_actor_reference_only,I_other_actor_reference_only,event_transfer_reference_only,actor_transfer_reference_only,full_transfer_reference_only,I_original_activity_initial_patient_only,I_same_actor_initial_patient_only,I_other_actor_initial_patient_only,event_transfer_initial_patient_only,actor_transfer_initial_patient_only,full_transfer_initial_patient_only
all,bathed,"['Cehakova:item85', 'Cehakova:item86']",-0.9899307284504175,-0.3152323514223099,-0.3275556741282344,0.6746983770281076,-0.012323322705924511,0.6623750543221831,-1.1818585738074034,-0.060230014845728874,1.0781895220279694,1.1216285589616746,1.1384195368736982,2.260048095835373
all,cuddled,"['Cehakova:item75', 'Cehakova:item76']",-2.0568503653630614,-1.935957284644246,-2.268311731517315,0.12089308071881533,-0.3323544468730688,-0.21146136615425348,1.338521871715784,1.1219339780509472,-0.596648246049881,-0.21658789366483688,-1.7185822241008282,-1.935170117765665
all,disrobed,"['Cehakova:item81', 'Cehakova:item82']",-1.2561222240328789,-1.838568527251482,-2.8497272208333015,-0.5824463032186031,-1.0111586935818195,-1.5936049968004227,-0.3322466788813472,-0.5286432132124901,1.022881269454956,-0.1963965343311429,1.5515244826674461,1.3551279483363032
all,dressed,"['Cehakova:item77', 'Cehakova:item78']",-1.7945955283939838,-0.34711144864559174,-1.0412281304597855,1.447484079748392,-0.6941166818141937,0.7533673979341984,0.42427476309239864,1.6093679573386908,0.49531175196170807,1.1850931942462921,-1.1140562053769827,0.07103698886930943
all,embraced,"['Cehakova:item73', 'Cehakova:item74']",0.3223882196471095,-0.778150349855423,-1.517078509554267,-1.1005385695025325,-0.738928159698844,-1.8394667292013764,0.25704792502801865,0.3592627998441458,0.21219640970230103,0.10221487481612712,-0.14706639014184475,-0.04485151532571763
all,fought,"['Cehakova:item91', 'Cehakova:item92']",-0.18096038699150085,-2.5100397169589996,-2.9547954201698303,-2.329079329967499,-0.4447557032108307,-2.7738350331783295,-1.0378340389579535,-2.315954588353634,-1.3197411000728607,-1.2781205493956804,0.9962134882807732,-0.28190706111490726
all,healed,"['Cehakova:item93', 'Cehakova:item94']",-0.3136988580226898,-0.3124723471701145,-1.4376989342272282,0.0012265108525753021,-1.1252265870571136,-1.1240000762045383,-0.009602741338312626,-1.2722694613039494,-1.6429989784955978,-1.2626667199656367,-0.3707295171916485,-1.6333962371572852
all,hid,"['Cehakova:item71', 'Cehakova:item72']",-0.18112656101584435,-1.2750545050948858,-1.8080239333212376,-1.0939279440790415,-0.5329694282263517,-1.6268973723053932,-0.21020633541047573,2.018896861001849,2.065405197441578,2.229103196412325,0.04650833643972874,2.2756115328520536
all,hugged,"['Cehakova:item87', 'Cehakova:item88']",0.07263331487774849,-1.353616458363831,-2.3388046249747276,-1.4262497732415795,-0.9851881666108966,-2.411437939852476,-0.2527978476136923,-0.29437120631337166,-0.420045867562294,-0.041573358699679375,-0.12567466124892235,-0.16724801994860172
all,kissed,"['Cehakova:item89', 'Cehakova:item90']",-0.7855713851749897,-1.2569204522296786,-2.195686424151063,-0.47134906705468893,-0.9387659719213843,-1.4101150389760733,-0.1402657814323902,-0.3412794843316078,-0.229150228202343,-0.2010137028992176,0.11212925612926483,-0.08888444676995277
all,met,"['Cehakova:item79', 'Cehakova:item80']",-0.9207750111818314,-2.9120833412744105,-6.650329135358334,-1.9913083300925791,-3.738245794083923,-5.729554124176502,1.0771588766947389,-0.5670798197388649,1.3807271346449852,-1.6442386964336038,1.94780695438385,0.30356825795024633
all,shaved,"['Cehakova:item83', 'Cehakova:item84']",-1.4606433659791946,-0.15736345574259758,0.5545325949788094,1.303279910236597,0.7118960507214069,2.015175960958004,0.08598634228110313,1.1803637444972992,0.09847337007522583,1.094377402216196,-1.0818903744220734,0.012487027794122696
eligible,bathed,"['Cehakova:item85', 'Cehakova:item86']",-0.9899307284504175,-0.3152323514223099,-0.3275556741282344,0.6746983770281076,-0.012323322705924511,0.6623750543221831,-1.1818585738074034,-0.060230014845728874,1.0781895220279694,1.1216285589616746,1.1384195368736982,2.260048095835373
eligible,cuddled,"['Cehakova:item75', 'Cehakova:item76']",-2.0568503653630614,-1.935957284644246,-2.268311731517315,0.12089308071881533,-0.3323544468730688,-0.21146136615425348,1.338521871715784,1.1219339780509472,-0.596648246049881,-0.21658789366483688,-1.7185822241008282,-1.935170117765665
eligible,disrobed,"['Cehakova:item81', 'Cehakova:item82']",-1.2561222240328789,-1.838568527251482,-2.8497272208333015,-0.5824463032186031,-1.0111586935818195,-1.5936049968004227,-0.3322466788813472,-0.5286432132124901,1.022881269454956,-0.1963965343311429,1.5515244826674461,1.3551279483363032
eligible,dressed,"['Cehakova:item77', 'Cehakova:item78']",-1.7945955283939838,-0.34711144864559174,-1.0412281304597855,1.447484079748392,-0.6941166818141937,0.7533673979341984,0.42427476309239864,1.6093679573386908,0.49531175196170807,1.1850931942462921,-1.1140562053769827,0.07103698886930943
eligible,embraced,"['Cehakova:item73', 'Cehakova:item74']",0.3223882196471095,-0.778150349855423,-1.517078509554267,-1.1005385695025325,-0.738928159698844,-1.8394667292013764,0.25704792502801865,0.3592627998441458,0.21219640970230103,0.10221487481612712,-0.14706639014184475,-0.04485151532571763
eligible,fought,"['Cehakova:item91', 'Cehakova:item92']",-0.18096038699150085,-2.5100397169589996,-2.9547954201698303,-2.329079329967499,-0.4447557032108307,-2.7738350331783295,-1.0378340389579535,-2.315954588353634,-1.3197411000728607,-1.2781205493956804,0.9962134882807732,-0.28190706111490726
eligible,healed,"['Cehakova:item93', 'Cehakova:item94']",-0.3136988580226898,-0.3124723471701145,-1.4376989342272282,0.0012265108525753021,-1.1252265870571136,-1.1240000762045383,-0.009602741338312626,-1.2722694613039494,-1.6429989784955978,-1.2626667199656367,-0.3707295171916485,-1.6333962371572852
eligible,hid,"['Cehakova:item71', 'Cehakova:item72']",-0.18112656101584435,-1.2750545050948858,-1.8080239333212376,-1.0939279440790415,-0.5329694282263517,-1.6268973723053932,-0.21020633541047573,2.018896861001849,2.065405197441578,2.229103196412325,0.04650833643972874,2.2756115328520536
eligible,hugged,"['Cehakova:item87', 'Cehakova:item88']",0.07263331487774849,-1.353616458363831,-2.3388046249747276,-1.4262497732415795,-0.9851881666108966,-2.411437939852476,-0.2527978476136923,-0.29437120631337166,-0.420045867562294,-0.041573358699679375,-0.12567466124892235,-0.16724801994860172
eligible,kissed,"['Cehakova:item89', 'Cehakova:item90']",-0.7855713851749897,-1.2569204522296786,-2.195686424151063,-0.47134906705468893,-0.9387659719213843,-1.4101150389760733,-0.1402657814323902,-0.3412794843316078,-0.229150228202343,-0.2010137028992176,0.11212925612926483,-0.08888444676995277
eligible,met,"['Cehakova:item79', 'Cehakova:item80']",-0.9207750111818314,-2.9120833412744105,-6.650329135358334,-1.9913083300925791,-3.738245794083923,-5.729554124176502,1.0771588766947389,-0.5670798197388649,1.3807271346449852,-1.6442386964336038,1.94780695438385,0.30356825795024633
eligible,shaved,"['Cehakova:item83', 'Cehakova:item84']",-1.4606433659791946,-0.15736345574259758,0.5545325949788094,1.303279910236597,0.7118960507214069,2.015175960958004,0.08598634228110313,1.1803637444972992,0.09847337007522583,1.094377402216196,-1.0818903744220734,0.012487027794122696
faithful_scope_actor,bathed,"['Cehakova:item85', 'Cehakova:item86']",-0.9899307284504175,-0.3152323514223099,-0.3275556741282344,0.6746983770281076,-0.012323322705924511,0.6623750543221831,-1.1818585738074034,-0.060230014845728874,1.0781895220279694,1.1216285589616746,1.1384195368736982,2.260048095835373
faithful_scope_actor,disrobed,"['Cehakova:item81', 'Cehakova:item82']",-1.2561222240328789,-1.838568527251482,-2.8497272208333015,-0.5824463032186031,-1.0111586935818195,-1.5936049968004227,-0.3322466788813472,-0.5286432132124901,1.022881269454956,-0.1963965343311429,1.5515244826674461,1.3551279483363032
faithful_scope_actor,dressed,"['Cehakova:item77', 'Cehakova:item78']",-1.7945955283939838,-0.34711144864559174,-1.0412281304597855,1.447484079748392,-0.6941166818141937,0.7533673979341984,0.42427476309239864,1.6093679573386908,0.49531175196170807,1.1850931942462921,-1.1140562053769827,0.07103698886930943
faithful_scope_actor,fought,"['Cehakova:item91', 'Cehakova:item92']",-0.18096038699150085,-2.5100397169589996,-2.9547954201698303,-2.329079329967499,-0.4447557032108307,-2.7738350331783295,-1.0378340389579535,-2.315954588353634,-1.3197411000728607,-1.2781205493956804,0.9962134882807732,-0.28190706111490726
faithful_scope_actor,healed,"['Cehakova:item93', 'Cehakova:item94']",-0.3136988580226898,-0.3124723471701145,-1.4376989342272282,0.0012265108525753021,-1.1252265870571136,-1.1240000762045383,-0.009602741338312626,-1.2722694613039494,-1.6429989784955978,-1.2626667199656367,-0.3707295171916485,-1.6333962371572852
faithful_scope_actor,hid,"['Cehakova:item71', 'Cehakova:item72']",-0.18112656101584435,-1.2750545050948858,-1.8080239333212376,-1.0939279440790415,-0.5329694282263517,-1.6268973723053932,-0.21020633541047573,2.018896861001849,2.065405197441578,2.229103196412325,0.04650833643972874,2.2756115328520536
faithful_scope_actor,hugged,"['Cehakova:item87', 'Cehakova:item88']",0.07263331487774849,-1.353616458363831,-2.3388046249747276,-1.4262497732415795,-0.9851881666108966,-2.411437939852476,-0.2527978476136923,-0.29437120631337166,-0.420045867562294,-0.041573358699679375,-0.12567466124892235,-0.16724801994860172
faithful_scope_actor,kissed,"['Cehakova:item89', 'Cehakova:item90']",-0.7855713851749897,-1.2569204522296786,-2.195686424151063,-0.47134906705468893,-0.9387659719213843,-1.4101150389760733,-0.1402657814323902,-0.3412794843316078,-0.229150228202343,-0.2010137028992176,0.11212925612926483,-0.08888444676995277
faithful_scope_actor,shaved,"['Cehakova:item83', 'Cehakova:item84']",-1.4606433659791946,-0.15736345574259758,0.5545325949788094,1.303279910236597,0.7118960507214069,2.015175960958004,0.08598634228110313,1.1803637444972992,0.09847337007522583,1.094377402216196,-1.0818903744220734,0.012487027794122696
