cohort,verb_family,source_items,old_supported/correct/gp/all_mappings,old_excluded/correct/gp/all_mappings,same_actor_new_activity/correct/gp/all_mappings,signed_role/same_actor_new_activity/gp/all_mappings,other_actor_new_activity/correct/gp/all_mappings,signed_role/other_actor_new_activity/gp/all_mappings,unrelated_unknown_control/correct/gp/all_mappings,old_supported/correct/explicit_cue/all_mappings,old_excluded/correct/explicit_cue/all_mappings,same_actor_new_activity/correct/explicit_cue/all_mappings,signed_role/same_actor_new_activity/explicit_cue/all_mappings,other_actor_new_activity/correct/explicit_cue/all_mappings,signed_role/other_actor_new_activity/explicit_cue/all_mappings,unrelated_unknown_control/correct/explicit_cue/all_mappings,old_supported/correct/event_anchor_only/all_mappings,old_excluded/correct/event_anchor_only/all_mappings,same_actor_new_activity/correct/event_anchor_only/all_mappings,signed_role/same_actor_new_activity/event_anchor_only/all_mappings,other_actor_new_activity/correct/event_anchor_only/all_mappings,signed_role/other_actor_new_activity/event_anchor_only/all_mappings,unrelated_unknown_control/correct/event_anchor_only/all_mappings,signed_role_anchor_minus_gp/same_actor_new_activity/all_mappings,signed_role_anchor_minus_explicit_cue/same_actor_new_activity/all_mappings,signed_role_anchor_minus_gp/other_actor_new_activity/all_mappings,signed_role_anchor_minus_explicit_cue/other_actor_new_activity/all_mappings,old_supported/correct/gp/map0,old_excluded/correct/gp/map0,same_actor_new_activity/correct/gp/map0,signed_role/same_actor_new_activity/gp/map0,other_actor_new_activity/correct/gp/map0,signed_role/other_actor_new_activity/gp/map0,unrelated_unknown_control/correct/gp/map0,old_supported/correct/explicit_cue/map0,old_excluded/correct/explicit_cue/map0,same_actor_new_activity/correct/explicit_cue/map0,signed_role/same_actor_new_activity/explicit_cue/map0,other_actor_new_activity/correct/explicit_cue/map0,signed_role/other_actor_new_activity/explicit_cue/map0,unrelated_unknown_control/correct/explicit_cue/map0,old_supported/correct/event_anchor_only/map0,old_excluded/correct/event_anchor_only/map0,same_actor_new_activity/correct/event_anchor_only/map0,signed_role/same_actor_new_activity/event_anchor_only/map0,other_actor_new_activity/correct/event_anchor_only/map0,signed_role/other_actor_new_activity/event_anchor_only/map0,unrelated_unknown_control/correct/event_anchor_only/map0,signed_role_anchor_minus_gp/same_actor_new_activity/map0,signed_role_anchor_minus_explicit_cue/same_actor_new_activity/map0,signed_role_anchor_minus_gp/other_actor_new_activity/map0,signed_role_anchor_minus_explicit_cue/other_actor_new_activity/map0,old_supported/correct/gp/map1,old_excluded/correct/gp/map1,same_actor_new_activity/correct/gp/map1,signed_role/same_actor_new_activity/gp/map1,other_actor_new_activity/correct/gp/map1,signed_role/other_actor_new_activity/gp/map1,unrelated_unknown_control/correct/gp/map1,old_supported/correct/explicit_cue/map1,old_excluded/correct/explicit_cue/map1,same_actor_new_activity/correct/explicit_cue/map1,signed_role/same_actor_new_activity/explicit_cue/map1,other_actor_new_activity/correct/explicit_cue/map1,signed_role/other_actor_new_activity/explicit_cue/map1,unrelated_unknown_control/correct/explicit_cue/map1,old_supported/correct/event_anchor_only/map1,old_excluded/correct/event_anchor_only/map1,same_actor_new_activity/correct/event_anchor_only/map1,signed_role/same_actor_new_activity/event_anchor_only/map1,other_actor_new_activity/correct/event_anchor_only/map1,signed_role/other_actor_new_activity/event_anchor_only/map1,unrelated_unknown_control/correct/event_anchor_only/map1,signed_role_anchor_minus_gp/same_actor_new_activity/map1,signed_role_anchor_minus_explicit_cue/same_actor_new_activity/map1,signed_role_anchor_minus_gp/other_actor_new_activity/map1,signed_role_anchor_minus_explicit_cue/other_actor_new_activity/map1,old_supported/correct/gp/map2,old_excluded/correct/gp/map2,same_actor_new_activity/correct/gp/map2,signed_role/same_actor_new_activity/gp/map2,other_actor_new_activity/correct/gp/map2,signed_role/other_actor_new_activity/gp/map2,unrelated_unknown_control/correct/gp/map2,old_supported/correct/explicit_cue/map2,old_excluded/correct/explicit_cue/map2,same_actor_new_activity/correct/explicit_cue/map2,signed_role/same_actor_new_activity/explicit_cue/map2,other_actor_new_activity/correct/explicit_cue/map2,signed_role/other_actor_new_activity/explicit_cue/map2,unrelated_unknown_control/correct/explicit_cue/map2,old_supported/correct/event_anchor_only/map2,old_excluded/correct/event_anchor_only/map2,same_actor_new_activity/correct/event_anchor_only/map2,signed_role/same_actor_new_activity/event_anchor_only/map2,other_actor_new_activity/correct/event_anchor_only/map2,signed_role/other_actor_new_activity/event_anchor_only/map2,unrelated_unknown_control/correct/event_anchor_only/map2,signed_role_anchor_minus_gp/same_actor_new_activity/map2,signed_role_anchor_minus_explicit_cue/same_actor_new_activity/map2,signed_role_anchor_minus_gp/other_actor_new_activity/map2,signed_role_anchor_minus_explicit_cue/other_actor_new_activity/map2
clear_gold,bathed,"['Cehakova:item85', 'Cehakova:item86']",100.0,100.0,16.666666666666664,64.06395324478893,62.5,8.695141149771729,100.0,100.0,100.0,4.166666666666666,77.21582716784377,66.66666666666666,10.982998819580079,100.0,100.0,83.33333333333334,4.166666666666666,75.97750492299889,70.83333333333334,4.402047557760875,100.0,11.913551678209956,-1.2383222448448805,-4.2930935920108535,-6.580951261819203,100.0,100.0,0.0,95.45089360293471,75.0,17.152137961869553,100.0,100.0,100.0,0.0,98.46385314195547,87.5,18.73677276935246,100.0,100.0,87.5,0.0,98.2535216688853,100.0,4.31737721969692,100.0,2.802628065950586,-0.21033147307016975,-12.834760742172634,-14.41939554965554,100.0,100.0,25.0,72.96853465095509,100.0,0.016296147170403247,100.0,100.0,100.0,12.5,84.7296602147888,100.0,0.012037943983591306,100.0,100.0,62.5,12.5,85.3873914432575,100.0,0.011051129873225055,100.0,12.418856792302407,0.6577312284687054,-0.005245017297178193,-0.0009868141103662516,100.0,100.0,25.0,23.77243148047701,12.5,8.916989340275228,100.0,100.0,100.0,0.0,48.453968146787076,12.5,14.200185745404188,100.0,100.0,100.0,0.0,44.29160165685382,12.5,8.877714323712484,100.0,20.51917017637681,-4.162366489933255,-0.039275016562744014,-5.322471421691704
clear_gold,cuddled,"['Cehakova:item75', 'Cehakova:item76']",100.0,83.33333333333334,20.833333333333336,78.76909234565511,58.333333333333336,8.985314917456318,100.0,100.0,79.16666666666666,20.833333333333336,67.23427309573304,50.0,16.817969973464837,100.0,100.0,83.33333333333334,25.0,67.78819984964201,58.333333333333336,9.508168206942356,100.0,-10.980892496013098,0.5539267539089678,0.5228532894860383,-7.309801766522481,100.0,87.5,0.0,97.07342139035825,75.0,26.948690500374013,100.0,100.0,87.5,0.0,99.4603234127816,50.0,50.260086964369165,100.0,100.0,87.5,12.5,91.64732980157751,75.0,22.556830977100017,100.0,-5.426091588780736,-7.812993611204092,-4.391859523273997,-27.70325598726915,100.0,62.5,50.0,55.17506790090728,100.0,0.004741272525850277,100.0,100.0,62.5,62.5,48.33669085493728,100.0,0.0025813098005460174,100.0,100.0,75.0,50.0,53.99793750726107,100.0,2.4173890987354127,100.0,-1.177130393646209,5.66124665232379,2.4126478262095623,2.414807788934867,100.0,100.0,12.5,84.0587877456998,0.0,0.002512979469087355,100.0,100.0,87.5,0.0,53.905805019480255,0.0,0.19124164622479728,100.0,100.0,87.5,12.5,57.719332240087454,0.0,3.5502845449916434,100.0,-26.33945550561235,3.813527220607199,3.547771565522556,3.359042898766846
clear_gold,disrobed,"['Cehakova:item81', 'Cehakova:item82']",100.0,87.5,29.166666666666668,53.89004461351819,66.66666666666666,0.9276808329652445,100.0,91.66666666666666,87.5,29.166666666666668,53.347071886713074,66.66666666666666,3.7575604377684853,100.0,100.0,95.83333333333334,33.33333333333333,57.26859511564173,79.16666666666666,3.740411634332503,100.0,3.378550502123538,3.921523228928656,2.8127308013672585,-0.01714880343598235,100.0,87.5,12.5,77.36015675132747,100.0,0.35953366976140694,100.0,100.0,87.5,12.5,85.86137145124513,100.0,4.252005038648492,100.0,100.0,100.0,25.0,67.91722298990996,100.0,0.07766859958454121,100.0,-9.442933761417507,-17.944148461335175,-0.28186507017686574,-4.174336439063951,100.0,75.0,75.0,30.61868784406255,100.0,0.0003081941029919001,100.0,87.5,75.0,75.0,38.598537863716196,100.0,0.00036157011109588403,100.0,100.0,87.5,75.0,30.840872297100447,100.0,3.725390178319542e-05,100.0,0.22218445303789736,-7.757665566615749,-0.00027094020120870465,-0.0003243162093126886,100.0,100.0,0.0,53.69128924516456,0.0,2.4232006350313426,100.0,87.5,100.0,0.0,35.58130634517784,0.0,7.020314704545876,100.0,100.0,100.0,0.0,73.0476900599148,37.5,11.143529049511189,100.0,19.356400814750238,37.466383714736956,8.720328414479846,4.123214344965313
clear_gold,dressed,"['Cehakova:item77', 'Cehakova:item78']",95.83333333333334,91.66666666666666,29.166666666666668,56.20029577125039,66.66666666666666,1.7365430802120805,100.0,100.0,87.5,29.166666666666668,66.4880546113622,66.66666666666666,1.685507068154015,100.0,100.0,83.33333333333334,29.166666666666668,68.56918750735875,75.0,-0.1413288173482254,100.0,12.36889173610836,2.0811328959965465,-1.877871897560306,-1.8268358855022404,100.0,100.0,0.0,86.9158923870272,100.0,4.947667064951915,100.0,100.0,100.0,12.5,89.6886619950875,100.0,3.5918160485181745,100.0,100.0,87.5,25.0,75.27841478939813,100.0,0.2749407262330413,100.0,-11.637477597629072,-14.410247205689373,-4.672726338718873,-3.3168753222851333,100.0,75.0,87.5,16.19617487847188,100.0,1.911760468266432e-06,100.0,100.0,62.5,62.5,38.031060030551515,100.0,1.8179200345532205e-06,100.0,100.0,62.5,50.0,44.80990517381244,100.0,2.3506126155870064e-05,100.0,28.61373029534056,6.778845143260924,2.1594365687603632e-05,2.1688206121316843e-05,87.5,100.0,0.0,65.48882004825207,0.0,0.26196026392386174,100.0,100.0,100.0,12.5,71.7444418084476,0.0,1.4647033380238383,100.0,100.0,100.0,12.5,85.61924255886566,25.0,-0.6989506844038826,100.0,20.1304225106136,13.87480075041806,-0.9609109483277444,-2.163654022427721
clear_gold,embraced,"['Cehakova:item73', 'Cehakova:item74']",100.0,83.33333333333334,20.833333333333336,62.03638932948837,58.333333333333336,7.569265900632817,100.0,100.0,75.0,25.0,48.376824995987796,62.5,9.958796244042425,100.0,100.0,75.0,41.66666666666667,39.102373289652775,66.66666666666666,2.503634970860466,100.0,-22.934016039835598,-9.274451706335022,-5.06563092977235,-7.455161273181959,100.0,100.0,0.0,88.85596482967509,75.0,18.395463123675555,100.0,100.0,75.0,12.5,84.2579253134534,75.0,17.4931738704038,100.0,100.0,62.5,25.0,76.73440355746021,100.0,2.885105039728967,100.0,-12.121561272214876,-7.523521755993187,-15.510358083946588,-14.608068830674835,100.0,50.0,62.5,49.570429434341285,100.0,0.03496936067719286,100.0,100.0,50.0,62.5,32.03878810883919,100.0,0.07509651807978207,100.0,100.0,62.5,87.5,15.367048116267396,100.0,0.015638687547719358,100.0,-34.20338131807389,-16.671739992571794,-0.019330673129473504,-0.059457830532062717,100.0,100.0,0.0,47.682773724448765,0.0,4.2773652175457,100.0,100.0,100.0,0.0,28.833761565670805,12.5,12.308118343643697,100.0,100.0,100.0,12.5,25.205668195230725,0.0,4.610161185304719,100.0,-22.47710552921804,-3.62809337044008,0.33279596775901865,-7.697957158338978
clear_gold,fought,"['Cehakova:item91', 'Cehakova:item92']",100.0,83.33333333333334,16.666666666666664,82.51242818624148,70.83333333333334,20.82507405185869,100.0,100.0,75.0,29.166666666666668,64.5874372685048,70.83333333333334,13.455995882542263,100.0,100.0,66.66666666666666,20.833333333333336,77.68079458857947,50.0,14.354909797976067,100.0,-4.831633597662005,13.093357320074674,-6.470164253882622,0.8989139154338037,100.0,100.0,12.5,85.84771528452137,75.0,28.65486680043715,100.0,100.0,87.5,25.0,80.89341790955581,87.5,15.981966631268529,100.0,100.0,50.0,25.0,74.97338239000398,50.0,43.065179269007885,100.0,-10.874332894517394,-5.920035519551831,14.410312468570734,27.083212637739358,100.0,50.0,37.5,61.69553354924477,100.0,0.0014330071403169783,100.0,100.0,37.5,62.5,47.2878344169216,100.0,0.004083117452811489,100.0,100.0,50.0,25.0,74.12369675873992,100.0,0.20096359429918298,100.0,12.428163209495153,26.835862341818327,0.199530587158866,0.1968804768463715,100.0,100.0,0.0,99.9940357249583,37.5,33.8189223479986,100.0,100.0,100.0,0.0,65.58105947903697,25.0,24.381937898905452,100.0,100.0,100.0,12.5,83.94530461699452,0.0,-0.20141346937886806,100.0,-16.048731107963775,18.364245137957553,-34.02033581737747,-24.58335136828432
clear_gold,healed,"['Cehakova:item93', 'Cehakova:item94']",100.0,75.0,54.166666666666664,47.31344115973722,66.66666666666666,26.935467986700946,100.0,100.0,70.83333333333334,50.0,52.788200109445214,70.83333333333334,28.468290525535956,100.0,100.0,70.83333333333334,41.66666666666667,59.417377224300964,54.166666666666664,43.35157672133002,100.0,12.10393606456374,6.62917711485575,16.416108734629073,14.883286195794064,100.0,87.5,62.5,45.6716016503471,62.5,45.33591290289613,100.0,100.0,87.5,50.0,57.894276531201925,50.0,51.72745672958504,100.0,100.0,62.5,37.5,58.98554823832083,50.0,53.076064810431355,100.0,13.313946587973732,1.0912717071189064,7.740151907535221,1.3486080808463115,100.0,37.5,75.0,23.987272806483055,100.0,0.2397623762492503,100.0,100.0,25.0,87.5,17.249175215057576,100.0,0.003108010852670626,100.0,100.0,50.0,62.5,37.6380193925009,75.0,19.813586036651877,100.0,13.650746586017846,20.388844177443325,19.573823660402628,19.810478025799206,100.0,100.0,25.0,72.28144902238151,37.5,35.23072868095747,100.0,100.0,100.0,12.5,83.22114858207615,62.5,33.67430683617016,100.0,100.0,100.0,25.0,81.62856404208117,37.5,57.16507931690684,100.0,9.347115019699658,-1.5925845399949878,21.93435063594937,23.49077248073668
clear_gold,hid,"['Cehakova:item71', 'Cehakova:item72']",100.0,87.5,70.83333333333334,29.18508349888328,75.0,7.166426699431666,100.0,100.0,66.66666666666666,62.5,22.98321980924912,70.83333333333334,4.902444710726075,100.0,100.0,75.0,58.333333333333336,43.1536150575683,87.5,3.123262399474937,100.0,13.968531558685022,20.17039524831918,-4.043164299956729,-1.7791823112511382,100.0,87.5,62.5,41.67432509865527,100.0,7.253660669610847,100.0,100.0,75.0,62.5,38.20950471536682,87.5,8.19319527035421,100.0,100.0,75.0,50.0,58.45068569862217,100.0,0.047728463912273776,100.0,16.776360599966907,20.241180983255354,-7.205932205698573,-8.145466806441936,100.0,75.0,100.0,0.0017177733728111803,100.0,0.00127563340013244,100.0,100.0,25.0,100.0,0.022323454985396805,100.0,0.0004778011804076465,100.0,100.0,50.0,87.5,12.347515554646463,100.0,-3.4663290613447734e-06,100.0,12.345797781273653,12.325192099661066,-0.0012790997291937847,-0.00048126750946899126,100.0,100.0,50.0,45.87920762462178,25.0,14.244343795284026,100.0,100.0,100.0,25.0,30.71783125739516,25.0,6.513661060643608,100.0,100.0,100.0,37.5,58.66264391943628,62.5,9.322062200841604,100.0,12.7834362948145,27.944812662041116,-4.922281594442422,2.8084011401979954
clear_gold,hugged,"['Cehakova:item87', 'Cehakova:item88']",100.0,91.66666666666666,41.66666666666667,55.290726288021375,50.0,34.64048780054739,100.0,100.0,91.66666666666666,50.0,48.65191535895896,50.0,31.959286958184247,100.0,100.0,83.33333333333334,37.5,56.71330814032066,45.83333333333333,28.938152183584346,100.0,1.4225818522992881,8.061392781361704,-5.702335616963044,-3.0211347745999007,100.0,100.0,0.0,93.95109402763774,37.5,64.84867094772719,100.0,100.0,100.0,0.0,97.40870718994556,25.0,70.09461239260058,100.0,100.0,75.0,12.5,86.29797593375505,37.5,54.45404368634449,100.0,-7.653118093882682,-11.110731256190505,-10.394627261382695,-15.64056870625609,100.0,75.0,75.0,24.615753166339708,87.5,18.562979038390946,100.0,100.0,75.0,100.0,3.0198873506150887,100.0,5.038235184963478,100.0,100.0,75.0,75.0,27.88460046490281,87.5,14.903867854008476,100.0,3.2688472985631023,24.86471311428772,-3.6591111843824695,9.865632669044999,100.0,100.0,50.0,47.305331670086666,25.0,20.509813415524057,100.0,100.0,100.0,50.0,45.527151536316204,25.0,20.745013296988667,100.0,100.0,100.0,25.0,55.95734802230411,12.5,17.456545010400067,100.0,8.652016352217444,10.430196485987906,-3.0532684051239904,-3.2884682865886
clear_gold,kissed,"['Cehakova:item89', 'Cehakova:item90']",100.0,100.0,16.666666666666664,78.69119292447067,50.0,8.613803016082239,100.0,100.0,95.83333333333334,20.833333333333336,62.263981087925124,54.166666666666664,10.388130912396411,100.0,100.0,100.0,8.333333333333332,83.54180853574255,58.333333333333336,9.099820372782995,100.0,4.850615611271877,21.277827447817423,0.4860173567007564,-1.2883105396134162,100.0,100.0,0.0,99.42295494171537,50.0,25.084728039683483,100.0,100.0,100.0,0.0,99.17665394832959,62.5,30.76328923956738,100.0,100.0,100.0,0.0,99.06310203580084,75.0,19.624803334319544,100.0,-0.35985290591453634,-0.11355191252874874,-5.459924705363939,-11.138485905247837,100.0,100.0,37.5,70.79006437941854,100.0,0.05541387501561347,100.0,100.0,87.5,50.0,47.684081676332255,100.0,0.013144649675566939,100.0,100.0,100.0,25.0,78.04101777635269,100.0,7.084726189615983,100.0,7.25095339693415,30.356936100020434,7.02931231460037,7.071581539940416,100.0,100.0,12.5,65.86055945227815,0.0,0.7012671335476128,100.0,100.0,100.0,12.5,39.931207639113545,0.0,0.38795884794628643,100.0,100.0,100.0,0.0,73.52130579507408,0.0,0.5899315944134365,100.0,7.660746342795932,33.59009815596054,-0.11133553913417638,0.20197274646715002
clear_gold,met,"['Cehakova:item79', 'Cehakova:item80']",100.0,58.333333333333336,62.5,30.508552224686763,79.16666666666666,15.605714904816423,100.0,100.0,58.333333333333336,54.166666666666664,28.612342210244,70.83333333333334,21.64756044635477,100.0,100.0,62.5,54.166666666666664,31.829521370894653,66.66666666666666,0.3374000595598726,100.0,1.32096914620789,3.2171791606506517,-15.268314845256551,-21.310160386794898,100.0,50.0,50.0,52.84904045510371,100.0,12.865522562266934,100.0,100.0,50.0,37.5,57.027630892925984,62.5,28.851126237135404,100.0,100.0,50.0,37.5,63.14667794762876,100.0,2.037155263440525,100.0,10.297637492525048,6.119047054702776,-10.828367298826409,-26.81397097369488,100.0,37.5,100.0,2.9776620859635456,100.0,0.003915444719158566,100.0,100.0,37.5,87.5,11.512431075533721,100.0,0.013685584498478509,100.0,100.0,50.0,87.5,11.952177426540102,100.0,0.005051812049758878,100.0,8.974515340576556,0.4397463510063808,0.001136367330600312,-0.008633772448719632,100.0,87.5,37.5,35.69895413299303,37.5,33.94770670746317,100.0,100.0,87.5,37.5,17.296964662272305,50.0,36.07786951743043,100.0,100.0,87.5,37.5,20.389708738515097,0.0,-1.0300068968106568,100.0,-15.309245394477934,3.0927440762427914,-34.97771360427382,-37.10787641424108
clear_gold,shaved,"['Cehakova:item83', 'Cehakova:item84']",100.0,83.33333333333334,25.0,64.737729774285,79.16666666666666,6.344368451242499,100.0,100.0,70.83333333333334,20.833333333333336,78.51999435368096,75.0,8.384939760617002,100.0,100.0,83.33333333333334,25.0,73.97260765309836,83.33333333333334,12.43061802369256,100.0,9.234877878813364,-4.547386700582592,6.086249572450061,4.045678263075558,100.0,75.0,25.0,71.75716291756082,100.0,11.02284677890382,100.0,100.0,62.5,25.0,77.80300377090546,87.5,16.324493848808714,100.0,100.0,75.0,37.5,63.58095750933575,87.5,13.215125890168872,100.0,-8.176205408225073,-14.222046261569716,2.1922791112650533,-3.109367958639842,100.0,75.0,50.0,50.487495692363595,100.0,0.010065082003600774,100.0,100.0,50.0,37.5,58.05640182685548,100.0,0.005412805240317006,100.0,100.0,75.0,37.5,63.74353085401221,100.0,1.9702370770031796,100.0,13.256035161648612,5.687129027156729,1.9601719949995788,1.9648242717628626,100.0,100.0,0.0,71.96853071293059,37.5,8.000193492820081,100.0,100.0,100.0,0.0,99.70057746328193,37.5,8.824912627801963,100.0,100.0,100.0,0.0,94.5933345959472,62.5,22.106491103905622,100.0,22.62480388301661,-5.107242867334733,14.106297611085541,13.28157847610366
anchor_acceptable_common_clear_gold,cuddled,"['Cehakova:item75', 'Cehakova:item76']",100.0,83.33333333333334,20.833333333333336,78.76909234565511,58.333333333333336,8.985314917456318,100.0,100.0,79.16666666666666,20.833333333333336,67.23427309573304,50.0,16.817969973464837,100.0,100.0,83.33333333333334,25.0,67.78819984964201,58.333333333333336,9.508168206942356,100.0,-10.980892496013098,0.5539267539089678,0.5228532894860383,-7.309801766522481,100.0,87.5,0.0,97.07342139035825,75.0,26.948690500374013,100.0,100.0,87.5,0.0,99.4603234127816,50.0,50.260086964369165,100.0,100.0,87.5,12.5,91.64732980157751,75.0,22.556830977100017,100.0,-5.426091588780736,-7.812993611204092,-4.391859523273997,-27.70325598726915,100.0,62.5,50.0,55.17506790090728,100.0,0.004741272525850277,100.0,100.0,62.5,62.5,48.33669085493728,100.0,0.0025813098005460174,100.0,100.0,75.0,50.0,53.99793750726107,100.0,2.4173890987354127,100.0,-1.177130393646209,5.66124665232379,2.4126478262095623,2.414807788934867,100.0,100.0,12.5,84.0587877456998,0.0,0.002512979469087355,100.0,100.0,87.5,0.0,53.905805019480255,0.0,0.19124164622479728,100.0,100.0,87.5,12.5,57.719332240087454,0.0,3.5502845449916434,100.0,-26.33945550561235,3.813527220607199,3.547771565522556,3.359042898766846
anchor_acceptable_common_clear_gold,disrobed,"['Cehakova:item81', 'Cehakova:item82']",100.0,87.5,29.166666666666668,53.89004461351819,66.66666666666666,0.9276808329652445,100.0,91.66666666666666,87.5,29.166666666666668,53.347071886713074,66.66666666666666,3.7575604377684853,100.0,100.0,95.83333333333334,33.33333333333333,57.26859511564173,79.16666666666666,3.740411634332503,100.0,3.378550502123538,3.921523228928656,2.8127308013672585,-0.01714880343598235,100.0,87.5,12.5,77.36015675132747,100.0,0.35953366976140694,100.0,100.0,87.5,12.5,85.86137145124513,100.0,4.252005038648492,100.0,100.0,100.0,25.0,67.91722298990996,100.0,0.07766859958454121,100.0,-9.442933761417507,-17.944148461335175,-0.28186507017686574,-4.174336439063951,100.0,75.0,75.0,30.61868784406255,100.0,0.0003081941029919001,100.0,87.5,75.0,75.0,38.598537863716196,100.0,0.00036157011109588403,100.0,100.0,87.5,75.0,30.840872297100447,100.0,3.725390178319542e-05,100.0,0.22218445303789736,-7.757665566615749,-0.00027094020120870465,-0.0003243162093126886,100.0,100.0,0.0,53.69128924516456,0.0,2.4232006350313426,100.0,87.5,100.0,0.0,35.58130634517784,0.0,7.020314704545876,100.0,100.0,100.0,0.0,73.0476900599148,37.5,11.143529049511189,100.0,19.356400814750238,37.466383714736956,8.720328414479846,4.123214344965313
anchor_acceptable_common_clear_gold,dressed,"['Cehakova:item77', 'Cehakova:item78']",95.83333333333334,91.66666666666666,29.166666666666668,56.20029577125039,66.66666666666666,1.7365430802120805,100.0,100.0,87.5,29.166666666666668,66.4880546113622,66.66666666666666,1.685507068154015,100.0,100.0,83.33333333333334,29.166666666666668,68.56918750735875,75.0,-0.1413288173482254,100.0,12.36889173610836,2.0811328959965465,-1.877871897560306,-1.8268358855022404,100.0,100.0,0.0,86.9158923870272,100.0,4.947667064951915,100.0,100.0,100.0,12.5,89.6886619950875,100.0,3.5918160485181745,100.0,100.0,87.5,25.0,75.27841478939813,100.0,0.2749407262330413,100.0,-11.637477597629072,-14.410247205689373,-4.672726338718873,-3.3168753222851333,100.0,75.0,87.5,16.19617487847188,100.0,1.911760468266432e-06,100.0,100.0,62.5,62.5,38.031060030551515,100.0,1.8179200345532205e-06,100.0,100.0,62.5,50.0,44.80990517381244,100.0,2.3506126155870064e-05,100.0,28.61373029534056,6.778845143260924,2.1594365687603632e-05,2.1688206121316843e-05,87.5,100.0,0.0,65.48882004825207,0.0,0.26196026392386174,100.0,100.0,100.0,12.5,71.7444418084476,0.0,1.4647033380238383,100.0,100.0,100.0,12.5,85.61924255886566,25.0,-0.6989506844038826,100.0,20.1304225106136,13.87480075041806,-0.9609109483277444,-2.163654022427721
anchor_acceptable_common_clear_gold,embraced,"['Cehakova:item73', 'Cehakova:item74']",100.0,83.33333333333334,20.833333333333336,62.03638932948837,58.333333333333336,7.569265900632817,100.0,100.0,75.0,25.0,48.376824995987796,62.5,9.958796244042425,100.0,100.0,75.0,41.66666666666667,39.102373289652775,66.66666666666666,2.503634970860466,100.0,-22.934016039835598,-9.274451706335022,-5.06563092977235,-7.455161273181959,100.0,100.0,0.0,88.85596482967509,75.0,18.395463123675555,100.0,100.0,75.0,12.5,84.2579253134534,75.0,17.4931738704038,100.0,100.0,62.5,25.0,76.73440355746021,100.0,2.885105039728967,100.0,-12.121561272214876,-7.523521755993187,-15.510358083946588,-14.608068830674835,100.0,50.0,62.5,49.570429434341285,100.0,0.03496936067719286,100.0,100.0,50.0,62.5,32.03878810883919,100.0,0.07509651807978207,100.0,100.0,62.5,87.5,15.367048116267396,100.0,0.015638687547719358,100.0,-34.20338131807389,-16.671739992571794,-0.019330673129473504,-0.059457830532062717,100.0,100.0,0.0,47.682773724448765,0.0,4.2773652175457,100.0,100.0,100.0,0.0,28.833761565670805,12.5,12.308118343643697,100.0,100.0,100.0,12.5,25.205668195230725,0.0,4.610161185304719,100.0,-22.47710552921804,-3.62809337044008,0.33279596775901865,-7.697957158338978
anchor_acceptable_common_clear_gold,fought,"['Cehakova:item91', 'Cehakova:item92']",100.0,83.33333333333334,16.666666666666664,82.51242818624148,70.83333333333334,20.82507405185869,100.0,100.0,75.0,29.166666666666668,64.5874372685048,70.83333333333334,13.455995882542263,100.0,100.0,66.66666666666666,20.833333333333336,77.68079458857947,50.0,14.354909797976067,100.0,-4.831633597662005,13.093357320074674,-6.470164253882622,0.8989139154338037,100.0,100.0,12.5,85.84771528452137,75.0,28.65486680043715,100.0,100.0,87.5,25.0,80.89341790955581,87.5,15.981966631268529,100.0,100.0,50.0,25.0,74.97338239000398,50.0,43.065179269007885,100.0,-10.874332894517394,-5.920035519551831,14.410312468570734,27.083212637739358,100.0,50.0,37.5,61.69553354924477,100.0,0.0014330071403169783,100.0,100.0,37.5,62.5,47.2878344169216,100.0,0.004083117452811489,100.0,100.0,50.0,25.0,74.12369675873992,100.0,0.20096359429918298,100.0,12.428163209495153,26.835862341818327,0.199530587158866,0.1968804768463715,100.0,100.0,0.0,99.9940357249583,37.5,33.8189223479986,100.0,100.0,100.0,0.0,65.58105947903697,25.0,24.381937898905452,100.0,100.0,100.0,12.5,83.94530461699452,0.0,-0.20141346937886806,100.0,-16.048731107963775,18.364245137957553,-34.02033581737747,-24.58335136828432
anchor_acceptable_common_clear_gold,healed,"['Cehakova:item93', 'Cehakova:item94']",100.0,75.0,54.166666666666664,47.31344115973722,66.66666666666666,26.935467986700946,100.0,100.0,70.83333333333334,50.0,52.788200109445214,70.83333333333334,28.468290525535956,100.0,100.0,70.83333333333334,41.66666666666667,59.417377224300964,54.166666666666664,43.35157672133002,100.0,12.10393606456374,6.62917711485575,16.416108734629073,14.883286195794064,100.0,87.5,62.5,45.6716016503471,62.5,45.33591290289613,100.0,100.0,87.5,50.0,57.894276531201925,50.0,51.72745672958504,100.0,100.0,62.5,37.5,58.98554823832083,50.0,53.076064810431355,100.0,13.313946587973732,1.0912717071189064,7.740151907535221,1.3486080808463115,100.0,37.5,75.0,23.987272806483055,100.0,0.2397623762492503,100.0,100.0,25.0,87.5,17.249175215057576,100.0,0.003108010852670626,100.0,100.0,50.0,62.5,37.6380193925009,75.0,19.813586036651877,100.0,13.650746586017846,20.388844177443325,19.573823660402628,19.810478025799206,100.0,100.0,25.0,72.28144902238151,37.5,35.23072868095747,100.0,100.0,100.0,12.5,83.22114858207615,62.5,33.67430683617016,100.0,100.0,100.0,25.0,81.62856404208117,37.5,57.16507931690684,100.0,9.347115019699658,-1.5925845399949878,21.93435063594937,23.49077248073668
anchor_acceptable_common_clear_gold,hid,"['Cehakova:item71', 'Cehakova:item72']",100.0,87.5,70.83333333333334,29.18508349888328,75.0,7.166426699431666,100.0,100.0,66.66666666666666,62.5,22.98321980924912,70.83333333333334,4.902444710726075,100.0,100.0,75.0,58.333333333333336,43.1536150575683,87.5,3.123262399474937,100.0,13.968531558685022,20.17039524831918,-4.043164299956729,-1.7791823112511382,100.0,87.5,62.5,41.67432509865527,100.0,7.253660669610847,100.0,100.0,75.0,62.5,38.20950471536682,87.5,8.19319527035421,100.0,100.0,75.0,50.0,58.45068569862217,100.0,0.047728463912273776,100.0,16.776360599966907,20.241180983255354,-7.205932205698573,-8.145466806441936,100.0,75.0,100.0,0.0017177733728111803,100.0,0.00127563340013244,100.0,100.0,25.0,100.0,0.022323454985396805,100.0,0.0004778011804076465,100.0,100.0,50.0,87.5,12.347515554646463,100.0,-3.4663290613447734e-06,100.0,12.345797781273653,12.325192099661066,-0.0012790997291937847,-0.00048126750946899126,100.0,100.0,50.0,45.87920762462178,25.0,14.244343795284026,100.0,100.0,100.0,25.0,30.71783125739516,25.0,6.513661060643608,100.0,100.0,100.0,37.5,58.66264391943628,62.5,9.322062200841604,100.0,12.7834362948145,27.944812662041116,-4.922281594442422,2.8084011401979954
anchor_acceptable_common_clear_gold,hugged,"['Cehakova:item87', 'Cehakova:item88']",100.0,91.66666666666666,41.66666666666667,55.290726288021375,50.0,34.64048780054739,100.0,100.0,91.66666666666666,50.0,48.65191535895896,50.0,31.959286958184247,100.0,100.0,83.33333333333334,37.5,56.71330814032066,45.83333333333333,28.938152183584346,100.0,1.4225818522992881,8.061392781361704,-5.702335616963044,-3.0211347745999007,100.0,100.0,0.0,93.95109402763774,37.5,64.84867094772719,100.0,100.0,100.0,0.0,97.40870718994556,25.0,70.09461239260058,100.0,100.0,75.0,12.5,86.29797593375505,37.5,54.45404368634449,100.0,-7.653118093882682,-11.110731256190505,-10.394627261382695,-15.64056870625609,100.0,75.0,75.0,24.615753166339708,87.5,18.562979038390946,100.0,100.0,75.0,100.0,3.0198873506150887,100.0,5.038235184963478,100.0,100.0,75.0,75.0,27.88460046490281,87.5,14.903867854008476,100.0,3.2688472985631023,24.86471311428772,-3.6591111843824695,9.865632669044999,100.0,100.0,50.0,47.305331670086666,25.0,20.509813415524057,100.0,100.0,100.0,50.0,45.527151536316204,25.0,20.745013296988667,100.0,100.0,100.0,25.0,55.95734802230411,12.5,17.456545010400067,100.0,8.652016352217444,10.430196485987906,-3.0532684051239904,-3.2884682865886
anchor_acceptable_common_clear_gold,kissed,"['Cehakova:item89', 'Cehakova:item90']",100.0,100.0,16.666666666666664,78.69119292447067,50.0,8.613803016082239,100.0,100.0,95.83333333333334,20.833333333333336,62.263981087925124,54.166666666666664,10.388130912396411,100.0,100.0,100.0,8.333333333333332,83.54180853574255,58.333333333333336,9.099820372782995,100.0,4.850615611271877,21.277827447817423,0.4860173567007564,-1.2883105396134162,100.0,100.0,0.0,99.42295494171537,50.0,25.084728039683483,100.0,100.0,100.0,0.0,99.17665394832959,62.5,30.76328923956738,100.0,100.0,100.0,0.0,99.06310203580084,75.0,19.624803334319544,100.0,-0.35985290591453634,-0.11355191252874874,-5.459924705363939,-11.138485905247837,100.0,100.0,37.5,70.79006437941854,100.0,0.05541387501561347,100.0,100.0,87.5,50.0,47.684081676332255,100.0,0.013144649675566939,100.0,100.0,100.0,25.0,78.04101777635269,100.0,7.084726189615983,100.0,7.25095339693415,30.356936100020434,7.02931231460037,7.071581539940416,100.0,100.0,12.5,65.86055945227815,0.0,0.7012671335476128,100.0,100.0,100.0,12.5,39.931207639113545,0.0,0.38795884794628643,100.0,100.0,100.0,0.0,73.52130579507408,0.0,0.5899315944134365,100.0,7.660746342795932,33.59009815596054,-0.11133553913417638,0.20197274646715002
anchor_acceptable_common_clear_gold,met,"['Cehakova:item79', 'Cehakova:item80']",100.0,58.333333333333336,62.5,30.508552224686763,79.16666666666666,15.605714904816423,100.0,100.0,58.333333333333336,54.166666666666664,28.612342210244,70.83333333333334,21.64756044635477,100.0,100.0,62.5,54.166666666666664,31.829521370894653,66.66666666666666,0.3374000595598726,100.0,1.32096914620789,3.2171791606506517,-15.268314845256551,-21.310160386794898,100.0,50.0,50.0,52.84904045510371,100.0,12.865522562266934,100.0,100.0,50.0,37.5,57.027630892925984,62.5,28.851126237135404,100.0,100.0,50.0,37.5,63.14667794762876,100.0,2.037155263440525,100.0,10.297637492525048,6.119047054702776,-10.828367298826409,-26.81397097369488,100.0,37.5,100.0,2.9776620859635456,100.0,0.003915444719158566,100.0,100.0,37.5,87.5,11.512431075533721,100.0,0.013685584498478509,100.0,100.0,50.0,87.5,11.952177426540102,100.0,0.005051812049758878,100.0,8.974515340576556,0.4397463510063808,0.001136367330600312,-0.008633772448719632,100.0,87.5,37.5,35.69895413299303,37.5,33.94770670746317,100.0,100.0,87.5,37.5,17.296964662272305,50.0,36.07786951743043,100.0,100.0,87.5,37.5,20.389708738515097,0.0,-1.0300068968106568,100.0,-15.309245394477934,3.0927440762427914,-34.97771360427382,-37.10787641424108
anchor_cross_acceptable_common_clear_gold,disrobed,"['Cehakova:item81', 'Cehakova:item82']",100.0,87.5,29.166666666666668,53.89004461351819,66.66666666666666,0.9276808329652445,100.0,91.66666666666666,87.5,29.166666666666668,53.347071886713074,66.66666666666666,3.7575604377684853,100.0,100.0,95.83333333333334,33.33333333333333,57.26859511564173,79.16666666666666,3.740411634332503,100.0,3.378550502123538,3.921523228928656,2.8127308013672585,-0.01714880343598235,100.0,87.5,12.5,77.36015675132747,100.0,0.35953366976140694,100.0,100.0,87.5,12.5,85.86137145124513,100.0,4.252005038648492,100.0,100.0,100.0,25.0,67.91722298990996,100.0,0.07766859958454121,100.0,-9.442933761417507,-17.944148461335175,-0.28186507017686574,-4.174336439063951,100.0,75.0,75.0,30.61868784406255,100.0,0.0003081941029919001,100.0,87.5,75.0,75.0,38.598537863716196,100.0,0.00036157011109588403,100.0,100.0,87.5,75.0,30.840872297100447,100.0,3.725390178319542e-05,100.0,0.22218445303789736,-7.757665566615749,-0.00027094020120870465,-0.0003243162093126886,100.0,100.0,0.0,53.69128924516456,0.0,2.4232006350313426,100.0,87.5,100.0,0.0,35.58130634517784,0.0,7.020314704545876,100.0,100.0,100.0,0.0,73.0476900599148,37.5,11.143529049511189,100.0,19.356400814750238,37.466383714736956,8.720328414479846,4.123214344965313
anchor_cross_acceptable_common_clear_gold,dressed,"['Cehakova:item77', 'Cehakova:item78']",95.83333333333334,91.66666666666666,29.166666666666668,56.20029577125039,66.66666666666666,1.7365430802120805,100.0,100.0,87.5,29.166666666666668,66.4880546113622,66.66666666666666,1.685507068154015,100.0,100.0,83.33333333333334,29.166666666666668,68.56918750735875,75.0,-0.1413288173482254,100.0,12.36889173610836,2.0811328959965465,-1.877871897560306,-1.8268358855022404,100.0,100.0,0.0,86.9158923870272,100.0,4.947667064951915,100.0,100.0,100.0,12.5,89.6886619950875,100.0,3.5918160485181745,100.0,100.0,87.5,25.0,75.27841478939813,100.0,0.2749407262330413,100.0,-11.637477597629072,-14.410247205689373,-4.672726338718873,-3.3168753222851333,100.0,75.0,87.5,16.19617487847188,100.0,1.911760468266432e-06,100.0,100.0,62.5,62.5,38.031060030551515,100.0,1.8179200345532205e-06,100.0,100.0,62.5,50.0,44.80990517381244,100.0,2.3506126155870064e-05,100.0,28.61373029534056,6.778845143260924,2.1594365687603632e-05,2.1688206121316843e-05,87.5,100.0,0.0,65.48882004825207,0.0,0.26196026392386174,100.0,100.0,100.0,12.5,71.7444418084476,0.0,1.4647033380238383,100.0,100.0,100.0,12.5,85.61924255886566,25.0,-0.6989506844038826,100.0,20.1304225106136,13.87480075041806,-0.9609109483277444,-2.163654022427721
anchor_cross_acceptable_common_clear_gold,embraced,"['Cehakova:item73', 'Cehakova:item74']",100.0,83.33333333333334,20.833333333333336,62.03638932948837,58.333333333333336,7.569265900632817,100.0,100.0,75.0,25.0,48.376824995987796,62.5,9.958796244042425,100.0,100.0,75.0,41.66666666666667,39.102373289652775,66.66666666666666,2.503634970860466,100.0,-22.934016039835598,-9.274451706335022,-5.06563092977235,-7.455161273181959,100.0,100.0,0.0,88.85596482967509,75.0,18.395463123675555,100.0,100.0,75.0,12.5,84.2579253134534,75.0,17.4931738704038,100.0,100.0,62.5,25.0,76.73440355746021,100.0,2.885105039728967,100.0,-12.121561272214876,-7.523521755993187,-15.510358083946588,-14.608068830674835,100.0,50.0,62.5,49.570429434341285,100.0,0.03496936067719286,100.0,100.0,50.0,62.5,32.03878810883919,100.0,0.07509651807978207,100.0,100.0,62.5,87.5,15.367048116267396,100.0,0.015638687547719358,100.0,-34.20338131807389,-16.671739992571794,-0.019330673129473504,-0.059457830532062717,100.0,100.0,0.0,47.682773724448765,0.0,4.2773652175457,100.0,100.0,100.0,0.0,28.833761565670805,12.5,12.308118343643697,100.0,100.0,100.0,12.5,25.205668195230725,0.0,4.610161185304719,100.0,-22.47710552921804,-3.62809337044008,0.33279596775901865,-7.697957158338978
anchor_cross_acceptable_common_clear_gold,fought,"['Cehakova:item91', 'Cehakova:item92']",100.0,83.33333333333334,16.666666666666664,82.51242818624148,70.83333333333334,20.82507405185869,100.0,100.0,75.0,29.166666666666668,64.5874372685048,70.83333333333334,13.455995882542263,100.0,100.0,66.66666666666666,20.833333333333336,77.68079458857947,50.0,14.354909797976067,100.0,-4.831633597662005,13.093357320074674,-6.470164253882622,0.8989139154338037,100.0,100.0,12.5,85.84771528452137,75.0,28.65486680043715,100.0,100.0,87.5,25.0,80.89341790955581,87.5,15.981966631268529,100.0,100.0,50.0,25.0,74.97338239000398,50.0,43.065179269007885,100.0,-10.874332894517394,-5.920035519551831,14.410312468570734,27.083212637739358,100.0,50.0,37.5,61.69553354924477,100.0,0.0014330071403169783,100.0,100.0,37.5,62.5,47.2878344169216,100.0,0.004083117452811489,100.0,100.0,50.0,25.0,74.12369675873992,100.0,0.20096359429918298,100.0,12.428163209495153,26.835862341818327,0.199530587158866,0.1968804768463715,100.0,100.0,0.0,99.9940357249583,37.5,33.8189223479986,100.0,100.0,100.0,0.0,65.58105947903697,25.0,24.381937898905452,100.0,100.0,100.0,12.5,83.94530461699452,0.0,-0.20141346937886806,100.0,-16.048731107963775,18.364245137957553,-34.02033581737747,-24.58335136828432
anchor_cross_acceptable_common_clear_gold,healed,"['Cehakova:item93', 'Cehakova:item94']",100.0,75.0,54.166666666666664,47.31344115973722,66.66666666666666,26.935467986700946,100.0,100.0,70.83333333333334,50.0,52.788200109445214,70.83333333333334,28.468290525535956,100.0,100.0,70.83333333333334,41.66666666666667,59.417377224300964,54.166666666666664,43.35157672133002,100.0,12.10393606456374,6.62917711485575,16.416108734629073,14.883286195794064,100.0,87.5,62.5,45.6716016503471,62.5,45.33591290289613,100.0,100.0,87.5,50.0,57.894276531201925,50.0,51.72745672958504,100.0,100.0,62.5,37.5,58.98554823832083,50.0,53.076064810431355,100.0,13.313946587973732,1.0912717071189064,7.740151907535221,1.3486080808463115,100.0,37.5,75.0,23.987272806483055,100.0,0.2397623762492503,100.0,100.0,25.0,87.5,17.249175215057576,100.0,0.003108010852670626,100.0,100.0,50.0,62.5,37.6380193925009,75.0,19.813586036651877,100.0,13.650746586017846,20.388844177443325,19.573823660402628,19.810478025799206,100.0,100.0,25.0,72.28144902238151,37.5,35.23072868095747,100.0,100.0,100.0,12.5,83.22114858207615,62.5,33.67430683617016,100.0,100.0,100.0,25.0,81.62856404208117,37.5,57.16507931690684,100.0,9.347115019699658,-1.5925845399949878,21.93435063594937,23.49077248073668
anchor_cross_acceptable_common_clear_gold,hid,"['Cehakova:item71', 'Cehakova:item72']",100.0,87.5,70.83333333333334,29.18508349888328,75.0,7.166426699431666,100.0,100.0,66.66666666666666,62.5,22.98321980924912,70.83333333333334,4.902444710726075,100.0,100.0,75.0,58.333333333333336,43.1536150575683,87.5,3.123262399474937,100.0,13.968531558685022,20.17039524831918,-4.043164299956729,-1.7791823112511382,100.0,87.5,62.5,41.67432509865527,100.0,7.253660669610847,100.0,100.0,75.0,62.5,38.20950471536682,87.5,8.19319527035421,100.0,100.0,75.0,50.0,58.45068569862217,100.0,0.047728463912273776,100.0,16.776360599966907,20.241180983255354,-7.205932205698573,-8.145466806441936,100.0,75.0,100.0,0.0017177733728111803,100.0,0.00127563340013244,100.0,100.0,25.0,100.0,0.022323454985396805,100.0,0.0004778011804076465,100.0,100.0,50.0,87.5,12.347515554646463,100.0,-3.4663290613447734e-06,100.0,12.345797781273653,12.325192099661066,-0.0012790997291937847,-0.00048126750946899126,100.0,100.0,50.0,45.87920762462178,25.0,14.244343795284026,100.0,100.0,100.0,25.0,30.71783125739516,25.0,6.513661060643608,100.0,100.0,100.0,37.5,58.66264391943628,62.5,9.322062200841604,100.0,12.7834362948145,27.944812662041116,-4.922281594442422,2.8084011401979954
anchor_cross_acceptable_common_clear_gold,hugged,"['Cehakova:item87', 'Cehakova:item88']",100.0,91.66666666666666,41.66666666666667,55.290726288021375,50.0,34.64048780054739,100.0,100.0,91.66666666666666,50.0,48.65191535895896,50.0,31.959286958184247,100.0,100.0,83.33333333333334,37.5,56.71330814032066,45.83333333333333,28.938152183584346,100.0,1.4225818522992881,8.061392781361704,-5.702335616963044,-3.0211347745999007,100.0,100.0,0.0,93.95109402763774,37.5,64.84867094772719,100.0,100.0,100.0,0.0,97.40870718994556,25.0,70.09461239260058,100.0,100.0,75.0,12.5,86.29797593375505,37.5,54.45404368634449,100.0,-7.653118093882682,-11.110731256190505,-10.394627261382695,-15.64056870625609,100.0,75.0,75.0,24.615753166339708,87.5,18.562979038390946,100.0,100.0,75.0,100.0,3.0198873506150887,100.0,5.038235184963478,100.0,100.0,75.0,75.0,27.88460046490281,87.5,14.903867854008476,100.0,3.2688472985631023,24.86471311428772,-3.6591111843824695,9.865632669044999,100.0,100.0,50.0,47.305331670086666,25.0,20.509813415524057,100.0,100.0,100.0,50.0,45.527151536316204,25.0,20.745013296988667,100.0,100.0,100.0,25.0,55.95734802230411,12.5,17.456545010400067,100.0,8.652016352217444,10.430196485987906,-3.0532684051239904,-3.2884682865886
anchor_cross_acceptable_common_clear_gold,kissed,"['Cehakova:item89', 'Cehakova:item90']",100.0,100.0,16.666666666666664,78.69119292447067,50.0,8.613803016082239,100.0,100.0,95.83333333333334,20.833333333333336,62.263981087925124,54.166666666666664,10.388130912396411,100.0,100.0,100.0,8.333333333333332,83.54180853574255,58.333333333333336,9.099820372782995,100.0,4.850615611271877,21.277827447817423,0.4860173567007564,-1.2883105396134162,100.0,100.0,0.0,99.42295494171537,50.0,25.084728039683483,100.0,100.0,100.0,0.0,99.17665394832959,62.5,30.76328923956738,100.0,100.0,100.0,0.0,99.06310203580084,75.0,19.624803334319544,100.0,-0.35985290591453634,-0.11355191252874874,-5.459924705363939,-11.138485905247837,100.0,100.0,37.5,70.79006437941854,100.0,0.05541387501561347,100.0,100.0,87.5,50.0,47.684081676332255,100.0,0.013144649675566939,100.0,100.0,100.0,25.0,78.04101777635269,100.0,7.084726189615983,100.0,7.25095339693415,30.356936100020434,7.02931231460037,7.071581539940416,100.0,100.0,12.5,65.86055945227815,0.0,0.7012671335476128,100.0,100.0,100.0,12.5,39.931207639113545,0.0,0.38795884794628643,100.0,100.0,100.0,0.0,73.52130579507408,0.0,0.5899315944134365,100.0,7.660746342795932,33.59009815596054,-0.11133553913417638,0.20197274646715002
anchor_cross_acceptable_common_clear_gold,met,"['Cehakova:item79', 'Cehakova:item80']",100.0,58.333333333333336,62.5,30.508552224686763,79.16666666666666,15.605714904816423,100.0,100.0,58.333333333333336,54.166666666666664,28.612342210244,70.83333333333334,21.64756044635477,100.0,100.0,62.5,54.166666666666664,31.829521370894653,66.66666666666666,0.3374000595598726,100.0,1.32096914620789,3.2171791606506517,-15.268314845256551,-21.310160386794898,100.0,50.0,50.0,52.84904045510371,100.0,12.865522562266934,100.0,100.0,50.0,37.5,57.027630892925984,62.5,28.851126237135404,100.0,100.0,50.0,37.5,63.14667794762876,100.0,2.037155263440525,100.0,10.297637492525048,6.119047054702776,-10.828367298826409,-26.81397097369488,100.0,37.5,100.0,2.9776620859635456,100.0,0.003915444719158566,100.0,100.0,37.5,87.5,11.512431075533721,100.0,0.013685584498478509,100.0,100.0,50.0,87.5,11.952177426540102,100.0,0.005051812049758878,100.0,8.974515340576556,0.4397463510063808,0.001136367330600312,-0.008633772448719632,100.0,87.5,37.5,35.69895413299303,37.5,33.94770670746317,100.0,100.0,87.5,37.5,17.296964662272305,50.0,36.07786951743043,100.0,100.0,87.5,37.5,20.389708738515097,0.0,-1.0300068968106568,100.0,-15.309245394477934,3.0927440762427914,-34.97771360427382,-37.10787641424108
anchor_cross_clear_common_clear_gold,bathed,"['Cehakova:item85', 'Cehakova:item86']",100.0,100.0,16.666666666666664,64.06395324478893,62.5,8.695141149771729,100.0,100.0,100.0,4.166666666666666,77.21582716784377,66.66666666666666,10.982998819580079,100.0,100.0,83.33333333333334,4.166666666666666,75.97750492299889,70.83333333333334,4.402047557760875,100.0,11.913551678209956,-1.2383222448448805,-4.2930935920108535,-6.580951261819203,100.0,100.0,0.0,95.45089360293471,75.0,17.152137961869553,100.0,100.0,100.0,0.0,98.46385314195547,87.5,18.73677276935246,100.0,100.0,87.5,0.0,98.2535216688853,100.0,4.31737721969692,100.0,2.802628065950586,-0.21033147307016975,-12.834760742172634,-14.41939554965554,100.0,100.0,25.0,72.96853465095509,100.0,0.016296147170403247,100.0,100.0,100.0,12.5,84.7296602147888,100.0,0.012037943983591306,100.0,100.0,62.5,12.5,85.3873914432575,100.0,0.011051129873225055,100.0,12.418856792302407,0.6577312284687054,-0.005245017297178193,-0.0009868141103662516,100.0,100.0,25.0,23.77243148047701,12.5,8.916989340275228,100.0,100.0,100.0,0.0,48.453968146787076,12.5,14.200185745404188,100.0,100.0,100.0,0.0,44.29160165685382,12.5,8.877714323712484,100.0,20.51917017637681,-4.162366489933255,-0.039275016562744014,-5.322471421691704
anchor_cross_clear_common_clear_gold,cuddled,"['Cehakova:item75', 'Cehakova:item76']",100.0,83.33333333333334,20.833333333333336,78.76909234565511,58.333333333333336,8.985314917456318,100.0,100.0,79.16666666666666,20.833333333333336,67.23427309573304,50.0,16.817969973464837,100.0,100.0,83.33333333333334,25.0,67.78819984964201,58.333333333333336,9.508168206942356,100.0,-10.980892496013098,0.5539267539089678,0.5228532894860383,-7.309801766522481,100.0,87.5,0.0,97.07342139035825,75.0,26.948690500374013,100.0,100.0,87.5,0.0,99.4603234127816,50.0,50.260086964369165,100.0,100.0,87.5,12.5,91.64732980157751,75.0,22.556830977100017,100.0,-5.426091588780736,-7.812993611204092,-4.391859523273997,-27.70325598726915,100.0,62.5,50.0,55.17506790090728,100.0,0.004741272525850277,100.0,100.0,62.5,62.5,48.33669085493728,100.0,0.0025813098005460174,100.0,100.0,75.0,50.0,53.99793750726107,100.0,2.4173890987354127,100.0,-1.177130393646209,5.66124665232379,2.4126478262095623,2.414807788934867,100.0,100.0,12.5,84.0587877456998,0.0,0.002512979469087355,100.0,100.0,87.5,0.0,53.905805019480255,0.0,0.19124164622479728,100.0,100.0,87.5,12.5,57.719332240087454,0.0,3.5502845449916434,100.0,-26.33945550561235,3.813527220607199,3.547771565522556,3.359042898766846
anchor_cross_clear_common_clear_gold,disrobed,"['Cehakova:item81', 'Cehakova:item82']",100.0,87.5,29.166666666666668,53.89004461351819,66.66666666666666,0.9276808329652445,100.0,91.66666666666666,87.5,29.166666666666668,53.347071886713074,66.66666666666666,3.7575604377684853,100.0,100.0,95.83333333333334,33.33333333333333,57.26859511564173,79.16666666666666,3.740411634332503,100.0,3.378550502123538,3.921523228928656,2.8127308013672585,-0.01714880343598235,100.0,87.5,12.5,77.36015675132747,100.0,0.35953366976140694,100.0,100.0,87.5,12.5,85.86137145124513,100.0,4.252005038648492,100.0,100.0,100.0,25.0,67.91722298990996,100.0,0.07766859958454121,100.0,-9.442933761417507,-17.944148461335175,-0.28186507017686574,-4.174336439063951,100.0,75.0,75.0,30.61868784406255,100.0,0.0003081941029919001,100.0,87.5,75.0,75.0,38.598537863716196,100.0,0.00036157011109588403,100.0,100.0,87.5,75.0,30.840872297100447,100.0,3.725390178319542e-05,100.0,0.22218445303789736,-7.757665566615749,-0.00027094020120870465,-0.0003243162093126886,100.0,100.0,0.0,53.69128924516456,0.0,2.4232006350313426,100.0,87.5,100.0,0.0,35.58130634517784,0.0,7.020314704545876,100.0,100.0,100.0,0.0,73.0476900599148,37.5,11.143529049511189,100.0,19.356400814750238,37.466383714736956,8.720328414479846,4.123214344965313
anchor_cross_clear_common_clear_gold,dressed,"['Cehakova:item77', 'Cehakova:item78']",95.83333333333334,91.66666666666666,29.166666666666668,56.20029577125039,66.66666666666666,1.7365430802120805,100.0,100.0,87.5,29.166666666666668,66.4880546113622,66.66666666666666,1.685507068154015,100.0,100.0,83.33333333333334,29.166666666666668,68.56918750735875,75.0,-0.1413288173482254,100.0,12.36889173610836,2.0811328959965465,-1.877871897560306,-1.8268358855022404,100.0,100.0,0.0,86.9158923870272,100.0,4.947667064951915,100.0,100.0,100.0,12.5,89.6886619950875,100.0,3.5918160485181745,100.0,100.0,87.5,25.0,75.27841478939813,100.0,0.2749407262330413,100.0,-11.637477597629072,-14.410247205689373,-4.672726338718873,-3.3168753222851333,100.0,75.0,87.5,16.19617487847188,100.0,1.911760468266432e-06,100.0,100.0,62.5,62.5,38.031060030551515,100.0,1.8179200345532205e-06,100.0,100.0,62.5,50.0,44.80990517381244,100.0,2.3506126155870064e-05,100.0,28.61373029534056,6.778845143260924,2.1594365687603632e-05,2.1688206121316843e-05,87.5,100.0,0.0,65.48882004825207,0.0,0.26196026392386174,100.0,100.0,100.0,12.5,71.7444418084476,0.0,1.4647033380238383,100.0,100.0,100.0,12.5,85.61924255886566,25.0,-0.6989506844038826,100.0,20.1304225106136,13.87480075041806,-0.9609109483277444,-2.163654022427721
anchor_cross_clear_common_clear_gold,embraced,"['Cehakova:item73', 'Cehakova:item74']",100.0,83.33333333333334,20.833333333333336,62.03638932948837,58.333333333333336,7.569265900632817,100.0,100.0,75.0,25.0,48.376824995987796,62.5,9.958796244042425,100.0,100.0,75.0,41.66666666666667,39.102373289652775,66.66666666666666,2.503634970860466,100.0,-22.934016039835598,-9.274451706335022,-5.06563092977235,-7.455161273181959,100.0,100.0,0.0,88.85596482967509,75.0,18.395463123675555,100.0,100.0,75.0,12.5,84.2579253134534,75.0,17.4931738704038,100.0,100.0,62.5,25.0,76.73440355746021,100.0,2.885105039728967,100.0,-12.121561272214876,-7.523521755993187,-15.510358083946588,-14.608068830674835,100.0,50.0,62.5,49.570429434341285,100.0,0.03496936067719286,100.0,100.0,50.0,62.5,32.03878810883919,100.0,0.07509651807978207,100.0,100.0,62.5,87.5,15.367048116267396,100.0,0.015638687547719358,100.0,-34.20338131807389,-16.671739992571794,-0.019330673129473504,-0.059457830532062717,100.0,100.0,0.0,47.682773724448765,0.0,4.2773652175457,100.0,100.0,100.0,0.0,28.833761565670805,12.5,12.308118343643697,100.0,100.0,100.0,12.5,25.205668195230725,0.0,4.610161185304719,100.0,-22.47710552921804,-3.62809337044008,0.33279596775901865,-7.697957158338978
anchor_cross_clear_common_clear_gold,fought,"['Cehakova:item91', 'Cehakova:item92']",100.0,83.33333333333334,16.666666666666664,82.51242818624148,70.83333333333334,20.82507405185869,100.0,100.0,75.0,29.166666666666668,64.5874372685048,70.83333333333334,13.455995882542263,100.0,100.0,66.66666666666666,20.833333333333336,77.68079458857947,50.0,14.354909797976067,100.0,-4.831633597662005,13.093357320074674,-6.470164253882622,0.8989139154338037,100.0,100.0,12.5,85.84771528452137,75.0,28.65486680043715,100.0,100.0,87.5,25.0,80.89341790955581,87.5,15.981966631268529,100.0,100.0,50.0,25.0,74.97338239000398,50.0,43.065179269007885,100.0,-10.874332894517394,-5.920035519551831,14.410312468570734,27.083212637739358,100.0,50.0,37.5,61.69553354924477,100.0,0.0014330071403169783,100.0,100.0,37.5,62.5,47.2878344169216,100.0,0.004083117452811489,100.0,100.0,50.0,25.0,74.12369675873992,100.0,0.20096359429918298,100.0,12.428163209495153,26.835862341818327,0.199530587158866,0.1968804768463715,100.0,100.0,0.0,99.9940357249583,37.5,33.8189223479986,100.0,100.0,100.0,0.0,65.58105947903697,25.0,24.381937898905452,100.0,100.0,100.0,12.5,83.94530461699452,0.0,-0.20141346937886806,100.0,-16.048731107963775,18.364245137957553,-34.02033581737747,-24.58335136828432
anchor_cross_clear_common_clear_gold,healed,"['Cehakova:item93', 'Cehakova:item94']",100.0,75.0,54.166666666666664,47.31344115973722,66.66666666666666,26.935467986700946,100.0,100.0,70.83333333333334,50.0,52.788200109445214,70.83333333333334,28.468290525535956,100.0,100.0,70.83333333333334,41.66666666666667,59.417377224300964,54.166666666666664,43.35157672133002,100.0,12.10393606456374,6.62917711485575,16.416108734629073,14.883286195794064,100.0,87.5,62.5,45.6716016503471,62.5,45.33591290289613,100.0,100.0,87.5,50.0,57.894276531201925,50.0,51.72745672958504,100.0,100.0,62.5,37.5,58.98554823832083,50.0,53.076064810431355,100.0,13.313946587973732,1.0912717071189064,7.740151907535221,1.3486080808463115,100.0,37.5,75.0,23.987272806483055,100.0,0.2397623762492503,100.0,100.0,25.0,87.5,17.249175215057576,100.0,0.003108010852670626,100.0,100.0,50.0,62.5,37.6380193925009,75.0,19.813586036651877,100.0,13.650746586017846,20.388844177443325,19.573823660402628,19.810478025799206,100.0,100.0,25.0,72.28144902238151,37.5,35.23072868095747,100.0,100.0,100.0,12.5,83.22114858207615,62.5,33.67430683617016,100.0,100.0,100.0,25.0,81.62856404208117,37.5,57.16507931690684,100.0,9.347115019699658,-1.5925845399949878,21.93435063594937,23.49077248073668
anchor_cross_clear_common_clear_gold,hid,"['Cehakova:item71', 'Cehakova:item72']",100.0,87.5,70.83333333333334,29.18508349888328,75.0,7.166426699431666,100.0,100.0,66.66666666666666,62.5,22.98321980924912,70.83333333333334,4.902444710726075,100.0,100.0,75.0,58.333333333333336,43.1536150575683,87.5,3.123262399474937,100.0,13.968531558685022,20.17039524831918,-4.043164299956729,-1.7791823112511382,100.0,87.5,62.5,41.67432509865527,100.0,7.253660669610847,100.0,100.0,75.0,62.5,38.20950471536682,87.5,8.19319527035421,100.0,100.0,75.0,50.0,58.45068569862217,100.0,0.047728463912273776,100.0,16.776360599966907,20.241180983255354,-7.205932205698573,-8.145466806441936,100.0,75.0,100.0,0.0017177733728111803,100.0,0.00127563340013244,100.0,100.0,25.0,100.0,0.022323454985396805,100.0,0.0004778011804076465,100.0,100.0,50.0,87.5,12.347515554646463,100.0,-3.4663290613447734e-06,100.0,12.345797781273653,12.325192099661066,-0.0012790997291937847,-0.00048126750946899126,100.0,100.0,50.0,45.87920762462178,25.0,14.244343795284026,100.0,100.0,100.0,25.0,30.71783125739516,25.0,6.513661060643608,100.0,100.0,100.0,37.5,58.66264391943628,62.5,9.322062200841604,100.0,12.7834362948145,27.944812662041116,-4.922281594442422,2.8084011401979954
anchor_cross_clear_common_clear_gold,hugged,"['Cehakova:item87', 'Cehakova:item88']",100.0,91.66666666666666,41.66666666666667,55.290726288021375,50.0,34.64048780054739,100.0,100.0,91.66666666666666,50.0,48.65191535895896,50.0,31.959286958184247,100.0,100.0,83.33333333333334,37.5,56.71330814032066,45.83333333333333,28.938152183584346,100.0,1.4225818522992881,8.061392781361704,-5.702335616963044,-3.0211347745999007,100.0,100.0,0.0,93.95109402763774,37.5,64.84867094772719,100.0,100.0,100.0,0.0,97.40870718994556,25.0,70.09461239260058,100.0,100.0,75.0,12.5,86.29797593375505,37.5,54.45404368634449,100.0,-7.653118093882682,-11.110731256190505,-10.394627261382695,-15.64056870625609,100.0,75.0,75.0,24.615753166339708,87.5,18.562979038390946,100.0,100.0,75.0,100.0,3.0198873506150887,100.0,5.038235184963478,100.0,100.0,75.0,75.0,27.88460046490281,87.5,14.903867854008476,100.0,3.2688472985631023,24.86471311428772,-3.6591111843824695,9.865632669044999,100.0,100.0,50.0,47.305331670086666,25.0,20.509813415524057,100.0,100.0,100.0,50.0,45.527151536316204,25.0,20.745013296988667,100.0,100.0,100.0,25.0,55.95734802230411,12.5,17.456545010400067,100.0,8.652016352217444,10.430196485987906,-3.0532684051239904,-3.2884682865886
anchor_cross_clear_common_clear_gold,kissed,"['Cehakova:item89', 'Cehakova:item90']",100.0,100.0,16.666666666666664,78.69119292447067,50.0,8.613803016082239,100.0,100.0,95.83333333333334,20.833333333333336,62.263981087925124,54.166666666666664,10.388130912396411,100.0,100.0,100.0,8.333333333333332,83.54180853574255,58.333333333333336,9.099820372782995,100.0,4.850615611271877,21.277827447817423,0.4860173567007564,-1.2883105396134162,100.0,100.0,0.0,99.42295494171537,50.0,25.084728039683483,100.0,100.0,100.0,0.0,99.17665394832959,62.5,30.76328923956738,100.0,100.0,100.0,0.0,99.06310203580084,75.0,19.624803334319544,100.0,-0.35985290591453634,-0.11355191252874874,-5.459924705363939,-11.138485905247837,100.0,100.0,37.5,70.79006437941854,100.0,0.05541387501561347,100.0,100.0,87.5,50.0,47.684081676332255,100.0,0.013144649675566939,100.0,100.0,100.0,25.0,78.04101777635269,100.0,7.084726189615983,100.0,7.25095339693415,30.356936100020434,7.02931231460037,7.071581539940416,100.0,100.0,12.5,65.86055945227815,0.0,0.7012671335476128,100.0,100.0,100.0,12.5,39.931207639113545,0.0,0.38795884794628643,100.0,100.0,100.0,0.0,73.52130579507408,0.0,0.5899315944134365,100.0,7.660746342795932,33.59009815596054,-0.11133553913417638,0.20197274646715002
anchor_cross_clear_common_clear_gold,met,"['Cehakova:item79', 'Cehakova:item80']",100.0,58.333333333333336,62.5,30.508552224686763,79.16666666666666,15.605714904816423,100.0,100.0,58.333333333333336,54.166666666666664,28.612342210244,70.83333333333334,21.64756044635477,100.0,100.0,62.5,54.166666666666664,31.829521370894653,66.66666666666666,0.3374000595598726,100.0,1.32096914620789,3.2171791606506517,-15.268314845256551,-21.310160386794898,100.0,50.0,50.0,52.84904045510371,100.0,12.865522562266934,100.0,100.0,50.0,37.5,57.027630892925984,62.5,28.851126237135404,100.0,100.0,50.0,37.5,63.14667794762876,100.0,2.037155263440525,100.0,10.297637492525048,6.119047054702776,-10.828367298826409,-26.81397097369488,100.0,37.5,100.0,2.9776620859635456,100.0,0.003915444719158566,100.0,100.0,37.5,87.5,11.512431075533721,100.0,0.013685584498478509,100.0,100.0,50.0,87.5,11.952177426540102,100.0,0.005051812049758878,100.0,8.974515340576556,0.4397463510063808,0.001136367330600312,-0.008633772448719632,100.0,87.5,37.5,35.69895413299303,37.5,33.94770670746317,100.0,100.0,87.5,37.5,17.296964662272305,50.0,36.07786951743043,100.0,100.0,87.5,37.5,20.389708738515097,0.0,-1.0300068968106568,100.0,-15.309245394477934,3.0927440762427914,-34.97771360427382,-37.10787641424108
prior_and_ablation_faithful_clear_gold,bathed,"['Cehakova:item85', 'Cehakova:item86']",100.0,100.0,16.666666666666664,64.06395324478893,62.5,8.695141149771729,100.0,100.0,100.0,4.166666666666666,77.21582716784377,66.66666666666666,10.982998819580079,100.0,100.0,83.33333333333334,4.166666666666666,75.97750492299889,70.83333333333334,4.402047557760875,100.0,11.913551678209956,-1.2383222448448805,-4.2930935920108535,-6.580951261819203,100.0,100.0,0.0,95.45089360293471,75.0,17.152137961869553,100.0,100.0,100.0,0.0,98.46385314195547,87.5,18.73677276935246,100.0,100.0,87.5,0.0,98.2535216688853,100.0,4.31737721969692,100.0,2.802628065950586,-0.21033147307016975,-12.834760742172634,-14.41939554965554,100.0,100.0,25.0,72.96853465095509,100.0,0.016296147170403247,100.0,100.0,100.0,12.5,84.7296602147888,100.0,0.012037943983591306,100.0,100.0,62.5,12.5,85.3873914432575,100.0,0.011051129873225055,100.0,12.418856792302407,0.6577312284687054,-0.005245017297178193,-0.0009868141103662516,100.0,100.0,25.0,23.77243148047701,12.5,8.916989340275228,100.0,100.0,100.0,0.0,48.453968146787076,12.5,14.200185745404188,100.0,100.0,100.0,0.0,44.29160165685382,12.5,8.877714323712484,100.0,20.51917017637681,-4.162366489933255,-0.039275016562744014,-5.322471421691704
prior_and_ablation_faithful_clear_gold,disrobed,"['Cehakova:item81', 'Cehakova:item82']",100.0,87.5,29.166666666666668,53.89004461351819,66.66666666666666,0.9276808329652445,100.0,91.66666666666666,87.5,29.166666666666668,53.347071886713074,66.66666666666666,3.7575604377684853,100.0,100.0,95.83333333333334,33.33333333333333,57.26859511564173,79.16666666666666,3.740411634332503,100.0,3.378550502123538,3.921523228928656,2.8127308013672585,-0.01714880343598235,100.0,87.5,12.5,77.36015675132747,100.0,0.35953366976140694,100.0,100.0,87.5,12.5,85.86137145124513,100.0,4.252005038648492,100.0,100.0,100.0,25.0,67.91722298990996,100.0,0.07766859958454121,100.0,-9.442933761417507,-17.944148461335175,-0.28186507017686574,-4.174336439063951,100.0,75.0,75.0,30.61868784406255,100.0,0.0003081941029919001,100.0,87.5,75.0,75.0,38.598537863716196,100.0,0.00036157011109588403,100.0,100.0,87.5,75.0,30.840872297100447,100.0,3.725390178319542e-05,100.0,0.22218445303789736,-7.757665566615749,-0.00027094020120870465,-0.0003243162093126886,100.0,100.0,0.0,53.69128924516456,0.0,2.4232006350313426,100.0,87.5,100.0,0.0,35.58130634517784,0.0,7.020314704545876,100.0,100.0,100.0,0.0,73.0476900599148,37.5,11.143529049511189,100.0,19.356400814750238,37.466383714736956,8.720328414479846,4.123214344965313
prior_and_ablation_faithful_clear_gold,dressed,"['Cehakova:item77', 'Cehakova:item78']",95.83333333333334,91.66666666666666,29.166666666666668,56.20029577125039,66.66666666666666,1.7365430802120805,100.0,100.0,87.5,29.166666666666668,66.4880546113622,66.66666666666666,1.685507068154015,100.0,100.0,83.33333333333334,29.166666666666668,68.56918750735875,75.0,-0.1413288173482254,100.0,12.36889173610836,2.0811328959965465,-1.877871897560306,-1.8268358855022404,100.0,100.0,0.0,86.9158923870272,100.0,4.947667064951915,100.0,100.0,100.0,12.5,89.6886619950875,100.0,3.5918160485181745,100.0,100.0,87.5,25.0,75.27841478939813,100.0,0.2749407262330413,100.0,-11.637477597629072,-14.410247205689373,-4.672726338718873,-3.3168753222851333,100.0,75.0,87.5,16.19617487847188,100.0,1.911760468266432e-06,100.0,100.0,62.5,62.5,38.031060030551515,100.0,1.8179200345532205e-06,100.0,100.0,62.5,50.0,44.80990517381244,100.0,2.3506126155870064e-05,100.0,28.61373029534056,6.778845143260924,2.1594365687603632e-05,2.1688206121316843e-05,87.5,100.0,0.0,65.48882004825207,0.0,0.26196026392386174,100.0,100.0,100.0,12.5,71.7444418084476,0.0,1.4647033380238383,100.0,100.0,100.0,12.5,85.61924255886566,25.0,-0.6989506844038826,100.0,20.1304225106136,13.87480075041806,-0.9609109483277444,-2.163654022427721
prior_and_ablation_faithful_clear_gold,fought,"['Cehakova:item91', 'Cehakova:item92']",100.0,83.33333333333334,16.666666666666664,82.51242818624148,70.83333333333334,20.82507405185869,100.0,100.0,75.0,29.166666666666668,64.5874372685048,70.83333333333334,13.455995882542263,100.0,100.0,66.66666666666666,20.833333333333336,77.68079458857947,50.0,14.354909797976067,100.0,-4.831633597662005,13.093357320074674,-6.470164253882622,0.8989139154338037,100.0,100.0,12.5,85.84771528452137,75.0,28.65486680043715,100.0,100.0,87.5,25.0,80.89341790955581,87.5,15.981966631268529,100.0,100.0,50.0,25.0,74.97338239000398,50.0,43.065179269007885,100.0,-10.874332894517394,-5.920035519551831,14.410312468570734,27.083212637739358,100.0,50.0,37.5,61.69553354924477,100.0,0.0014330071403169783,100.0,100.0,37.5,62.5,47.2878344169216,100.0,0.004083117452811489,100.0,100.0,50.0,25.0,74.12369675873992,100.0,0.20096359429918298,100.0,12.428163209495153,26.835862341818327,0.199530587158866,0.1968804768463715,100.0,100.0,0.0,99.9940357249583,37.5,33.8189223479986,100.0,100.0,100.0,0.0,65.58105947903697,25.0,24.381937898905452,100.0,100.0,100.0,12.5,83.94530461699452,0.0,-0.20141346937886806,100.0,-16.048731107963775,18.364245137957553,-34.02033581737747,-24.58335136828432
prior_and_ablation_faithful_clear_gold,healed,"['Cehakova:item93', 'Cehakova:item94']",100.0,75.0,54.166666666666664,47.31344115973722,66.66666666666666,26.935467986700946,100.0,100.0,70.83333333333334,50.0,52.788200109445214,70.83333333333334,28.468290525535956,100.0,100.0,70.83333333333334,41.66666666666667,59.417377224300964,54.166666666666664,43.35157672133002,100.0,12.10393606456374,6.62917711485575,16.416108734629073,14.883286195794064,100.0,87.5,62.5,45.6716016503471,62.5,45.33591290289613,100.0,100.0,87.5,50.0,57.894276531201925,50.0,51.72745672958504,100.0,100.0,62.5,37.5,58.98554823832083,50.0,53.076064810431355,100.0,13.313946587973732,1.0912717071189064,7.740151907535221,1.3486080808463115,100.0,37.5,75.0,23.987272806483055,100.0,0.2397623762492503,100.0,100.0,25.0,87.5,17.249175215057576,100.0,0.003108010852670626,100.0,100.0,50.0,62.5,37.6380193925009,75.0,19.813586036651877,100.0,13.650746586017846,20.388844177443325,19.573823660402628,19.810478025799206,100.0,100.0,25.0,72.28144902238151,37.5,35.23072868095747,100.0,100.0,100.0,12.5,83.22114858207615,62.5,33.67430683617016,100.0,100.0,100.0,25.0,81.62856404208117,37.5,57.16507931690684,100.0,9.347115019699658,-1.5925845399949878,21.93435063594937,23.49077248073668
prior_and_ablation_faithful_clear_gold,hid,"['Cehakova:item71', 'Cehakova:item72']",100.0,87.5,70.83333333333334,29.18508349888328,75.0,7.166426699431666,100.0,100.0,66.66666666666666,62.5,22.98321980924912,70.83333333333334,4.902444710726075,100.0,100.0,75.0,58.333333333333336,43.1536150575683,87.5,3.123262399474937,100.0,13.968531558685022,20.17039524831918,-4.043164299956729,-1.7791823112511382,100.0,87.5,62.5,41.67432509865527,100.0,7.253660669610847,100.0,100.0,75.0,62.5,38.20950471536682,87.5,8.19319527035421,100.0,100.0,75.0,50.0,58.45068569862217,100.0,0.047728463912273776,100.0,16.776360599966907,20.241180983255354,-7.205932205698573,-8.145466806441936,100.0,75.0,100.0,0.0017177733728111803,100.0,0.00127563340013244,100.0,100.0,25.0,100.0,0.022323454985396805,100.0,0.0004778011804076465,100.0,100.0,50.0,87.5,12.347515554646463,100.0,-3.4663290613447734e-06,100.0,12.345797781273653,12.325192099661066,-0.0012790997291937847,-0.00048126750946899126,100.0,100.0,50.0,45.87920762462178,25.0,14.244343795284026,100.0,100.0,100.0,25.0,30.71783125739516,25.0,6.513661060643608,100.0,100.0,100.0,37.5,58.66264391943628,62.5,9.322062200841604,100.0,12.7834362948145,27.944812662041116,-4.922281594442422,2.8084011401979954
prior_and_ablation_faithful_clear_gold,hugged,"['Cehakova:item87', 'Cehakova:item88']",100.0,91.66666666666666,41.66666666666667,55.290726288021375,50.0,34.64048780054739,100.0,100.0,91.66666666666666,50.0,48.65191535895896,50.0,31.959286958184247,100.0,100.0,83.33333333333334,37.5,56.71330814032066,45.83333333333333,28.938152183584346,100.0,1.4225818522992881,8.061392781361704,-5.702335616963044,-3.0211347745999007,100.0,100.0,0.0,93.95109402763774,37.5,64.84867094772719,100.0,100.0,100.0,0.0,97.40870718994556,25.0,70.09461239260058,100.0,100.0,75.0,12.5,86.29797593375505,37.5,54.45404368634449,100.0,-7.653118093882682,-11.110731256190505,-10.394627261382695,-15.64056870625609,100.0,75.0,75.0,24.615753166339708,87.5,18.562979038390946,100.0,100.0,75.0,100.0,3.0198873506150887,100.0,5.038235184963478,100.0,100.0,75.0,75.0,27.88460046490281,87.5,14.903867854008476,100.0,3.2688472985631023,24.86471311428772,-3.6591111843824695,9.865632669044999,100.0,100.0,50.0,47.305331670086666,25.0,20.509813415524057,100.0,100.0,100.0,50.0,45.527151536316204,25.0,20.745013296988667,100.0,100.0,100.0,25.0,55.95734802230411,12.5,17.456545010400067,100.0,8.652016352217444,10.430196485987906,-3.0532684051239904,-3.2884682865886
prior_and_ablation_faithful_clear_gold,kissed,"['Cehakova:item89', 'Cehakova:item90']",100.0,100.0,16.666666666666664,78.69119292447067,50.0,8.613803016082239,100.0,100.0,95.83333333333334,20.833333333333336,62.263981087925124,54.166666666666664,10.388130912396411,100.0,100.0,100.0,8.333333333333332,83.54180853574255,58.333333333333336,9.099820372782995,100.0,4.850615611271877,21.277827447817423,0.4860173567007564,-1.2883105396134162,100.0,100.0,0.0,99.42295494171537,50.0,25.084728039683483,100.0,100.0,100.0,0.0,99.17665394832959,62.5,30.76328923956738,100.0,100.0,100.0,0.0,99.06310203580084,75.0,19.624803334319544,100.0,-0.35985290591453634,-0.11355191252874874,-5.459924705363939,-11.138485905247837,100.0,100.0,37.5,70.79006437941854,100.0,0.05541387501561347,100.0,100.0,87.5,50.0,47.684081676332255,100.0,0.013144649675566939,100.0,100.0,100.0,25.0,78.04101777635269,100.0,7.084726189615983,100.0,7.25095339693415,30.356936100020434,7.02931231460037,7.071581539940416,100.0,100.0,12.5,65.86055945227815,0.0,0.7012671335476128,100.0,100.0,100.0,12.5,39.931207639113545,0.0,0.38795884794628643,100.0,100.0,100.0,0.0,73.52130579507408,0.0,0.5899315944134365,100.0,7.660746342795932,33.59009815596054,-0.11133553913417638,0.20197274646715002
prior_and_ablation_faithful_clear_gold,shaved,"['Cehakova:item83', 'Cehakova:item84']",100.0,83.33333333333334,25.0,64.737729774285,79.16666666666666,6.344368451242499,100.0,100.0,70.83333333333334,20.833333333333336,78.51999435368096,75.0,8.384939760617002,100.0,100.0,83.33333333333334,25.0,73.97260765309836,83.33333333333334,12.43061802369256,100.0,9.234877878813364,-4.547386700582592,6.086249572450061,4.045678263075558,100.0,75.0,25.0,71.75716291756082,100.0,11.02284677890382,100.0,100.0,62.5,25.0,77.80300377090546,87.5,16.324493848808714,100.0,100.0,75.0,37.5,63.58095750933575,87.5,13.215125890168872,100.0,-8.176205408225073,-14.222046261569716,2.1922791112650533,-3.109367958639842,100.0,75.0,50.0,50.487495692363595,100.0,0.010065082003600774,100.0,100.0,50.0,37.5,58.05640182685548,100.0,0.005412805240317006,100.0,100.0,75.0,37.5,63.74353085401221,100.0,1.9702370770031796,100.0,13.256035161648612,5.687129027156729,1.9601719949995788,1.9648242717628626,100.0,100.0,0.0,71.96853071293059,37.5,8.000193492820081,100.0,100.0,100.0,0.0,99.70057746328193,37.5,8.824912627801963,100.0,100.0,100.0,0.0,94.5933345959472,62.5,22.106491103905622,100.0,22.62480388301661,-5.107242867334733,14.106297611085541,13.28157847610366
