cohort,verb_family,source_items,D/original/original_activity/named/activity,D/original/original_activity/named/neutral_entity,J/original/original_activity/named,D/original/original_activity/generic/activity,D/original/original_activity/generic/neutral_entity,J/original/original_activity/generic,D/separate/same_actor/named/activity,D/separate/same_actor/named/neutral_entity,J/separate/same_actor/named,D/separate/same_actor/generic/activity,D/separate/same_actor/generic/neutral_entity,J/separate/same_actor/generic,D/separate/other_actor/named/activity,D/separate/other_actor/named/neutral_entity,J/separate/other_actor/named,D/separate/other_actor/generic/activity,D/separate/other_actor/generic/neutral_entity,J/separate/other_actor/generic,D/same_began/same_actor/named/activity,D/same_began/same_actor/named/neutral_entity,J/same_began/same_actor/named,D/same_began/same_actor/generic/activity,D/same_began/same_actor/generic/neutral_entity,J/same_began/same_actor/generic,D/same_began/other_actor/named/activity,D/same_began/other_actor/named/neutral_entity,J/same_began/other_actor/named,D/same_began/other_actor/generic/activity,D/same_began/other_actor/generic/neutral_entity,J/same_began/other_actor/generic,D/different_began/same_actor/named/activity,D/different_began/same_actor/named/neutral_entity,J/different_began/same_actor/named,D/different_began/same_actor/generic/activity,D/different_began/same_actor/generic/neutral_entity,J/different_began/same_actor/generic,D/different_began/other_actor/named/activity,D/different_began/other_actor/named/neutral_entity,J/different_began/other_actor/named,D/different_began/other_actor/generic/activity,D/different_began/other_actor/generic/neutral_entity,J/different_began/other_actor/generic,different_began_minus_same_began/same_actor/named/activity,same_began_minus_separate/same_actor/named/activity,different_began_minus_same_began/same_actor/named/neutral_entity,same_began_minus_separate/same_actor/named/neutral_entity,different_began_minus_same_began/same_actor/named/J,same_began_minus_separate/same_actor/named/J,different_began_minus_same_began/same_actor/generic/activity,same_began_minus_separate/same_actor/generic/activity,different_began_minus_same_began/same_actor/generic/neutral_entity,same_began_minus_separate/same_actor/generic/neutral_entity,different_began_minus_same_began/same_actor/generic/J,same_began_minus_separate/same_actor/generic/J,different_began_minus_same_began/other_actor/named/activity,same_began_minus_separate/other_actor/named/activity,different_began_minus_same_began/other_actor/named/neutral_entity,same_began_minus_separate/other_actor/named/neutral_entity,different_began_minus_same_began/other_actor/named/J,same_began_minus_separate/other_actor/named/J,different_began_minus_same_began/other_actor/generic/activity,same_began_minus_separate/other_actor/generic/activity,different_began_minus_same_began/other_actor/generic/neutral_entity,same_began_minus_separate/other_actor/generic/neutral_entity,different_began_minus_same_began/other_actor/generic/J,same_began_minus_separate/other_actor/generic/J
all,bathed,"['Cehakova:item85', 'Cehakova:item86']",1.3776985055301338,-0.9637982547283173,2.341496760258451,7.114349064417183,4.954890817403793,2.15945824701339,-0.2027666859794408,-1.088986311107874,0.8862196251284331,5.794632773846388,4.863306671380997,0.9313261024653912,-1.3708681110292673,0.6391433477401733,-2.0100114587694407,4.862483263015747,5.031117260456085,-0.16863399744033813,-0.1346949900034815,-0.8021286837756634,0.6674336937721819,5.558164523914456,4.991235330700874,0.566929193213582,-1.2239993885159492,0.5341286063194275,-1.7581279948353767,5.810360938310623,5.443857669830322,0.3665032684803009,-0.15476655960083008,-1.4427575469017029,1.2879909873008728,5.047384582459927,4.2718785405159,0.775506041944027,-0.023272693157196045,0.1767328381538391,-0.20000553131103516,4.842302083969116,4.696973085403442,0.14532899856567383,-0.02007156959734857,0.0680716959759593,-0.6406288631260395,0.28685762733221054,0.6205572935286909,-0.21878593135625124,-0.5107799414545298,-0.2364682499319315,-0.7193567901849747,0.12792865931987762,0.2085768487304449,-0.3643969092518091,1.2007266953587532,0.14686872251331806,-0.3573957681655884,-0.10501474142074585,1.5581224635243416,0.2518834639340639,-0.968058854341507,0.9478776752948761,-0.7468845844268799,0.41274040937423706,-0.22117426991462708,0.535137265920639
all,cuddled,"['Cehakova:item75', 'Cehakova:item76']",4.863857850432396,0.1905413642525673,4.673316486179829,16.80553386360407,12.801597595214844,4.003936268389225,0.6772773414850235,0.6473799347877502,0.029897406697273254,14.175308406352997,13.454831004142761,0.7204774022102356,-4.594329535961151,-1.3359260559082031,-3.258403480052948,9.542116641998291,11.860382378101349,-2.318265736103058,0.7241318449378014,0.19046592712402344,0.5336659178137779,14.813162848353386,13.405103147029877,1.4080597013235092,-3.827851414680481,-0.5303395986557007,-3.2975118160247803,10.163784325122833,12.685003876686096,-2.521219551563263,3.366300567984581,0.26703953742980957,3.0992610305547714,15.578973561525345,12.305612087249756,3.273361474275589,0.4478204846382141,0.0256960391998291,0.422124445438385,11.320197761058807,9.790430307388306,1.5297674536705017,2.6421687230467796,0.04685450345277786,0.07657361030578613,-0.4569140076637268,2.5655951127409935,0.5037685111165047,0.7658107131719589,0.6378544420003891,-1.0994910597801208,-0.04972785711288452,1.8653017729520798,0.6875822991132736,4.275671899318695,0.7664781212806702,0.5560356378555298,0.8055864572525024,3.7196362614631653,-0.039108335971832275,1.1564134359359741,0.6216676831245422,-2.8945735692977905,0.8246214985847473,4.050987005233765,-0.20295381546020508
all,disrobed,"['Cehakova:item81', 'Cehakova:item82']",3.186655066907406,0.04182425141334534,3.1448308154940605,15.601110480725765,11.97005695104599,3.6310535296797752,-3.248537691310048,-0.05391676723957062,-3.1946209240704775,10.935859590768814,11.937398999929428,-1.001539409160614,-4.4362620217725635,0.4308629035949707,-4.867124925367534,10.894815146923065,10.581938982009888,0.3128761649131775,-2.1784512531012297,-0.5522770881652832,-1.6261741649359465,12.201524466276169,11.868724167346954,0.3328002989292145,-4.366104532033205,0.41438984870910645,-4.7804943807423115,10.987020075321198,10.815781116485596,0.1712389588356018,1.9112802147865295,0.4992794543504715,1.412000760436058,13.479907840490341,12.095481917262077,1.3844259232282639,0.13737210631370544,0.9991598129272461,-0.8617877066135406,10.593455940485,10.869770169258118,-0.27631422877311707,4.089731467887759,1.0700864382088184,1.0515565425157547,-0.4983603209257126,3.0381749253720045,1.568446759134531,1.2783833742141724,1.2656648755073547,0.22675774991512299,-0.06867483258247375,1.0516256242990494,1.3343397080898285,4.5034766383469105,0.07015748973935843,0.5847699642181396,-0.016473054885864258,3.918706674128771,0.08663054462522268,-0.3935641348361969,0.09220492839813232,0.05398905277252197,0.233842134475708,-0.44755318760871887,-0.14163720607757568
all,dressed,"['Cehakova:item77', 'Cehakova:item78']",5.059511250350624,0.3154495358467102,4.744061714503914,18.674276425968856,12.68621176481247,5.988064661156386,-2.0652298668865114,-0.16356933116912842,-1.901660535717383,10.34048929810524,11.99461455643177,-1.6541252583265305,-4.851598180830479,0.705655038356781,-5.55725321918726,7.383221626281738,11.336011171340942,-3.952789545059204,-2.2949261856265366,-0.5880158990621567,-1.70691028656438,11.116484887897968,12.014675945043564,-0.8981910571455956,-4.40767902135849,0.9801796078681946,-5.387858629226685,7.215879917144775,11.835516303777695,-4.619636386632919,3.597476397641003,-0.558163121342659,4.155639518983662,15.056812958791852,10.789174407720566,4.267638551071286,0.10866484045982361,0.7465093731880188,-0.6378445327281952,11.374605059623718,10.368960499763489,1.0056445598602295,5.89240258326754,-0.22969631874002516,0.02985277771949768,-0.42444656789302826,5.862549805548042,0.1947502491530031,3.9403280708938837,0.7759955897927284,-1.225501537322998,0.020061388611793518,5.165829608216882,0.7559342011809349,4.516343861818314,0.4439191594719887,-0.23367023468017578,0.2745245695114136,4.750014096498489,0.1693945899605751,4.158725142478943,-0.1673417091369629,-1.466555804014206,0.4995051324367523,5.625280946493149,-0.6668468415737152
all,embraced,"['Cehakova:item73', 'Cehakova:item74']",0.63894372433424,-0.8363302666693926,1.4752739910036325,7.45593674108386,5.945407368242741,1.5105293728411198,-0.02471310831606388,-0.7363896742463112,0.7116765659302473,7.405324161052704,6.08933624625206,1.315987914800644,0.13312552869319916,0.36504435539245605,-0.2319188266992569,7.273865252733231,5.889460206031799,1.3844050467014313,-0.09655771777033806,-0.8243142440915108,0.7277565263211727,7.112832173705101,5.917815804481506,1.1950163692235947,-0.09279617667198181,0.18059265613555908,-0.2733888328075409,7.834779068827629,6.207678258419037,1.6271008104085922,0.8378494568169117,-0.9450417496263981,1.7828912064433098,6.874053183943033,5.312387064099312,1.5616661198437214,-0.3074071854352951,0.46620631217956543,-0.7736134976148605,7.949521571397781,5.8267552852630615,2.12276628613472,0.9344071745872498,-0.07184460945427418,-0.12072750553488731,-0.08792456984519958,1.055134680122137,0.016079960390925407,-0.2387789897620678,-0.29249198734760284,-0.6054287403821945,-0.1715204417705536,0.3666497506201267,-0.12097154557704926,-0.2146110087633133,-0.22592170536518097,0.28561365604400635,-0.18445169925689697,-0.5002246648073196,-0.041470006108284,0.11474250257015228,0.5609138160943985,-0.38092297315597534,0.31821805238723755,0.4956654757261276,0.24269576370716095
all,fought,"['Cehakova:item91', 'Cehakova:item92']",3.4204140286892653,-1.6218834556639194,5.042297484353185,11.126808400265872,8.261525202542543,2.865283197723329,-3.9743317514657974,-1.9297670908272266,-2.044564660638571,3.392711043357849,6.366334982216358,-2.973623938858509,-2.3343394473195076,-1.2354391515254974,-1.0989002957940102,3.3396245539188385,6.198797345161438,-2.8591727912425995,-3.8072640039026737,-2.0034943148493767,-1.803769689053297,5.470081619918346,7.478972680866718,-2.008891060948372,-2.5673321560025215,-0.9997144788503647,-1.5676176771521568,4.192415803670883,6.400693744421005,-2.208277940750122,-2.025161864235997,-1.4280312731862068,-0.5971305910497904,7.059202782809734,7.882078543305397,-0.8228757604956627,0.6178265511989594,-0.6482081711292267,1.266034722328186,4.199474930763245,5.652781575918198,-1.453306645154953,1.7821021396666765,0.1670677475631237,0.5754630416631699,-0.07372722402215004,1.2066390980035067,0.24079497158527374,1.589121162891388,2.0773705765604973,0.40310586243867874,1.11263769865036,1.1860153004527092,0.9647328779101372,3.185158707201481,-0.23299270868301392,0.351506307721138,0.23572467267513275,2.833652399480343,-0.46871738135814667,0.00705912709236145,0.8527912497520447,-0.7479121685028076,0.20189639925956726,0.7549712955951691,0.6508948504924774
all,healed,"['Cehakova:item93', 'Cehakova:item94']",2.9871588982641697,1.3048333525657654,1.6823255456984043,15.676751427352428,12.97556459903717,2.701186828315258,-1.3505603168159723,0.18721482157707214,-1.5377751383930445,12.969695016741753,12.76036685705185,0.20932815968990326,-2.5025766007602215,-0.17378723621368408,-2.3287893645465374,12.516863644123077,10.509133577346802,2.0077300667762756,-1.0920058861374855,0.015128955245018005,-1.1071348413825035,13.970892079174519,12.491733983159065,1.4791580960154533,-2.7916677556931973,0.21019673347473145,-3.0018644891679287,13.057766824960709,10.876221239566803,2.1815455853939056,2.6515699326992035,0.7986734509468079,1.8528964817523956,13.52063898742199,12.180133938789368,1.3405050486326218,1.6473544836044312,0.698853611946106,0.9485008716583252,12.564458191394806,10.397518277168274,2.166939914226532,3.743575818836689,0.2585544306784868,0.7835444957017899,-0.17208586633205414,2.960031323134899,0.43064029701054096,-0.45025309175252914,1.001197062432766,-0.31160004436969757,-0.2686328738927841,-0.13865304738283157,1.26982993632555,4.439022239297628,-0.28909115493297577,0.4886568784713745,0.3839839696884155,3.950365360826254,-0.6730751246213913,-0.4933086335659027,0.5409031808376312,-0.47870296239852905,0.3670876622200012,-0.014605671167373657,0.17381551861763
all,hid,"['Cehakova:item71', 'Cehakova:item72']",2.174927642568946,-1.621796727180481,3.796724369749427,11.451609086245298,8.461937010288239,2.98967207595706,-4.943800564389676,-1.214339666068554,-3.729460898321122,7.6011558920145035,8.192248165607452,-0.5910922735929489,-6.6042945347726345,-0.09035420417785645,-6.513940330594778,7.511377185583115,9.376788139343262,-1.865410953760147,-4.377283991314471,-1.4332508146762848,-2.944033176638186,7.875223681330681,8.416871294379234,-0.5416476130485535,-5.792128851637244,-0.27458566427230835,-5.517543187364936,7.915003687143326,9.16062068939209,-1.245617002248764,2.6321967989206314,-0.854096069931984,3.4862928688526154,12.804668856784701,9.49104231595993,3.313626540824771,0.17229687422513962,-0.30568861961364746,0.4779854938387871,6.937165319919586,8.297061204910278,-1.3598958849906921,7.009480790235102,0.5665165730752051,0.5791547447443008,-0.21891114860773087,6.430326045490801,0.785427721682936,4.9294451754540205,0.27406778931617737,1.074171021580696,0.22462312877178192,3.8552741538733244,0.04944466054439545,5.964425725862384,0.8121656831353903,-0.03110295534133911,-0.1842314600944519,5.995528681203723,0.9963971432298422,-0.9778383672237396,0.4036265015602112,-0.8635594844818115,-0.21616744995117188,-0.1142788827419281,0.6197939515113831
all,hugged,"['Cehakova:item87', 'Cehakova:item88']",3.381694382056594,0.27535219490528107,3.106342187151313,10.262186478823423,11.117345213890076,-0.8551587350666523,-0.4035203456878662,0.10228130221366882,-0.505801647901535,7.43358214199543,10.405909307301044,-2.9723271653056145,-0.21283257007598877,1.0376527905464172,-1.250485360622406,7.612985670566559,9.87118561565876,-2.2581999450922012,0.6905944347381592,-0.09728869795799255,0.7878831326961517,8.835928782820702,10.340212278068066,-1.504283495247364,0.6711850613355637,0.7289799749851227,-0.05779491364955902,9.037158906459808,10.259724080562592,-1.2225651741027832,1.2463758811354637,0.055987730622291565,1.1903881505131721,10.313491448760033,10.415113709867,-0.10162226110696793,-0.4869632124900818,0.6496484875679016,-1.1366117000579834,8.30334323644638,9.700909912586212,-1.3975666761398315,0.5557814463973045,1.0941147804260254,0.15327642858028412,-0.19957000017166138,0.4025050178170204,1.2936847805976868,1.477562665939331,1.4023466408252716,0.07490143179893494,-0.06569702923297882,1.4026612341403961,1.4680436700582504,-1.1581482738256454,0.8840176314115524,-0.07933148741722107,-0.30867281556129456,-1.0788167864084244,1.192690446972847,-0.7338156700134277,1.4241732358932495,-0.5588141679763794,0.3885384649038315,-0.17500150203704834,1.035634770989418
all,kissed,"['Cehakova:item89', 'Cehakova:item90']",1.5049061737954617,-0.6195667907595634,2.124472964555025,6.73140861466527,4.8834477216005325,1.8479608930647373,-1.1246866025030613,0.37963371723890305,-1.5043203197419643,4.599642798304558,4.819101057946682,-0.21945825964212418,-1.6287857294082642,0.7002911567687988,-2.329076886177063,2.452278733253479,3.80584853887558,-1.3535698056221008,0.1881231665611267,0.04419277608394623,0.14393039047718048,6.388017758727074,4.804686062037945,1.5833316966891289,-0.8453883305191994,0.335979700088501,-1.1813680306077003,2.9363133311271667,3.512582302093506,-0.5762689709663391,2.630493726581335,0.39932022988796234,2.2311734966933727,6.646822042763233,4.5627052783966064,2.0841167643666267,1.2649722918868065,-0.09745585918426514,1.3624281510710716,3.267045736312866,2.7300532460212708,0.5369924902915955,2.4423705600202084,1.312809769064188,0.3551274538040161,-0.3354409411549568,2.0872431062161922,1.6482507102191448,0.2588042840361595,1.7883749604225159,-0.24198078364133835,-0.014414995908737183,0.5007850676774979,1.802789956331253,2.110360622406006,0.7833973988890648,-0.4334355592727661,-0.36431145668029785,2.543796181678772,1.1477088555693626,0.33073240518569946,0.48403459787368774,-0.7825290560722351,-0.293266236782074,1.1132614612579346,0.7773008346557617
all,met,"['Cehakova:item79', 'Cehakova:item80']",-1.4987292792648077,0.241582453250885,-1.7403117325156927,7.876042018644512,8.971166640520096,-1.0951246218755841,-2.0688305920921266,0.27102410793304443,-2.339854700025171,6.580533344298601,9.833260208368301,-3.2527268640697002,-2.0724939182400703,1.0991146564483643,-3.1716085746884346,6.909568786621094,6.068218231201172,0.8413505554199219,-1.2373499139212072,0.009397223591804504,-1.2467471375130117,7.745650891214609,9.69503727555275,-1.9493863843381405,-0.8097141198813915,1.1923130750656128,-2.0020271949470043,8.580921679735184,6.185716390609741,2.3952052891254425,0.36607276648283005,1.4240886569023132,-1.0580158904194832,8.134817399084568,8.200121283531189,-0.06530388444662094,1.8868948817253113,1.3076173067092896,0.5792775750160217,7.151279330253601,5.866556286811829,1.2847230434417725,1.6034226804040372,0.8314806781709194,1.4146914333105087,-0.26162688434123993,0.1887312470935285,1.0931075625121593,0.3891665078699589,1.165117546916008,-1.4949159920215607,-0.13822293281555176,1.8840824998915195,1.3033404797315598,2.696609001606703,1.2627797983586788,0.11530423164367676,0.09319841861724854,2.581304769963026,1.1695813797414303,-1.4296423494815826,1.67135289311409,-0.3191601037979126,0.11749815940856934,-1.11048224568367,1.5538547337055206
all,shaved,"['Cehakova:item83', 'Cehakova:item84']",4.6583453472703695,0.4437446892261505,4.214600658044219,15.389745254069567,13.148135125637054,2.2416101284325123,-3.6428695041686296,0.2631057798862457,-3.9059752840548754,9.37031701207161,12.78017196059227,-3.4098549485206604,-4.30447605624795,-0.2045917510986328,-4.099884305149317,7.044590950012207,9.347176194190979,-2.302585244178772,-2.737882524728775,0.36033159494400024,-3.0982141196727753,11.291645586490631,12.797564417123795,-1.5059188306331635,-3.5233333706855774,0.06681632995605469,-3.590149700641632,8.123956799507141,9.448170781135559,-1.324213981628418,1.2346597760915756,0.698447048664093,0.5362127274274826,12.054904907941818,12.104635447263718,-0.049730539321899414,0.9823639988899231,0.1443474292755127,0.8380165696144104,8.99015760421753,8.95537543296814,0.03478217124938965,3.9725423008203506,0.9049869794398546,0.3381154537200928,0.09722581505775452,3.634426847100258,0.8077611643821001,0.7632593214511871,1.9213285744190216,-0.6929289698600769,0.017392456531524658,1.456188291311264,1.903936117887497,4.5056973695755005,0.7811426855623722,0.07753109931945801,0.2714080810546875,4.4281662702560425,0.5097346045076847,0.8662008047103882,1.079365849494934,-0.49279534816741943,0.10099458694458008,1.3589961528778076,0.978371262550354
eligible,bathed,"['Cehakova:item85', 'Cehakova:item86']",1.3776985055301338,-0.9637982547283173,2.341496760258451,7.114349064417183,4.954890817403793,2.15945824701339,-0.2027666859794408,-1.088986311107874,0.8862196251284331,5.794632773846388,4.863306671380997,0.9313261024653912,-1.3708681110292673,0.6391433477401733,-2.0100114587694407,4.862483263015747,5.031117260456085,-0.16863399744033813,-0.1346949900034815,-0.8021286837756634,0.6674336937721819,5.558164523914456,4.991235330700874,0.566929193213582,-1.2239993885159492,0.5341286063194275,-1.7581279948353767,5.810360938310623,5.443857669830322,0.3665032684803009,-0.15476655960083008,-1.4427575469017029,1.2879909873008728,5.047384582459927,4.2718785405159,0.775506041944027,-0.023272693157196045,0.1767328381538391,-0.20000553131103516,4.842302083969116,4.696973085403442,0.14532899856567383,-0.02007156959734857,0.0680716959759593,-0.6406288631260395,0.28685762733221054,0.6205572935286909,-0.21878593135625124,-0.5107799414545298,-0.2364682499319315,-0.7193567901849747,0.12792865931987762,0.2085768487304449,-0.3643969092518091,1.2007266953587532,0.14686872251331806,-0.3573957681655884,-0.10501474142074585,1.5581224635243416,0.2518834639340639,-0.968058854341507,0.9478776752948761,-0.7468845844268799,0.41274040937423706,-0.22117426991462708,0.535137265920639
eligible,cuddled,"['Cehakova:item75', 'Cehakova:item76']",4.863857850432396,0.1905413642525673,4.673316486179829,16.80553386360407,12.801597595214844,4.003936268389225,0.6772773414850235,0.6473799347877502,0.029897406697273254,14.175308406352997,13.454831004142761,0.7204774022102356,-4.594329535961151,-1.3359260559082031,-3.258403480052948,9.542116641998291,11.860382378101349,-2.318265736103058,0.7241318449378014,0.19046592712402344,0.5336659178137779,14.813162848353386,13.405103147029877,1.4080597013235092,-3.827851414680481,-0.5303395986557007,-3.2975118160247803,10.163784325122833,12.685003876686096,-2.521219551563263,3.366300567984581,0.26703953742980957,3.0992610305547714,15.578973561525345,12.305612087249756,3.273361474275589,0.4478204846382141,0.0256960391998291,0.422124445438385,11.320197761058807,9.790430307388306,1.5297674536705017,2.6421687230467796,0.04685450345277786,0.07657361030578613,-0.4569140076637268,2.5655951127409935,0.5037685111165047,0.7658107131719589,0.6378544420003891,-1.0994910597801208,-0.04972785711288452,1.8653017729520798,0.6875822991132736,4.275671899318695,0.7664781212806702,0.5560356378555298,0.8055864572525024,3.7196362614631653,-0.039108335971832275,1.1564134359359741,0.6216676831245422,-2.8945735692977905,0.8246214985847473,4.050987005233765,-0.20295381546020508
eligible,disrobed,"['Cehakova:item81', 'Cehakova:item82']",3.186655066907406,0.04182425141334534,3.1448308154940605,15.601110480725765,11.97005695104599,3.6310535296797752,-3.248537691310048,-0.05391676723957062,-3.1946209240704775,10.935859590768814,11.937398999929428,-1.001539409160614,-4.4362620217725635,0.4308629035949707,-4.867124925367534,10.894815146923065,10.581938982009888,0.3128761649131775,-2.1784512531012297,-0.5522770881652832,-1.6261741649359465,12.201524466276169,11.868724167346954,0.3328002989292145,-4.366104532033205,0.41438984870910645,-4.7804943807423115,10.987020075321198,10.815781116485596,0.1712389588356018,1.9112802147865295,0.4992794543504715,1.412000760436058,13.479907840490341,12.095481917262077,1.3844259232282639,0.13737210631370544,0.9991598129272461,-0.8617877066135406,10.593455940485,10.869770169258118,-0.27631422877311707,4.089731467887759,1.0700864382088184,1.0515565425157547,-0.4983603209257126,3.0381749253720045,1.568446759134531,1.2783833742141724,1.2656648755073547,0.22675774991512299,-0.06867483258247375,1.0516256242990494,1.3343397080898285,4.5034766383469105,0.07015748973935843,0.5847699642181396,-0.016473054885864258,3.918706674128771,0.08663054462522268,-0.3935641348361969,0.09220492839813232,0.05398905277252197,0.233842134475708,-0.44755318760871887,-0.14163720607757568
eligible,dressed,"['Cehakova:item77', 'Cehakova:item78']",5.059511250350624,0.3154495358467102,4.744061714503914,18.674276425968856,12.68621176481247,5.988064661156386,-2.0652298668865114,-0.16356933116912842,-1.901660535717383,10.34048929810524,11.99461455643177,-1.6541252583265305,-4.851598180830479,0.705655038356781,-5.55725321918726,7.383221626281738,11.336011171340942,-3.952789545059204,-2.2949261856265366,-0.5880158990621567,-1.70691028656438,11.116484887897968,12.014675945043564,-0.8981910571455956,-4.40767902135849,0.9801796078681946,-5.387858629226685,7.215879917144775,11.835516303777695,-4.619636386632919,3.597476397641003,-0.558163121342659,4.155639518983662,15.056812958791852,10.789174407720566,4.267638551071286,0.10866484045982361,0.7465093731880188,-0.6378445327281952,11.374605059623718,10.368960499763489,1.0056445598602295,5.89240258326754,-0.22969631874002516,0.02985277771949768,-0.42444656789302826,5.862549805548042,0.1947502491530031,3.9403280708938837,0.7759955897927284,-1.225501537322998,0.020061388611793518,5.165829608216882,0.7559342011809349,4.516343861818314,0.4439191594719887,-0.23367023468017578,0.2745245695114136,4.750014096498489,0.1693945899605751,4.158725142478943,-0.1673417091369629,-1.466555804014206,0.4995051324367523,5.625280946493149,-0.6668468415737152
eligible,embraced,"['Cehakova:item73', 'Cehakova:item74']",0.63894372433424,-0.8363302666693926,1.4752739910036325,7.45593674108386,5.945407368242741,1.5105293728411198,-0.02471310831606388,-0.7363896742463112,0.7116765659302473,7.405324161052704,6.08933624625206,1.315987914800644,0.13312552869319916,0.36504435539245605,-0.2319188266992569,7.273865252733231,5.889460206031799,1.3844050467014313,-0.09655771777033806,-0.8243142440915108,0.7277565263211727,7.112832173705101,5.917815804481506,1.1950163692235947,-0.09279617667198181,0.18059265613555908,-0.2733888328075409,7.834779068827629,6.207678258419037,1.6271008104085922,0.8378494568169117,-0.9450417496263981,1.7828912064433098,6.874053183943033,5.312387064099312,1.5616661198437214,-0.3074071854352951,0.46620631217956543,-0.7736134976148605,7.949521571397781,5.8267552852630615,2.12276628613472,0.9344071745872498,-0.07184460945427418,-0.12072750553488731,-0.08792456984519958,1.055134680122137,0.016079960390925407,-0.2387789897620678,-0.29249198734760284,-0.6054287403821945,-0.1715204417705536,0.3666497506201267,-0.12097154557704926,-0.2146110087633133,-0.22592170536518097,0.28561365604400635,-0.18445169925689697,-0.5002246648073196,-0.041470006108284,0.11474250257015228,0.5609138160943985,-0.38092297315597534,0.31821805238723755,0.4956654757261276,0.24269576370716095
eligible,fought,"['Cehakova:item91', 'Cehakova:item92']",3.4204140286892653,-1.6218834556639194,5.042297484353185,11.126808400265872,8.261525202542543,2.865283197723329,-3.9743317514657974,-1.9297670908272266,-2.044564660638571,3.392711043357849,6.366334982216358,-2.973623938858509,-2.3343394473195076,-1.2354391515254974,-1.0989002957940102,3.3396245539188385,6.198797345161438,-2.8591727912425995,-3.8072640039026737,-2.0034943148493767,-1.803769689053297,5.470081619918346,7.478972680866718,-2.008891060948372,-2.5673321560025215,-0.9997144788503647,-1.5676176771521568,4.192415803670883,6.400693744421005,-2.208277940750122,-2.025161864235997,-1.4280312731862068,-0.5971305910497904,7.059202782809734,7.882078543305397,-0.8228757604956627,0.6178265511989594,-0.6482081711292267,1.266034722328186,4.199474930763245,5.652781575918198,-1.453306645154953,1.7821021396666765,0.1670677475631237,0.5754630416631699,-0.07372722402215004,1.2066390980035067,0.24079497158527374,1.589121162891388,2.0773705765604973,0.40310586243867874,1.11263769865036,1.1860153004527092,0.9647328779101372,3.185158707201481,-0.23299270868301392,0.351506307721138,0.23572467267513275,2.833652399480343,-0.46871738135814667,0.00705912709236145,0.8527912497520447,-0.7479121685028076,0.20189639925956726,0.7549712955951691,0.6508948504924774
eligible,healed,"['Cehakova:item93', 'Cehakova:item94']",2.9871588982641697,1.3048333525657654,1.6823255456984043,15.676751427352428,12.97556459903717,2.701186828315258,-1.3505603168159723,0.18721482157707214,-1.5377751383930445,12.969695016741753,12.76036685705185,0.20932815968990326,-2.5025766007602215,-0.17378723621368408,-2.3287893645465374,12.516863644123077,10.509133577346802,2.0077300667762756,-1.0920058861374855,0.015128955245018005,-1.1071348413825035,13.970892079174519,12.491733983159065,1.4791580960154533,-2.7916677556931973,0.21019673347473145,-3.0018644891679287,13.057766824960709,10.876221239566803,2.1815455853939056,2.6515699326992035,0.7986734509468079,1.8528964817523956,13.52063898742199,12.180133938789368,1.3405050486326218,1.6473544836044312,0.698853611946106,0.9485008716583252,12.564458191394806,10.397518277168274,2.166939914226532,3.743575818836689,0.2585544306784868,0.7835444957017899,-0.17208586633205414,2.960031323134899,0.43064029701054096,-0.45025309175252914,1.001197062432766,-0.31160004436969757,-0.2686328738927841,-0.13865304738283157,1.26982993632555,4.439022239297628,-0.28909115493297577,0.4886568784713745,0.3839839696884155,3.950365360826254,-0.6730751246213913,-0.4933086335659027,0.5409031808376312,-0.47870296239852905,0.3670876622200012,-0.014605671167373657,0.17381551861763
eligible,hid,"['Cehakova:item71', 'Cehakova:item72']",2.174927642568946,-1.621796727180481,3.796724369749427,11.451609086245298,8.461937010288239,2.98967207595706,-4.943800564389676,-1.214339666068554,-3.729460898321122,7.6011558920145035,8.192248165607452,-0.5910922735929489,-6.6042945347726345,-0.09035420417785645,-6.513940330594778,7.511377185583115,9.376788139343262,-1.865410953760147,-4.377283991314471,-1.4332508146762848,-2.944033176638186,7.875223681330681,8.416871294379234,-0.5416476130485535,-5.792128851637244,-0.27458566427230835,-5.517543187364936,7.915003687143326,9.16062068939209,-1.245617002248764,2.6321967989206314,-0.854096069931984,3.4862928688526154,12.804668856784701,9.49104231595993,3.313626540824771,0.17229687422513962,-0.30568861961364746,0.4779854938387871,6.937165319919586,8.297061204910278,-1.3598958849906921,7.009480790235102,0.5665165730752051,0.5791547447443008,-0.21891114860773087,6.430326045490801,0.785427721682936,4.9294451754540205,0.27406778931617737,1.074171021580696,0.22462312877178192,3.8552741538733244,0.04944466054439545,5.964425725862384,0.8121656831353903,-0.03110295534133911,-0.1842314600944519,5.995528681203723,0.9963971432298422,-0.9778383672237396,0.4036265015602112,-0.8635594844818115,-0.21616744995117188,-0.1142788827419281,0.6197939515113831
eligible,hugged,"['Cehakova:item87', 'Cehakova:item88']",3.381694382056594,0.27535219490528107,3.106342187151313,10.262186478823423,11.117345213890076,-0.8551587350666523,-0.4035203456878662,0.10228130221366882,-0.505801647901535,7.43358214199543,10.405909307301044,-2.9723271653056145,-0.21283257007598877,1.0376527905464172,-1.250485360622406,7.612985670566559,9.87118561565876,-2.2581999450922012,0.6905944347381592,-0.09728869795799255,0.7878831326961517,8.835928782820702,10.340212278068066,-1.504283495247364,0.6711850613355637,0.7289799749851227,-0.05779491364955902,9.037158906459808,10.259724080562592,-1.2225651741027832,1.2463758811354637,0.055987730622291565,1.1903881505131721,10.313491448760033,10.415113709867,-0.10162226110696793,-0.4869632124900818,0.6496484875679016,-1.1366117000579834,8.30334323644638,9.700909912586212,-1.3975666761398315,0.5557814463973045,1.0941147804260254,0.15327642858028412,-0.19957000017166138,0.4025050178170204,1.2936847805976868,1.477562665939331,1.4023466408252716,0.07490143179893494,-0.06569702923297882,1.4026612341403961,1.4680436700582504,-1.1581482738256454,0.8840176314115524,-0.07933148741722107,-0.30867281556129456,-1.0788167864084244,1.192690446972847,-0.7338156700134277,1.4241732358932495,-0.5588141679763794,0.3885384649038315,-0.17500150203704834,1.035634770989418
eligible,kissed,"['Cehakova:item89', 'Cehakova:item90']",1.5049061737954617,-0.6195667907595634,2.124472964555025,6.73140861466527,4.8834477216005325,1.8479608930647373,-1.1246866025030613,0.37963371723890305,-1.5043203197419643,4.599642798304558,4.819101057946682,-0.21945825964212418,-1.6287857294082642,0.7002911567687988,-2.329076886177063,2.452278733253479,3.80584853887558,-1.3535698056221008,0.1881231665611267,0.04419277608394623,0.14393039047718048,6.388017758727074,4.804686062037945,1.5833316966891289,-0.8453883305191994,0.335979700088501,-1.1813680306077003,2.9363133311271667,3.512582302093506,-0.5762689709663391,2.630493726581335,0.39932022988796234,2.2311734966933727,6.646822042763233,4.5627052783966064,2.0841167643666267,1.2649722918868065,-0.09745585918426514,1.3624281510710716,3.267045736312866,2.7300532460212708,0.5369924902915955,2.4423705600202084,1.312809769064188,0.3551274538040161,-0.3354409411549568,2.0872431062161922,1.6482507102191448,0.2588042840361595,1.7883749604225159,-0.24198078364133835,-0.014414995908737183,0.5007850676774979,1.802789956331253,2.110360622406006,0.7833973988890648,-0.4334355592727661,-0.36431145668029785,2.543796181678772,1.1477088555693626,0.33073240518569946,0.48403459787368774,-0.7825290560722351,-0.293266236782074,1.1132614612579346,0.7773008346557617
eligible,met,"['Cehakova:item79', 'Cehakova:item80']",-1.4987292792648077,0.241582453250885,-1.7403117325156927,7.876042018644512,8.971166640520096,-1.0951246218755841,-2.0688305920921266,0.27102410793304443,-2.339854700025171,6.580533344298601,9.833260208368301,-3.2527268640697002,-2.0724939182400703,1.0991146564483643,-3.1716085746884346,6.909568786621094,6.068218231201172,0.8413505554199219,-1.2373499139212072,0.009397223591804504,-1.2467471375130117,7.745650891214609,9.69503727555275,-1.9493863843381405,-0.8097141198813915,1.1923130750656128,-2.0020271949470043,8.580921679735184,6.185716390609741,2.3952052891254425,0.36607276648283005,1.4240886569023132,-1.0580158904194832,8.134817399084568,8.200121283531189,-0.06530388444662094,1.8868948817253113,1.3076173067092896,0.5792775750160217,7.151279330253601,5.866556286811829,1.2847230434417725,1.6034226804040372,0.8314806781709194,1.4146914333105087,-0.26162688434123993,0.1887312470935285,1.0931075625121593,0.3891665078699589,1.165117546916008,-1.4949159920215607,-0.13822293281555176,1.8840824998915195,1.3033404797315598,2.696609001606703,1.2627797983586788,0.11530423164367676,0.09319841861724854,2.581304769963026,1.1695813797414303,-1.4296423494815826,1.67135289311409,-0.3191601037979126,0.11749815940856934,-1.11048224568367,1.5538547337055206
eligible,shaved,"['Cehakova:item83', 'Cehakova:item84']",4.6583453472703695,0.4437446892261505,4.214600658044219,15.389745254069567,13.148135125637054,2.2416101284325123,-3.6428695041686296,0.2631057798862457,-3.9059752840548754,9.37031701207161,12.78017196059227,-3.4098549485206604,-4.30447605624795,-0.2045917510986328,-4.099884305149317,7.044590950012207,9.347176194190979,-2.302585244178772,-2.737882524728775,0.36033159494400024,-3.0982141196727753,11.291645586490631,12.797564417123795,-1.5059188306331635,-3.5233333706855774,0.06681632995605469,-3.590149700641632,8.123956799507141,9.448170781135559,-1.324213981628418,1.2346597760915756,0.698447048664093,0.5362127274274826,12.054904907941818,12.104635447263718,-0.049730539321899414,0.9823639988899231,0.1443474292755127,0.8380165696144104,8.99015760421753,8.95537543296814,0.03478217124938965,3.9725423008203506,0.9049869794398546,0.3381154537200928,0.09722581505775452,3.634426847100258,0.8077611643821001,0.7632593214511871,1.9213285744190216,-0.6929289698600769,0.017392456531524658,1.456188291311264,1.903936117887497,4.5056973695755005,0.7811426855623722,0.07753109931945801,0.2714080810546875,4.4281662702560425,0.5097346045076847,0.8662008047103882,1.079365849494934,-0.49279534816741943,0.10099458694458008,1.3589961528778076,0.978371262550354
anchor_cross_clear,bathed,"['Cehakova:item85', 'Cehakova:item86']",1.3776985055301338,-0.9637982547283173,2.341496760258451,7.114349064417183,4.954890817403793,2.15945824701339,-0.2027666859794408,-1.088986311107874,0.8862196251284331,5.794632773846388,4.863306671380997,0.9313261024653912,-1.3708681110292673,0.6391433477401733,-2.0100114587694407,4.862483263015747,5.031117260456085,-0.16863399744033813,-0.1346949900034815,-0.8021286837756634,0.6674336937721819,5.558164523914456,4.991235330700874,0.566929193213582,-1.2239993885159492,0.5341286063194275,-1.7581279948353767,5.810360938310623,5.443857669830322,0.3665032684803009,-0.15476655960083008,-1.4427575469017029,1.2879909873008728,5.047384582459927,4.2718785405159,0.775506041944027,-0.023272693157196045,0.1767328381538391,-0.20000553131103516,4.842302083969116,4.696973085403442,0.14532899856567383,-0.02007156959734857,0.0680716959759593,-0.6406288631260395,0.28685762733221054,0.6205572935286909,-0.21878593135625124,-0.5107799414545298,-0.2364682499319315,-0.7193567901849747,0.12792865931987762,0.2085768487304449,-0.3643969092518091,1.2007266953587532,0.14686872251331806,-0.3573957681655884,-0.10501474142074585,1.5581224635243416,0.2518834639340639,-0.968058854341507,0.9478776752948761,-0.7468845844268799,0.41274040937423706,-0.22117426991462708,0.535137265920639
anchor_cross_clear,cuddled,"['Cehakova:item75', 'Cehakova:item76']",4.863857850432396,0.1905413642525673,4.673316486179829,16.80553386360407,12.801597595214844,4.003936268389225,0.6772773414850235,0.6473799347877502,0.029897406697273254,14.175308406352997,13.454831004142761,0.7204774022102356,-4.594329535961151,-1.3359260559082031,-3.258403480052948,9.542116641998291,11.860382378101349,-2.318265736103058,0.7241318449378014,0.19046592712402344,0.5336659178137779,14.813162848353386,13.405103147029877,1.4080597013235092,-3.827851414680481,-0.5303395986557007,-3.2975118160247803,10.163784325122833,12.685003876686096,-2.521219551563263,3.366300567984581,0.26703953742980957,3.0992610305547714,15.578973561525345,12.305612087249756,3.273361474275589,0.4478204846382141,0.0256960391998291,0.422124445438385,11.320197761058807,9.790430307388306,1.5297674536705017,2.6421687230467796,0.04685450345277786,0.07657361030578613,-0.4569140076637268,2.5655951127409935,0.5037685111165047,0.7658107131719589,0.6378544420003891,-1.0994910597801208,-0.04972785711288452,1.8653017729520798,0.6875822991132736,4.275671899318695,0.7664781212806702,0.5560356378555298,0.8055864572525024,3.7196362614631653,-0.039108335971832275,1.1564134359359741,0.6216676831245422,-2.8945735692977905,0.8246214985847473,4.050987005233765,-0.20295381546020508
anchor_cross_clear,disrobed,"['Cehakova:item81', 'Cehakova:item82']",3.186655066907406,0.04182425141334534,3.1448308154940605,15.601110480725765,11.97005695104599,3.6310535296797752,-3.248537691310048,-0.05391676723957062,-3.1946209240704775,10.935859590768814,11.937398999929428,-1.001539409160614,-4.4362620217725635,0.4308629035949707,-4.867124925367534,10.894815146923065,10.581938982009888,0.3128761649131775,-2.1784512531012297,-0.5522770881652832,-1.6261741649359465,12.201524466276169,11.868724167346954,0.3328002989292145,-4.366104532033205,0.41438984870910645,-4.7804943807423115,10.987020075321198,10.815781116485596,0.1712389588356018,1.9112802147865295,0.4992794543504715,1.412000760436058,13.479907840490341,12.095481917262077,1.3844259232282639,0.13737210631370544,0.9991598129272461,-0.8617877066135406,10.593455940485,10.869770169258118,-0.27631422877311707,4.089731467887759,1.0700864382088184,1.0515565425157547,-0.4983603209257126,3.0381749253720045,1.568446759134531,1.2783833742141724,1.2656648755073547,0.22675774991512299,-0.06867483258247375,1.0516256242990494,1.3343397080898285,4.5034766383469105,0.07015748973935843,0.5847699642181396,-0.016473054885864258,3.918706674128771,0.08663054462522268,-0.3935641348361969,0.09220492839813232,0.05398905277252197,0.233842134475708,-0.44755318760871887,-0.14163720607757568
anchor_cross_clear,dressed,"['Cehakova:item77', 'Cehakova:item78']",5.059511250350624,0.3154495358467102,4.744061714503914,18.674276425968856,12.68621176481247,5.988064661156386,-2.0652298668865114,-0.16356933116912842,-1.901660535717383,10.34048929810524,11.99461455643177,-1.6541252583265305,-4.851598180830479,0.705655038356781,-5.55725321918726,7.383221626281738,11.336011171340942,-3.952789545059204,-2.2949261856265366,-0.5880158990621567,-1.70691028656438,11.116484887897968,12.014675945043564,-0.8981910571455956,-4.40767902135849,0.9801796078681946,-5.387858629226685,7.215879917144775,11.835516303777695,-4.619636386632919,3.597476397641003,-0.558163121342659,4.155639518983662,15.056812958791852,10.789174407720566,4.267638551071286,0.10866484045982361,0.7465093731880188,-0.6378445327281952,11.374605059623718,10.368960499763489,1.0056445598602295,5.89240258326754,-0.22969631874002516,0.02985277771949768,-0.42444656789302826,5.862549805548042,0.1947502491530031,3.9403280708938837,0.7759955897927284,-1.225501537322998,0.020061388611793518,5.165829608216882,0.7559342011809349,4.516343861818314,0.4439191594719887,-0.23367023468017578,0.2745245695114136,4.750014096498489,0.1693945899605751,4.158725142478943,-0.1673417091369629,-1.466555804014206,0.4995051324367523,5.625280946493149,-0.6668468415737152
anchor_cross_clear,embraced,"['Cehakova:item73', 'Cehakova:item74']",0.63894372433424,-0.8363302666693926,1.4752739910036325,7.45593674108386,5.945407368242741,1.5105293728411198,-0.02471310831606388,-0.7363896742463112,0.7116765659302473,7.405324161052704,6.08933624625206,1.315987914800644,0.13312552869319916,0.36504435539245605,-0.2319188266992569,7.273865252733231,5.889460206031799,1.3844050467014313,-0.09655771777033806,-0.8243142440915108,0.7277565263211727,7.112832173705101,5.917815804481506,1.1950163692235947,-0.09279617667198181,0.18059265613555908,-0.2733888328075409,7.834779068827629,6.207678258419037,1.6271008104085922,0.8378494568169117,-0.9450417496263981,1.7828912064433098,6.874053183943033,5.312387064099312,1.5616661198437214,-0.3074071854352951,0.46620631217956543,-0.7736134976148605,7.949521571397781,5.8267552852630615,2.12276628613472,0.9344071745872498,-0.07184460945427418,-0.12072750553488731,-0.08792456984519958,1.055134680122137,0.016079960390925407,-0.2387789897620678,-0.29249198734760284,-0.6054287403821945,-0.1715204417705536,0.3666497506201267,-0.12097154557704926,-0.2146110087633133,-0.22592170536518097,0.28561365604400635,-0.18445169925689697,-0.5002246648073196,-0.041470006108284,0.11474250257015228,0.5609138160943985,-0.38092297315597534,0.31821805238723755,0.4956654757261276,0.24269576370716095
anchor_cross_clear,fought,"['Cehakova:item91', 'Cehakova:item92']",3.4204140286892653,-1.6218834556639194,5.042297484353185,11.126808400265872,8.261525202542543,2.865283197723329,-3.9743317514657974,-1.9297670908272266,-2.044564660638571,3.392711043357849,6.366334982216358,-2.973623938858509,-2.3343394473195076,-1.2354391515254974,-1.0989002957940102,3.3396245539188385,6.198797345161438,-2.8591727912425995,-3.8072640039026737,-2.0034943148493767,-1.803769689053297,5.470081619918346,7.478972680866718,-2.008891060948372,-2.5673321560025215,-0.9997144788503647,-1.5676176771521568,4.192415803670883,6.400693744421005,-2.208277940750122,-2.025161864235997,-1.4280312731862068,-0.5971305910497904,7.059202782809734,7.882078543305397,-0.8228757604956627,0.6178265511989594,-0.6482081711292267,1.266034722328186,4.199474930763245,5.652781575918198,-1.453306645154953,1.7821021396666765,0.1670677475631237,0.5754630416631699,-0.07372722402215004,1.2066390980035067,0.24079497158527374,1.589121162891388,2.0773705765604973,0.40310586243867874,1.11263769865036,1.1860153004527092,0.9647328779101372,3.185158707201481,-0.23299270868301392,0.351506307721138,0.23572467267513275,2.833652399480343,-0.46871738135814667,0.00705912709236145,0.8527912497520447,-0.7479121685028076,0.20189639925956726,0.7549712955951691,0.6508948504924774
anchor_cross_clear,healed,"['Cehakova:item93', 'Cehakova:item94']",2.9871588982641697,1.3048333525657654,1.6823255456984043,15.676751427352428,12.97556459903717,2.701186828315258,-1.3505603168159723,0.18721482157707214,-1.5377751383930445,12.969695016741753,12.76036685705185,0.20932815968990326,-2.5025766007602215,-0.17378723621368408,-2.3287893645465374,12.516863644123077,10.509133577346802,2.0077300667762756,-1.0920058861374855,0.015128955245018005,-1.1071348413825035,13.970892079174519,12.491733983159065,1.4791580960154533,-2.7916677556931973,0.21019673347473145,-3.0018644891679287,13.057766824960709,10.876221239566803,2.1815455853939056,2.6515699326992035,0.7986734509468079,1.8528964817523956,13.52063898742199,12.180133938789368,1.3405050486326218,1.6473544836044312,0.698853611946106,0.9485008716583252,12.564458191394806,10.397518277168274,2.166939914226532,3.743575818836689,0.2585544306784868,0.7835444957017899,-0.17208586633205414,2.960031323134899,0.43064029701054096,-0.45025309175252914,1.001197062432766,-0.31160004436969757,-0.2686328738927841,-0.13865304738283157,1.26982993632555,4.439022239297628,-0.28909115493297577,0.4886568784713745,0.3839839696884155,3.950365360826254,-0.6730751246213913,-0.4933086335659027,0.5409031808376312,-0.47870296239852905,0.3670876622200012,-0.014605671167373657,0.17381551861763
anchor_cross_clear,hid,"['Cehakova:item71', 'Cehakova:item72']",2.174927642568946,-1.621796727180481,3.796724369749427,11.451609086245298,8.461937010288239,2.98967207595706,-4.943800564389676,-1.214339666068554,-3.729460898321122,7.6011558920145035,8.192248165607452,-0.5910922735929489,-6.6042945347726345,-0.09035420417785645,-6.513940330594778,7.511377185583115,9.376788139343262,-1.865410953760147,-4.377283991314471,-1.4332508146762848,-2.944033176638186,7.875223681330681,8.416871294379234,-0.5416476130485535,-5.792128851637244,-0.27458566427230835,-5.517543187364936,7.915003687143326,9.16062068939209,-1.245617002248764,2.6321967989206314,-0.854096069931984,3.4862928688526154,12.804668856784701,9.49104231595993,3.313626540824771,0.17229687422513962,-0.30568861961364746,0.4779854938387871,6.937165319919586,8.297061204910278,-1.3598958849906921,7.009480790235102,0.5665165730752051,0.5791547447443008,-0.21891114860773087,6.430326045490801,0.785427721682936,4.9294451754540205,0.27406778931617737,1.074171021580696,0.22462312877178192,3.8552741538733244,0.04944466054439545,5.964425725862384,0.8121656831353903,-0.03110295534133911,-0.1842314600944519,5.995528681203723,0.9963971432298422,-0.9778383672237396,0.4036265015602112,-0.8635594844818115,-0.21616744995117188,-0.1142788827419281,0.6197939515113831
anchor_cross_clear,hugged,"['Cehakova:item87', 'Cehakova:item88']",3.381694382056594,0.27535219490528107,3.106342187151313,10.262186478823423,11.117345213890076,-0.8551587350666523,-0.4035203456878662,0.10228130221366882,-0.505801647901535,7.43358214199543,10.405909307301044,-2.9723271653056145,-0.21283257007598877,1.0376527905464172,-1.250485360622406,7.612985670566559,9.87118561565876,-2.2581999450922012,0.6905944347381592,-0.09728869795799255,0.7878831326961517,8.835928782820702,10.340212278068066,-1.504283495247364,0.6711850613355637,0.7289799749851227,-0.05779491364955902,9.037158906459808,10.259724080562592,-1.2225651741027832,1.2463758811354637,0.055987730622291565,1.1903881505131721,10.313491448760033,10.415113709867,-0.10162226110696793,-0.4869632124900818,0.6496484875679016,-1.1366117000579834,8.30334323644638,9.700909912586212,-1.3975666761398315,0.5557814463973045,1.0941147804260254,0.15327642858028412,-0.19957000017166138,0.4025050178170204,1.2936847805976868,1.477562665939331,1.4023466408252716,0.07490143179893494,-0.06569702923297882,1.4026612341403961,1.4680436700582504,-1.1581482738256454,0.8840176314115524,-0.07933148741722107,-0.30867281556129456,-1.0788167864084244,1.192690446972847,-0.7338156700134277,1.4241732358932495,-0.5588141679763794,0.3885384649038315,-0.17500150203704834,1.035634770989418
anchor_cross_clear,kissed,"['Cehakova:item89', 'Cehakova:item90']",1.5049061737954617,-0.6195667907595634,2.124472964555025,6.73140861466527,4.8834477216005325,1.8479608930647373,-1.1246866025030613,0.37963371723890305,-1.5043203197419643,4.599642798304558,4.819101057946682,-0.21945825964212418,-1.6287857294082642,0.7002911567687988,-2.329076886177063,2.452278733253479,3.80584853887558,-1.3535698056221008,0.1881231665611267,0.04419277608394623,0.14393039047718048,6.388017758727074,4.804686062037945,1.5833316966891289,-0.8453883305191994,0.335979700088501,-1.1813680306077003,2.9363133311271667,3.512582302093506,-0.5762689709663391,2.630493726581335,0.39932022988796234,2.2311734966933727,6.646822042763233,4.5627052783966064,2.0841167643666267,1.2649722918868065,-0.09745585918426514,1.3624281510710716,3.267045736312866,2.7300532460212708,0.5369924902915955,2.4423705600202084,1.312809769064188,0.3551274538040161,-0.3354409411549568,2.0872431062161922,1.6482507102191448,0.2588042840361595,1.7883749604225159,-0.24198078364133835,-0.014414995908737183,0.5007850676774979,1.802789956331253,2.110360622406006,0.7833973988890648,-0.4334355592727661,-0.36431145668029785,2.543796181678772,1.1477088555693626,0.33073240518569946,0.48403459787368774,-0.7825290560722351,-0.293266236782074,1.1132614612579346,0.7773008346557617
anchor_cross_clear,met,"['Cehakova:item79', 'Cehakova:item80']",-1.4987292792648077,0.241582453250885,-1.7403117325156927,7.876042018644512,8.971166640520096,-1.0951246218755841,-2.0688305920921266,0.27102410793304443,-2.339854700025171,6.580533344298601,9.833260208368301,-3.2527268640697002,-2.0724939182400703,1.0991146564483643,-3.1716085746884346,6.909568786621094,6.068218231201172,0.8413505554199219,-1.2373499139212072,0.009397223591804504,-1.2467471375130117,7.745650891214609,9.69503727555275,-1.9493863843381405,-0.8097141198813915,1.1923130750656128,-2.0020271949470043,8.580921679735184,6.185716390609741,2.3952052891254425,0.36607276648283005,1.4240886569023132,-1.0580158904194832,8.134817399084568,8.200121283531189,-0.06530388444662094,1.8868948817253113,1.3076173067092896,0.5792775750160217,7.151279330253601,5.866556286811829,1.2847230434417725,1.6034226804040372,0.8314806781709194,1.4146914333105087,-0.26162688434123993,0.1887312470935285,1.0931075625121593,0.3891665078699589,1.165117546916008,-1.4949159920215607,-0.13822293281555176,1.8840824998915195,1.3033404797315598,2.696609001606703,1.2627797983586788,0.11530423164367676,0.09319841861724854,2.581304769963026,1.1695813797414303,-1.4296423494815826,1.67135289311409,-0.3191601037979126,0.11749815940856934,-1.11048224568367,1.5538547337055206
anchor_cross_acceptable,disrobed,"['Cehakova:item81', 'Cehakova:item82']",3.186655066907406,0.04182425141334534,3.1448308154940605,15.601110480725765,11.97005695104599,3.6310535296797752,-3.248537691310048,-0.05391676723957062,-3.1946209240704775,10.935859590768814,11.937398999929428,-1.001539409160614,-4.4362620217725635,0.4308629035949707,-4.867124925367534,10.894815146923065,10.581938982009888,0.3128761649131775,-2.1784512531012297,-0.5522770881652832,-1.6261741649359465,12.201524466276169,11.868724167346954,0.3328002989292145,-4.366104532033205,0.41438984870910645,-4.7804943807423115,10.987020075321198,10.815781116485596,0.1712389588356018,1.9112802147865295,0.4992794543504715,1.412000760436058,13.479907840490341,12.095481917262077,1.3844259232282639,0.13737210631370544,0.9991598129272461,-0.8617877066135406,10.593455940485,10.869770169258118,-0.27631422877311707,4.089731467887759,1.0700864382088184,1.0515565425157547,-0.4983603209257126,3.0381749253720045,1.568446759134531,1.2783833742141724,1.2656648755073547,0.22675774991512299,-0.06867483258247375,1.0516256242990494,1.3343397080898285,4.5034766383469105,0.07015748973935843,0.5847699642181396,-0.016473054885864258,3.918706674128771,0.08663054462522268,-0.3935641348361969,0.09220492839813232,0.05398905277252197,0.233842134475708,-0.44755318760871887,-0.14163720607757568
anchor_cross_acceptable,dressed,"['Cehakova:item77', 'Cehakova:item78']",5.059511250350624,0.3154495358467102,4.744061714503914,18.674276425968856,12.68621176481247,5.988064661156386,-2.0652298668865114,-0.16356933116912842,-1.901660535717383,10.34048929810524,11.99461455643177,-1.6541252583265305,-4.851598180830479,0.705655038356781,-5.55725321918726,7.383221626281738,11.336011171340942,-3.952789545059204,-2.2949261856265366,-0.5880158990621567,-1.70691028656438,11.116484887897968,12.014675945043564,-0.8981910571455956,-4.40767902135849,0.9801796078681946,-5.387858629226685,7.215879917144775,11.835516303777695,-4.619636386632919,3.597476397641003,-0.558163121342659,4.155639518983662,15.056812958791852,10.789174407720566,4.267638551071286,0.10866484045982361,0.7465093731880188,-0.6378445327281952,11.374605059623718,10.368960499763489,1.0056445598602295,5.89240258326754,-0.22969631874002516,0.02985277771949768,-0.42444656789302826,5.862549805548042,0.1947502491530031,3.9403280708938837,0.7759955897927284,-1.225501537322998,0.020061388611793518,5.165829608216882,0.7559342011809349,4.516343861818314,0.4439191594719887,-0.23367023468017578,0.2745245695114136,4.750014096498489,0.1693945899605751,4.158725142478943,-0.1673417091369629,-1.466555804014206,0.4995051324367523,5.625280946493149,-0.6668468415737152
anchor_cross_acceptable,embraced,"['Cehakova:item73', 'Cehakova:item74']",0.63894372433424,-0.8363302666693926,1.4752739910036325,7.45593674108386,5.945407368242741,1.5105293728411198,-0.02471310831606388,-0.7363896742463112,0.7116765659302473,7.405324161052704,6.08933624625206,1.315987914800644,0.13312552869319916,0.36504435539245605,-0.2319188266992569,7.273865252733231,5.889460206031799,1.3844050467014313,-0.09655771777033806,-0.8243142440915108,0.7277565263211727,7.112832173705101,5.917815804481506,1.1950163692235947,-0.09279617667198181,0.18059265613555908,-0.2733888328075409,7.834779068827629,6.207678258419037,1.6271008104085922,0.8378494568169117,-0.9450417496263981,1.7828912064433098,6.874053183943033,5.312387064099312,1.5616661198437214,-0.3074071854352951,0.46620631217956543,-0.7736134976148605,7.949521571397781,5.8267552852630615,2.12276628613472,0.9344071745872498,-0.07184460945427418,-0.12072750553488731,-0.08792456984519958,1.055134680122137,0.016079960390925407,-0.2387789897620678,-0.29249198734760284,-0.6054287403821945,-0.1715204417705536,0.3666497506201267,-0.12097154557704926,-0.2146110087633133,-0.22592170536518097,0.28561365604400635,-0.18445169925689697,-0.5002246648073196,-0.041470006108284,0.11474250257015228,0.5609138160943985,-0.38092297315597534,0.31821805238723755,0.4956654757261276,0.24269576370716095
anchor_cross_acceptable,fought,"['Cehakova:item91', 'Cehakova:item92']",3.4204140286892653,-1.6218834556639194,5.042297484353185,11.126808400265872,8.261525202542543,2.865283197723329,-3.9743317514657974,-1.9297670908272266,-2.044564660638571,3.392711043357849,6.366334982216358,-2.973623938858509,-2.3343394473195076,-1.2354391515254974,-1.0989002957940102,3.3396245539188385,6.198797345161438,-2.8591727912425995,-3.8072640039026737,-2.0034943148493767,-1.803769689053297,5.470081619918346,7.478972680866718,-2.008891060948372,-2.5673321560025215,-0.9997144788503647,-1.5676176771521568,4.192415803670883,6.400693744421005,-2.208277940750122,-2.025161864235997,-1.4280312731862068,-0.5971305910497904,7.059202782809734,7.882078543305397,-0.8228757604956627,0.6178265511989594,-0.6482081711292267,1.266034722328186,4.199474930763245,5.652781575918198,-1.453306645154953,1.7821021396666765,0.1670677475631237,0.5754630416631699,-0.07372722402215004,1.2066390980035067,0.24079497158527374,1.589121162891388,2.0773705765604973,0.40310586243867874,1.11263769865036,1.1860153004527092,0.9647328779101372,3.185158707201481,-0.23299270868301392,0.351506307721138,0.23572467267513275,2.833652399480343,-0.46871738135814667,0.00705912709236145,0.8527912497520447,-0.7479121685028076,0.20189639925956726,0.7549712955951691,0.6508948504924774
anchor_cross_acceptable,healed,"['Cehakova:item93', 'Cehakova:item94']",2.9871588982641697,1.3048333525657654,1.6823255456984043,15.676751427352428,12.97556459903717,2.701186828315258,-1.3505603168159723,0.18721482157707214,-1.5377751383930445,12.969695016741753,12.76036685705185,0.20932815968990326,-2.5025766007602215,-0.17378723621368408,-2.3287893645465374,12.516863644123077,10.509133577346802,2.0077300667762756,-1.0920058861374855,0.015128955245018005,-1.1071348413825035,13.970892079174519,12.491733983159065,1.4791580960154533,-2.7916677556931973,0.21019673347473145,-3.0018644891679287,13.057766824960709,10.876221239566803,2.1815455853939056,2.6515699326992035,0.7986734509468079,1.8528964817523956,13.52063898742199,12.180133938789368,1.3405050486326218,1.6473544836044312,0.698853611946106,0.9485008716583252,12.564458191394806,10.397518277168274,2.166939914226532,3.743575818836689,0.2585544306784868,0.7835444957017899,-0.17208586633205414,2.960031323134899,0.43064029701054096,-0.45025309175252914,1.001197062432766,-0.31160004436969757,-0.2686328738927841,-0.13865304738283157,1.26982993632555,4.439022239297628,-0.28909115493297577,0.4886568784713745,0.3839839696884155,3.950365360826254,-0.6730751246213913,-0.4933086335659027,0.5409031808376312,-0.47870296239852905,0.3670876622200012,-0.014605671167373657,0.17381551861763
anchor_cross_acceptable,hid,"['Cehakova:item71', 'Cehakova:item72']",2.174927642568946,-1.621796727180481,3.796724369749427,11.451609086245298,8.461937010288239,2.98967207595706,-4.943800564389676,-1.214339666068554,-3.729460898321122,7.6011558920145035,8.192248165607452,-0.5910922735929489,-6.6042945347726345,-0.09035420417785645,-6.513940330594778,7.511377185583115,9.376788139343262,-1.865410953760147,-4.377283991314471,-1.4332508146762848,-2.944033176638186,7.875223681330681,8.416871294379234,-0.5416476130485535,-5.792128851637244,-0.27458566427230835,-5.517543187364936,7.915003687143326,9.16062068939209,-1.245617002248764,2.6321967989206314,-0.854096069931984,3.4862928688526154,12.804668856784701,9.49104231595993,3.313626540824771,0.17229687422513962,-0.30568861961364746,0.4779854938387871,6.937165319919586,8.297061204910278,-1.3598958849906921,7.009480790235102,0.5665165730752051,0.5791547447443008,-0.21891114860773087,6.430326045490801,0.785427721682936,4.9294451754540205,0.27406778931617737,1.074171021580696,0.22462312877178192,3.8552741538733244,0.04944466054439545,5.964425725862384,0.8121656831353903,-0.03110295534133911,-0.1842314600944519,5.995528681203723,0.9963971432298422,-0.9778383672237396,0.4036265015602112,-0.8635594844818115,-0.21616744995117188,-0.1142788827419281,0.6197939515113831
anchor_cross_acceptable,hugged,"['Cehakova:item87', 'Cehakova:item88']",3.381694382056594,0.27535219490528107,3.106342187151313,10.262186478823423,11.117345213890076,-0.8551587350666523,-0.4035203456878662,0.10228130221366882,-0.505801647901535,7.43358214199543,10.405909307301044,-2.9723271653056145,-0.21283257007598877,1.0376527905464172,-1.250485360622406,7.612985670566559,9.87118561565876,-2.2581999450922012,0.6905944347381592,-0.09728869795799255,0.7878831326961517,8.835928782820702,10.340212278068066,-1.504283495247364,0.6711850613355637,0.7289799749851227,-0.05779491364955902,9.037158906459808,10.259724080562592,-1.2225651741027832,1.2463758811354637,0.055987730622291565,1.1903881505131721,10.313491448760033,10.415113709867,-0.10162226110696793,-0.4869632124900818,0.6496484875679016,-1.1366117000579834,8.30334323644638,9.700909912586212,-1.3975666761398315,0.5557814463973045,1.0941147804260254,0.15327642858028412,-0.19957000017166138,0.4025050178170204,1.2936847805976868,1.477562665939331,1.4023466408252716,0.07490143179893494,-0.06569702923297882,1.4026612341403961,1.4680436700582504,-1.1581482738256454,0.8840176314115524,-0.07933148741722107,-0.30867281556129456,-1.0788167864084244,1.192690446972847,-0.7338156700134277,1.4241732358932495,-0.5588141679763794,0.3885384649038315,-0.17500150203704834,1.035634770989418
anchor_cross_acceptable,kissed,"['Cehakova:item89', 'Cehakova:item90']",1.5049061737954617,-0.6195667907595634,2.124472964555025,6.73140861466527,4.8834477216005325,1.8479608930647373,-1.1246866025030613,0.37963371723890305,-1.5043203197419643,4.599642798304558,4.819101057946682,-0.21945825964212418,-1.6287857294082642,0.7002911567687988,-2.329076886177063,2.452278733253479,3.80584853887558,-1.3535698056221008,0.1881231665611267,0.04419277608394623,0.14393039047718048,6.388017758727074,4.804686062037945,1.5833316966891289,-0.8453883305191994,0.335979700088501,-1.1813680306077003,2.9363133311271667,3.512582302093506,-0.5762689709663391,2.630493726581335,0.39932022988796234,2.2311734966933727,6.646822042763233,4.5627052783966064,2.0841167643666267,1.2649722918868065,-0.09745585918426514,1.3624281510710716,3.267045736312866,2.7300532460212708,0.5369924902915955,2.4423705600202084,1.312809769064188,0.3551274538040161,-0.3354409411549568,2.0872431062161922,1.6482507102191448,0.2588042840361595,1.7883749604225159,-0.24198078364133835,-0.014414995908737183,0.5007850676774979,1.802789956331253,2.110360622406006,0.7833973988890648,-0.4334355592727661,-0.36431145668029785,2.543796181678772,1.1477088555693626,0.33073240518569946,0.48403459787368774,-0.7825290560722351,-0.293266236782074,1.1132614612579346,0.7773008346557617
anchor_cross_acceptable,met,"['Cehakova:item79', 'Cehakova:item80']",-1.4987292792648077,0.241582453250885,-1.7403117325156927,7.876042018644512,8.971166640520096,-1.0951246218755841,-2.0688305920921266,0.27102410793304443,-2.339854700025171,6.580533344298601,9.833260208368301,-3.2527268640697002,-2.0724939182400703,1.0991146564483643,-3.1716085746884346,6.909568786621094,6.068218231201172,0.8413505554199219,-1.2373499139212072,0.009397223591804504,-1.2467471375130117,7.745650891214609,9.69503727555275,-1.9493863843381405,-0.8097141198813915,1.1923130750656128,-2.0020271949470043,8.580921679735184,6.185716390609741,2.3952052891254425,0.36607276648283005,1.4240886569023132,-1.0580158904194832,8.134817399084568,8.200121283531189,-0.06530388444662094,1.8868948817253113,1.3076173067092896,0.5792775750160217,7.151279330253601,5.866556286811829,1.2847230434417725,1.6034226804040372,0.8314806781709194,1.4146914333105087,-0.26162688434123993,0.1887312470935285,1.0931075625121593,0.3891665078699589,1.165117546916008,-1.4949159920215607,-0.13822293281555176,1.8840824998915195,1.3033404797315598,2.696609001606703,1.2627797983586788,0.11530423164367676,0.09319841861724854,2.581304769963026,1.1695813797414303,-1.4296423494815826,1.67135289311409,-0.3191601037979126,0.11749815940856934,-1.11048224568367,1.5538547337055206
prior_and_ablation_faithful,bathed,"['Cehakova:item85', 'Cehakova:item86']",1.3776985055301338,-0.9637982547283173,2.341496760258451,7.114349064417183,4.954890817403793,2.15945824701339,-0.2027666859794408,-1.088986311107874,0.8862196251284331,5.794632773846388,4.863306671380997,0.9313261024653912,-1.3708681110292673,0.6391433477401733,-2.0100114587694407,4.862483263015747,5.031117260456085,-0.16863399744033813,-0.1346949900034815,-0.8021286837756634,0.6674336937721819,5.558164523914456,4.991235330700874,0.566929193213582,-1.2239993885159492,0.5341286063194275,-1.7581279948353767,5.810360938310623,5.443857669830322,0.3665032684803009,-0.15476655960083008,-1.4427575469017029,1.2879909873008728,5.047384582459927,4.2718785405159,0.775506041944027,-0.023272693157196045,0.1767328381538391,-0.20000553131103516,4.842302083969116,4.696973085403442,0.14532899856567383,-0.02007156959734857,0.0680716959759593,-0.6406288631260395,0.28685762733221054,0.6205572935286909,-0.21878593135625124,-0.5107799414545298,-0.2364682499319315,-0.7193567901849747,0.12792865931987762,0.2085768487304449,-0.3643969092518091,1.2007266953587532,0.14686872251331806,-0.3573957681655884,-0.10501474142074585,1.5581224635243416,0.2518834639340639,-0.968058854341507,0.9478776752948761,-0.7468845844268799,0.41274040937423706,-0.22117426991462708,0.535137265920639
prior_and_ablation_faithful,disrobed,"['Cehakova:item81', 'Cehakova:item82']",3.186655066907406,0.04182425141334534,3.1448308154940605,15.601110480725765,11.97005695104599,3.6310535296797752,-3.248537691310048,-0.05391676723957062,-3.1946209240704775,10.935859590768814,11.937398999929428,-1.001539409160614,-4.4362620217725635,0.4308629035949707,-4.867124925367534,10.894815146923065,10.581938982009888,0.3128761649131775,-2.1784512531012297,-0.5522770881652832,-1.6261741649359465,12.201524466276169,11.868724167346954,0.3328002989292145,-4.366104532033205,0.41438984870910645,-4.7804943807423115,10.987020075321198,10.815781116485596,0.1712389588356018,1.9112802147865295,0.4992794543504715,1.412000760436058,13.479907840490341,12.095481917262077,1.3844259232282639,0.13737210631370544,0.9991598129272461,-0.8617877066135406,10.593455940485,10.869770169258118,-0.27631422877311707,4.089731467887759,1.0700864382088184,1.0515565425157547,-0.4983603209257126,3.0381749253720045,1.568446759134531,1.2783833742141724,1.2656648755073547,0.22675774991512299,-0.06867483258247375,1.0516256242990494,1.3343397080898285,4.5034766383469105,0.07015748973935843,0.5847699642181396,-0.016473054885864258,3.918706674128771,0.08663054462522268,-0.3935641348361969,0.09220492839813232,0.05398905277252197,0.233842134475708,-0.44755318760871887,-0.14163720607757568
prior_and_ablation_faithful,dressed,"['Cehakova:item77', 'Cehakova:item78']",5.059511250350624,0.3154495358467102,4.744061714503914,18.674276425968856,12.68621176481247,5.988064661156386,-2.0652298668865114,-0.16356933116912842,-1.901660535717383,10.34048929810524,11.99461455643177,-1.6541252583265305,-4.851598180830479,0.705655038356781,-5.55725321918726,7.383221626281738,11.336011171340942,-3.952789545059204,-2.2949261856265366,-0.5880158990621567,-1.70691028656438,11.116484887897968,12.014675945043564,-0.8981910571455956,-4.40767902135849,0.9801796078681946,-5.387858629226685,7.215879917144775,11.835516303777695,-4.619636386632919,3.597476397641003,-0.558163121342659,4.155639518983662,15.056812958791852,10.789174407720566,4.267638551071286,0.10866484045982361,0.7465093731880188,-0.6378445327281952,11.374605059623718,10.368960499763489,1.0056445598602295,5.89240258326754,-0.22969631874002516,0.02985277771949768,-0.42444656789302826,5.862549805548042,0.1947502491530031,3.9403280708938837,0.7759955897927284,-1.225501537322998,0.020061388611793518,5.165829608216882,0.7559342011809349,4.516343861818314,0.4439191594719887,-0.23367023468017578,0.2745245695114136,4.750014096498489,0.1693945899605751,4.158725142478943,-0.1673417091369629,-1.466555804014206,0.4995051324367523,5.625280946493149,-0.6668468415737152
prior_and_ablation_faithful,fought,"['Cehakova:item91', 'Cehakova:item92']",3.4204140286892653,-1.6218834556639194,5.042297484353185,11.126808400265872,8.261525202542543,2.865283197723329,-3.9743317514657974,-1.9297670908272266,-2.044564660638571,3.392711043357849,6.366334982216358,-2.973623938858509,-2.3343394473195076,-1.2354391515254974,-1.0989002957940102,3.3396245539188385,6.198797345161438,-2.8591727912425995,-3.8072640039026737,-2.0034943148493767,-1.803769689053297,5.470081619918346,7.478972680866718,-2.008891060948372,-2.5673321560025215,-0.9997144788503647,-1.5676176771521568,4.192415803670883,6.400693744421005,-2.208277940750122,-2.025161864235997,-1.4280312731862068,-0.5971305910497904,7.059202782809734,7.882078543305397,-0.8228757604956627,0.6178265511989594,-0.6482081711292267,1.266034722328186,4.199474930763245,5.652781575918198,-1.453306645154953,1.7821021396666765,0.1670677475631237,0.5754630416631699,-0.07372722402215004,1.2066390980035067,0.24079497158527374,1.589121162891388,2.0773705765604973,0.40310586243867874,1.11263769865036,1.1860153004527092,0.9647328779101372,3.185158707201481,-0.23299270868301392,0.351506307721138,0.23572467267513275,2.833652399480343,-0.46871738135814667,0.00705912709236145,0.8527912497520447,-0.7479121685028076,0.20189639925956726,0.7549712955951691,0.6508948504924774
prior_and_ablation_faithful,healed,"['Cehakova:item93', 'Cehakova:item94']",2.9871588982641697,1.3048333525657654,1.6823255456984043,15.676751427352428,12.97556459903717,2.701186828315258,-1.3505603168159723,0.18721482157707214,-1.5377751383930445,12.969695016741753,12.76036685705185,0.20932815968990326,-2.5025766007602215,-0.17378723621368408,-2.3287893645465374,12.516863644123077,10.509133577346802,2.0077300667762756,-1.0920058861374855,0.015128955245018005,-1.1071348413825035,13.970892079174519,12.491733983159065,1.4791580960154533,-2.7916677556931973,0.21019673347473145,-3.0018644891679287,13.057766824960709,10.876221239566803,2.1815455853939056,2.6515699326992035,0.7986734509468079,1.8528964817523956,13.52063898742199,12.180133938789368,1.3405050486326218,1.6473544836044312,0.698853611946106,0.9485008716583252,12.564458191394806,10.397518277168274,2.166939914226532,3.743575818836689,0.2585544306784868,0.7835444957017899,-0.17208586633205414,2.960031323134899,0.43064029701054096,-0.45025309175252914,1.001197062432766,-0.31160004436969757,-0.2686328738927841,-0.13865304738283157,1.26982993632555,4.439022239297628,-0.28909115493297577,0.4886568784713745,0.3839839696884155,3.950365360826254,-0.6730751246213913,-0.4933086335659027,0.5409031808376312,-0.47870296239852905,0.3670876622200012,-0.014605671167373657,0.17381551861763
prior_and_ablation_faithful,hid,"['Cehakova:item71', 'Cehakova:item72']",2.174927642568946,-1.621796727180481,3.796724369749427,11.451609086245298,8.461937010288239,2.98967207595706,-4.943800564389676,-1.214339666068554,-3.729460898321122,7.6011558920145035,8.192248165607452,-0.5910922735929489,-6.6042945347726345,-0.09035420417785645,-6.513940330594778,7.511377185583115,9.376788139343262,-1.865410953760147,-4.377283991314471,-1.4332508146762848,-2.944033176638186,7.875223681330681,8.416871294379234,-0.5416476130485535,-5.792128851637244,-0.27458566427230835,-5.517543187364936,7.915003687143326,9.16062068939209,-1.245617002248764,2.6321967989206314,-0.854096069931984,3.4862928688526154,12.804668856784701,9.49104231595993,3.313626540824771,0.17229687422513962,-0.30568861961364746,0.4779854938387871,6.937165319919586,8.297061204910278,-1.3598958849906921,7.009480790235102,0.5665165730752051,0.5791547447443008,-0.21891114860773087,6.430326045490801,0.785427721682936,4.9294451754540205,0.27406778931617737,1.074171021580696,0.22462312877178192,3.8552741538733244,0.04944466054439545,5.964425725862384,0.8121656831353903,-0.03110295534133911,-0.1842314600944519,5.995528681203723,0.9963971432298422,-0.9778383672237396,0.4036265015602112,-0.8635594844818115,-0.21616744995117188,-0.1142788827419281,0.6197939515113831
prior_and_ablation_faithful,hugged,"['Cehakova:item87', 'Cehakova:item88']",3.381694382056594,0.27535219490528107,3.106342187151313,10.262186478823423,11.117345213890076,-0.8551587350666523,-0.4035203456878662,0.10228130221366882,-0.505801647901535,7.43358214199543,10.405909307301044,-2.9723271653056145,-0.21283257007598877,1.0376527905464172,-1.250485360622406,7.612985670566559,9.87118561565876,-2.2581999450922012,0.6905944347381592,-0.09728869795799255,0.7878831326961517,8.835928782820702,10.340212278068066,-1.504283495247364,0.6711850613355637,0.7289799749851227,-0.05779491364955902,9.037158906459808,10.259724080562592,-1.2225651741027832,1.2463758811354637,0.055987730622291565,1.1903881505131721,10.313491448760033,10.415113709867,-0.10162226110696793,-0.4869632124900818,0.6496484875679016,-1.1366117000579834,8.30334323644638,9.700909912586212,-1.3975666761398315,0.5557814463973045,1.0941147804260254,0.15327642858028412,-0.19957000017166138,0.4025050178170204,1.2936847805976868,1.477562665939331,1.4023466408252716,0.07490143179893494,-0.06569702923297882,1.4026612341403961,1.4680436700582504,-1.1581482738256454,0.8840176314115524,-0.07933148741722107,-0.30867281556129456,-1.0788167864084244,1.192690446972847,-0.7338156700134277,1.4241732358932495,-0.5588141679763794,0.3885384649038315,-0.17500150203704834,1.035634770989418
prior_and_ablation_faithful,kissed,"['Cehakova:item89', 'Cehakova:item90']",1.5049061737954617,-0.6195667907595634,2.124472964555025,6.73140861466527,4.8834477216005325,1.8479608930647373,-1.1246866025030613,0.37963371723890305,-1.5043203197419643,4.599642798304558,4.819101057946682,-0.21945825964212418,-1.6287857294082642,0.7002911567687988,-2.329076886177063,2.452278733253479,3.80584853887558,-1.3535698056221008,0.1881231665611267,0.04419277608394623,0.14393039047718048,6.388017758727074,4.804686062037945,1.5833316966891289,-0.8453883305191994,0.335979700088501,-1.1813680306077003,2.9363133311271667,3.512582302093506,-0.5762689709663391,2.630493726581335,0.39932022988796234,2.2311734966933727,6.646822042763233,4.5627052783966064,2.0841167643666267,1.2649722918868065,-0.09745585918426514,1.3624281510710716,3.267045736312866,2.7300532460212708,0.5369924902915955,2.4423705600202084,1.312809769064188,0.3551274538040161,-0.3354409411549568,2.0872431062161922,1.6482507102191448,0.2588042840361595,1.7883749604225159,-0.24198078364133835,-0.014414995908737183,0.5007850676774979,1.802789956331253,2.110360622406006,0.7833973988890648,-0.4334355592727661,-0.36431145668029785,2.543796181678772,1.1477088555693626,0.33073240518569946,0.48403459787368774,-0.7825290560722351,-0.293266236782074,1.1132614612579346,0.7773008346557617
prior_and_ablation_faithful,shaved,"['Cehakova:item83', 'Cehakova:item84']",4.6583453472703695,0.4437446892261505,4.214600658044219,15.389745254069567,13.148135125637054,2.2416101284325123,-3.6428695041686296,0.2631057798862457,-3.9059752840548754,9.37031701207161,12.78017196059227,-3.4098549485206604,-4.30447605624795,-0.2045917510986328,-4.099884305149317,7.044590950012207,9.347176194190979,-2.302585244178772,-2.737882524728775,0.36033159494400024,-3.0982141196727753,11.291645586490631,12.797564417123795,-1.5059188306331635,-3.5233333706855774,0.06681632995605469,-3.590149700641632,8.123956799507141,9.448170781135559,-1.324213981628418,1.2346597760915756,0.698447048664093,0.5362127274274826,12.054904907941818,12.104635447263718,-0.049730539321899414,0.9823639988899231,0.1443474292755127,0.8380165696144104,8.99015760421753,8.95537543296814,0.03478217124938965,3.9725423008203506,0.9049869794398546,0.3381154537200928,0.09722581505775452,3.634426847100258,0.8077611643821001,0.7632593214511871,1.9213285744190216,-0.6929289698600769,0.017392456531524658,1.456188291311264,1.903936117887497,4.5056973695755005,0.7811426855623722,0.07753109931945801,0.2714080810546875,4.4281662702560425,0.5097346045076847,0.8662008047103882,1.079365849494934,-0.49279534816741943,0.10099458694458008,1.3589961528778076,0.978371262550354
selection_no_odd_common,bathed,"['Cehakova:item85', 'Cehakova:item86']",1.3776985055301338,-0.9637982547283173,2.341496760258451,7.114349064417183,4.954890817403793,2.15945824701339,-0.2027666859794408,-1.088986311107874,0.8862196251284331,5.794632773846388,4.863306671380997,0.9313261024653912,-1.3708681110292673,0.6391433477401733,-2.0100114587694407,4.862483263015747,5.031117260456085,-0.16863399744033813,-0.1346949900034815,-0.8021286837756634,0.6674336937721819,5.558164523914456,4.991235330700874,0.566929193213582,-1.2239993885159492,0.5341286063194275,-1.7581279948353767,5.810360938310623,5.443857669830322,0.3665032684803009,-0.15476655960083008,-1.4427575469017029,1.2879909873008728,5.047384582459927,4.2718785405159,0.775506041944027,-0.023272693157196045,0.1767328381538391,-0.20000553131103516,4.842302083969116,4.696973085403442,0.14532899856567383,-0.02007156959734857,0.0680716959759593,-0.6406288631260395,0.28685762733221054,0.6205572935286909,-0.21878593135625124,-0.5107799414545298,-0.2364682499319315,-0.7193567901849747,0.12792865931987762,0.2085768487304449,-0.3643969092518091,1.2007266953587532,0.14686872251331806,-0.3573957681655884,-0.10501474142074585,1.5581224635243416,0.2518834639340639,-0.968058854341507,0.9478776752948761,-0.7468845844268799,0.41274040937423706,-0.22117426991462708,0.535137265920639
selection_no_odd_common,disrobed,"['Cehakova:item81', 'Cehakova:item82']",3.186655066907406,0.04182425141334534,3.1448308154940605,15.601110480725765,11.97005695104599,3.6310535296797752,-3.248537691310048,-0.05391676723957062,-3.1946209240704775,10.935859590768814,11.937398999929428,-1.001539409160614,-4.4362620217725635,0.4308629035949707,-4.867124925367534,10.894815146923065,10.581938982009888,0.3128761649131775,-2.1784512531012297,-0.5522770881652832,-1.6261741649359465,12.201524466276169,11.868724167346954,0.3328002989292145,-4.366104532033205,0.41438984870910645,-4.7804943807423115,10.987020075321198,10.815781116485596,0.1712389588356018,1.9112802147865295,0.4992794543504715,1.412000760436058,13.479907840490341,12.095481917262077,1.3844259232282639,0.13737210631370544,0.9991598129272461,-0.8617877066135406,10.593455940485,10.869770169258118,-0.27631422877311707,4.089731467887759,1.0700864382088184,1.0515565425157547,-0.4983603209257126,3.0381749253720045,1.568446759134531,1.2783833742141724,1.2656648755073547,0.22675774991512299,-0.06867483258247375,1.0516256242990494,1.3343397080898285,4.5034766383469105,0.07015748973935843,0.5847699642181396,-0.016473054885864258,3.918706674128771,0.08663054462522268,-0.3935641348361969,0.09220492839813232,0.05398905277252197,0.233842134475708,-0.44755318760871887,-0.14163720607757568
selection_no_odd_common,dressed,"['Cehakova:item77', 'Cehakova:item78']",5.059511250350624,0.3154495358467102,4.744061714503914,18.674276425968856,12.68621176481247,5.988064661156386,-2.0652298668865114,-0.16356933116912842,-1.901660535717383,10.34048929810524,11.99461455643177,-1.6541252583265305,-4.851598180830479,0.705655038356781,-5.55725321918726,7.383221626281738,11.336011171340942,-3.952789545059204,-2.2949261856265366,-0.5880158990621567,-1.70691028656438,11.116484887897968,12.014675945043564,-0.8981910571455956,-4.40767902135849,0.9801796078681946,-5.387858629226685,7.215879917144775,11.835516303777695,-4.619636386632919,3.597476397641003,-0.558163121342659,4.155639518983662,15.056812958791852,10.789174407720566,4.267638551071286,0.10866484045982361,0.7465093731880188,-0.6378445327281952,11.374605059623718,10.368960499763489,1.0056445598602295,5.89240258326754,-0.22969631874002516,0.02985277771949768,-0.42444656789302826,5.862549805548042,0.1947502491530031,3.9403280708938837,0.7759955897927284,-1.225501537322998,0.020061388611793518,5.165829608216882,0.7559342011809349,4.516343861818314,0.4439191594719887,-0.23367023468017578,0.2745245695114136,4.750014096498489,0.1693945899605751,4.158725142478943,-0.1673417091369629,-1.466555804014206,0.4995051324367523,5.625280946493149,-0.6668468415737152
selection_no_odd_common,embraced,"['Cehakova:item73', 'Cehakova:item74']",0.63894372433424,-0.8363302666693926,1.4752739910036325,7.45593674108386,5.945407368242741,1.5105293728411198,-0.02471310831606388,-0.7363896742463112,0.7116765659302473,7.405324161052704,6.08933624625206,1.315987914800644,0.13312552869319916,0.36504435539245605,-0.2319188266992569,7.273865252733231,5.889460206031799,1.3844050467014313,-0.09655771777033806,-0.8243142440915108,0.7277565263211727,7.112832173705101,5.917815804481506,1.1950163692235947,-0.09279617667198181,0.18059265613555908,-0.2733888328075409,7.834779068827629,6.207678258419037,1.6271008104085922,0.8378494568169117,-0.9450417496263981,1.7828912064433098,6.874053183943033,5.312387064099312,1.5616661198437214,-0.3074071854352951,0.46620631217956543,-0.7736134976148605,7.949521571397781,5.8267552852630615,2.12276628613472,0.9344071745872498,-0.07184460945427418,-0.12072750553488731,-0.08792456984519958,1.055134680122137,0.016079960390925407,-0.2387789897620678,-0.29249198734760284,-0.6054287403821945,-0.1715204417705536,0.3666497506201267,-0.12097154557704926,-0.2146110087633133,-0.22592170536518097,0.28561365604400635,-0.18445169925689697,-0.5002246648073196,-0.041470006108284,0.11474250257015228,0.5609138160943985,-0.38092297315597534,0.31821805238723755,0.4956654757261276,0.24269576370716095
selection_no_odd_common,fought,"['Cehakova:item91', 'Cehakova:item92']",3.4204140286892653,-1.6218834556639194,5.042297484353185,11.126808400265872,8.261525202542543,2.865283197723329,-3.9743317514657974,-1.9297670908272266,-2.044564660638571,3.392711043357849,6.366334982216358,-2.973623938858509,-2.3343394473195076,-1.2354391515254974,-1.0989002957940102,3.3396245539188385,6.198797345161438,-2.8591727912425995,-3.8072640039026737,-2.0034943148493767,-1.803769689053297,5.470081619918346,7.478972680866718,-2.008891060948372,-2.5673321560025215,-0.9997144788503647,-1.5676176771521568,4.192415803670883,6.400693744421005,-2.208277940750122,-2.025161864235997,-1.4280312731862068,-0.5971305910497904,7.059202782809734,7.882078543305397,-0.8228757604956627,0.6178265511989594,-0.6482081711292267,1.266034722328186,4.199474930763245,5.652781575918198,-1.453306645154953,1.7821021396666765,0.1670677475631237,0.5754630416631699,-0.07372722402215004,1.2066390980035067,0.24079497158527374,1.589121162891388,2.0773705765604973,0.40310586243867874,1.11263769865036,1.1860153004527092,0.9647328779101372,3.185158707201481,-0.23299270868301392,0.351506307721138,0.23572467267513275,2.833652399480343,-0.46871738135814667,0.00705912709236145,0.8527912497520447,-0.7479121685028076,0.20189639925956726,0.7549712955951691,0.6508948504924774
selection_no_odd_common,healed,"['Cehakova:item93', 'Cehakova:item94']",2.9871588982641697,1.3048333525657654,1.6823255456984043,15.676751427352428,12.97556459903717,2.701186828315258,-1.3505603168159723,0.18721482157707214,-1.5377751383930445,12.969695016741753,12.76036685705185,0.20932815968990326,-2.5025766007602215,-0.17378723621368408,-2.3287893645465374,12.516863644123077,10.509133577346802,2.0077300667762756,-1.0920058861374855,0.015128955245018005,-1.1071348413825035,13.970892079174519,12.491733983159065,1.4791580960154533,-2.7916677556931973,0.21019673347473145,-3.0018644891679287,13.057766824960709,10.876221239566803,2.1815455853939056,2.6515699326992035,0.7986734509468079,1.8528964817523956,13.52063898742199,12.180133938789368,1.3405050486326218,1.6473544836044312,0.698853611946106,0.9485008716583252,12.564458191394806,10.397518277168274,2.166939914226532,3.743575818836689,0.2585544306784868,0.7835444957017899,-0.17208586633205414,2.960031323134899,0.43064029701054096,-0.45025309175252914,1.001197062432766,-0.31160004436969757,-0.2686328738927841,-0.13865304738283157,1.26982993632555,4.439022239297628,-0.28909115493297577,0.4886568784713745,0.3839839696884155,3.950365360826254,-0.6730751246213913,-0.4933086335659027,0.5409031808376312,-0.47870296239852905,0.3670876622200012,-0.014605671167373657,0.17381551861763
selection_no_odd_common,hid,"['Cehakova:item71', 'Cehakova:item72']",2.174927642568946,-1.621796727180481,3.796724369749427,11.451609086245298,8.461937010288239,2.98967207595706,-4.943800564389676,-1.214339666068554,-3.729460898321122,7.6011558920145035,8.192248165607452,-0.5910922735929489,-6.6042945347726345,-0.09035420417785645,-6.513940330594778,7.511377185583115,9.376788139343262,-1.865410953760147,-4.377283991314471,-1.4332508146762848,-2.944033176638186,7.875223681330681,8.416871294379234,-0.5416476130485535,-5.792128851637244,-0.27458566427230835,-5.517543187364936,7.915003687143326,9.16062068939209,-1.245617002248764,2.6321967989206314,-0.854096069931984,3.4862928688526154,12.804668856784701,9.49104231595993,3.313626540824771,0.17229687422513962,-0.30568861961364746,0.4779854938387871,6.937165319919586,8.297061204910278,-1.3598958849906921,7.009480790235102,0.5665165730752051,0.5791547447443008,-0.21891114860773087,6.430326045490801,0.785427721682936,4.9294451754540205,0.27406778931617737,1.074171021580696,0.22462312877178192,3.8552741538733244,0.04944466054439545,5.964425725862384,0.8121656831353903,-0.03110295534133911,-0.1842314600944519,5.995528681203723,0.9963971432298422,-0.9778383672237396,0.4036265015602112,-0.8635594844818115,-0.21616744995117188,-0.1142788827419281,0.6197939515113831
selection_no_odd_common,hugged,"['Cehakova:item87', 'Cehakova:item88']",3.381694382056594,0.27535219490528107,3.106342187151313,10.262186478823423,11.117345213890076,-0.8551587350666523,-0.4035203456878662,0.10228130221366882,-0.505801647901535,7.43358214199543,10.405909307301044,-2.9723271653056145,-0.21283257007598877,1.0376527905464172,-1.250485360622406,7.612985670566559,9.87118561565876,-2.2581999450922012,0.6905944347381592,-0.09728869795799255,0.7878831326961517,8.835928782820702,10.340212278068066,-1.504283495247364,0.6711850613355637,0.7289799749851227,-0.05779491364955902,9.037158906459808,10.259724080562592,-1.2225651741027832,1.2463758811354637,0.055987730622291565,1.1903881505131721,10.313491448760033,10.415113709867,-0.10162226110696793,-0.4869632124900818,0.6496484875679016,-1.1366117000579834,8.30334323644638,9.700909912586212,-1.3975666761398315,0.5557814463973045,1.0941147804260254,0.15327642858028412,-0.19957000017166138,0.4025050178170204,1.2936847805976868,1.477562665939331,1.4023466408252716,0.07490143179893494,-0.06569702923297882,1.4026612341403961,1.4680436700582504,-1.1581482738256454,0.8840176314115524,-0.07933148741722107,-0.30867281556129456,-1.0788167864084244,1.192690446972847,-0.7338156700134277,1.4241732358932495,-0.5588141679763794,0.3885384649038315,-0.17500150203704834,1.035634770989418
selection_no_odd_common,kissed,"['Cehakova:item89', 'Cehakova:item90']",1.5049061737954617,-0.6195667907595634,2.124472964555025,6.73140861466527,4.8834477216005325,1.8479608930647373,-1.1246866025030613,0.37963371723890305,-1.5043203197419643,4.599642798304558,4.819101057946682,-0.21945825964212418,-1.6287857294082642,0.7002911567687988,-2.329076886177063,2.452278733253479,3.80584853887558,-1.3535698056221008,0.1881231665611267,0.04419277608394623,0.14393039047718048,6.388017758727074,4.804686062037945,1.5833316966891289,-0.8453883305191994,0.335979700088501,-1.1813680306077003,2.9363133311271667,3.512582302093506,-0.5762689709663391,2.630493726581335,0.39932022988796234,2.2311734966933727,6.646822042763233,4.5627052783966064,2.0841167643666267,1.2649722918868065,-0.09745585918426514,1.3624281510710716,3.267045736312866,2.7300532460212708,0.5369924902915955,2.4423705600202084,1.312809769064188,0.3551274538040161,-0.3354409411549568,2.0872431062161922,1.6482507102191448,0.2588042840361595,1.7883749604225159,-0.24198078364133835,-0.014414995908737183,0.5007850676774979,1.802789956331253,2.110360622406006,0.7833973988890648,-0.4334355592727661,-0.36431145668029785,2.543796181678772,1.1477088555693626,0.33073240518569946,0.48403459787368774,-0.7825290560722351,-0.293266236782074,1.1132614612579346,0.7773008346557617
selection_no_odd_common,met,"['Cehakova:item79', 'Cehakova:item80']",-1.4987292792648077,0.241582453250885,-1.7403117325156927,7.876042018644512,8.971166640520096,-1.0951246218755841,-2.0688305920921266,0.27102410793304443,-2.339854700025171,6.580533344298601,9.833260208368301,-3.2527268640697002,-2.0724939182400703,1.0991146564483643,-3.1716085746884346,6.909568786621094,6.068218231201172,0.8413505554199219,-1.2373499139212072,0.009397223591804504,-1.2467471375130117,7.745650891214609,9.69503727555275,-1.9493863843381405,-0.8097141198813915,1.1923130750656128,-2.0020271949470043,8.580921679735184,6.185716390609741,2.3952052891254425,0.36607276648283005,1.4240886569023132,-1.0580158904194832,8.134817399084568,8.200121283531189,-0.06530388444662094,1.8868948817253113,1.3076173067092896,0.5792775750160217,7.151279330253601,5.866556286811829,1.2847230434417725,1.6034226804040372,0.8314806781709194,1.4146914333105087,-0.26162688434123993,0.1887312470935285,1.0931075625121593,0.3891665078699589,1.165117546916008,-1.4949159920215607,-0.13822293281555176,1.8840824998915195,1.3033404797315598,2.696609001606703,1.2627797983586788,0.11530423164367676,0.09319841861724854,2.581304769963026,1.1695813797414303,-1.4296423494815826,1.67135289311409,-0.3191601037979126,0.11749815940856934,-1.11048224568367,1.5538547337055206
selection_no_odd_common,shaved,"['Cehakova:item83', 'Cehakova:item84']",4.6583453472703695,0.4437446892261505,4.214600658044219,15.389745254069567,13.148135125637054,2.2416101284325123,-3.6428695041686296,0.2631057798862457,-3.9059752840548754,9.37031701207161,12.78017196059227,-3.4098549485206604,-4.30447605624795,-0.2045917510986328,-4.099884305149317,7.044590950012207,9.347176194190979,-2.302585244178772,-2.737882524728775,0.36033159494400024,-3.0982141196727753,11.291645586490631,12.797564417123795,-1.5059188306331635,-3.5233333706855774,0.06681632995605469,-3.590149700641632,8.123956799507141,9.448170781135559,-1.324213981628418,1.2346597760915756,0.698447048664093,0.5362127274274826,12.054904907941818,12.104635447263718,-0.049730539321899414,0.9823639988899231,0.1443474292755127,0.8380165696144104,8.99015760421753,8.95537543296814,0.03478217124938965,3.9725423008203506,0.9049869794398546,0.3381154537200928,0.09722581505775452,3.634426847100258,0.8077611643821001,0.7632593214511871,1.9213285744190216,-0.6929289698600769,0.017392456531524658,1.456188291311264,1.903936117887497,4.5056973695755005,0.7811426855623722,0.07753109931945801,0.2714080810546875,4.4281662702560425,0.5097346045076847,0.8662008047103882,1.079365849494934,-0.49279534816741943,0.10099458694458008,1.3589961528778076,0.978371262550354
