model,fmt,n,accA,cluster,cluster_lo,cluster_hi,meta_cluster,CSI,noise,noise_lo,noise_hi,meta_noise,NDI,recency,scale,CSIn,NDIn
Llama-2-7b-hf,const,200,1.0,7.713636333607138,7.543295617252123,7.887977495855186,4.021159183816201,1.918261869525559,-3.8984861601609735,-4.023998755647102,-3.7771369085370097,-1.6982532726313795,2.295585836923144,7.267655046563595,23.1150422238186,0.37414934891531626,0.44774488817652625
Llama-2-7b-hf,irr5,200,1.0,6.460004703123122,6.302771013443358,6.624018832185771,4.021159183816202,1.606503102170748,-3.854232542961836,-3.9748953444957733,-3.73708746752562,-1.6982532726313795,2.2695275228234055,8.432259665485471,22.033503329064697,0.3287227820339969,0.46439088738587536
Llama-2-7b-hf,rule5,200,0.745,-0.0331384464353323,-0.17021953231096268,0.09806097633391594,1.2953582425447616,-0.025582456919586233,0.09269760333001614,0.020902829233556984,0.16262717476300895,-0.4200582452857271,-0.22067797590060984,0.06082347385585308,0.8294887407124043,-0.2138145672168483,-1.8443954018878541
Mistral-7B-v0.3,const,200,1.0,7.290436244588346,7.184233554018196,7.404488574092742,4.021159183816201,1.8130185628885007,-3.15139384360984,-3.2291121091819366,-3.073925730756484,-1.6982532726313795,1.8556677583944083,4.516929455865174,22.593102818413172,0.3617913362931345,0.3703020651680371
Mistral-7B-v0.3,irr5,200,1.0,4.639822292029858,4.488138232166879,4.789102096607909,4.021159183816202,1.1538519317274392,-2.7225923116132615,-2.8360764591163026,-2.6132472149888053,-1.6982532726313795,1.6031721272026211,3.875540946237743,19.991533164260908,0.2602170628235005,0.3615478994056173
Mistral-7B-v0.3,rule5,200,0.81,0.045174976028501984,-0.09701567654777318,0.1997919998448342,1.2953582425447616,0.034874503859067346,0.14701943784952165,0.05827735252212733,0.2309906251365319,-0.4200582452857271,-0.34999774316896887,0.09037153480574489,1.330317246261984,0.13730994062014404,-1.3780316280892535
Qwen2.5-32B,const,200,1.0,8.846899976907299,8.731642978028628,8.969842765781562,4.021159183816201,2.200086983005563,-4.256992044001818,-4.343624163124245,-4.171959361803252,-1.6982532726313795,2.5066885561808863,6.599539237115533,22.464961364218034,0.4415358447676258,0.5030677685800705
Qwen2.5-32B,irr5,200,1.0,5.935735970856622,5.774054400232387,6.107995286081394,4.021159183816202,1.4761255895429208,-4.754438084834256,-4.9123205903497285,-4.597374507739907,-1.6982532726313795,2.799604841901722,4.3151914960611615,18.846406098036095,0.3531234467385128,0.6697303524046929
Qwen2.5-32B,rule5,200,0.915,-0.0002483279258012772,-0.10293928997870534,0.10312552519794543,1.2953582425447616,-0.00019170598344549932,0.2580944720283151,0.17869607204012575,0.33594914020877326,-0.4200582452857271,-0.6144254396262525,0.09441186775453389,1.9396788285346702,-0.000444242993866941,-1.4238167839199278
Qwen2.5-7B,const,200,1.0,8.915830273963511,8.78207652418525,9.056743471406168,4.021159183816201,2.2172288801315543,-4.36104367505759,-4.461013237046078,-4.263127722628415,-1.6982532726313795,2.5679583518778193,6.328248537820764,23.63448793213116,0.42295690581980117,0.4898617948364064
Qwen2.5-7B,irr5,200,1.0,5.219399316636846,5.051190641414141,5.382121071303729,4.021159183816202,1.297983759917576,-4.079722429513931,-4.228750191027531,-3.9314371699539477,-1.6982532726313795,2.4023050597114737,4.371098184324801,19.93921608506702,0.29348977111027025,0.5431901260124674
Qwen2.5-7B,rule5,200,0.85,-0.05006440060213208,-0.1969884690218605,0.09421682037366545,1.2953582425447616,-0.03864907711072992,0.26881876070052385,0.16847488810960204,0.3676159190451726,-0.4200582452857271,-0.639955919726492,-0.10470257737673819,1.6934578164760024,-0.11365055170634994,-1.881839070472097
Qwen3-0.6B,const,200,1.0,6.553827420088928,6.388947048894013,6.716359046219906,4.021159183816201,1.6298353585368754,-4.200650539868511,-4.33660394654097,-4.0720564804243615,-1.6982532726313795,2.4735124068742476,6.1493968600896185,26.47535633783089,0.2775451943966818,0.42121523392694565
Qwen3-0.6B,irr5,200,1.0,7.156942539736629,6.908999117843225,7.399609056789427,4.021159183816202,1.7798207463511735,-4.758989066977519,-4.947931188553164,-4.571642192354658,-1.6982532726313795,2.802284643681943,7.529685688596219,25.78884483865695,0.3111545573926512,0.48990531197069015
Qwen3-0.6B,rule5,200,0.58,-0.13769349894486368,-0.32391714372439306,0.07190124473161986,1.2953582425447616,-0.10629762055194984,0.12929244043305516,0.0008841077263932691,0.25112314832326954,-0.4200582452857271,-0.30779645890562,-0.042323844167403875,1.414482509936206,-0.8188326857628062,-2.371020158356187
Qwen3-1.7B,const,200,1.0,9.82561006358068,9.56708769565275,10.073766900285133,4.021159183816201,2.4434770210354815,-6.092125355352182,-6.302335265960573,-5.880703343716712,-1.6982532726313795,3.5872890419417023,6.058771229516715,28.422864737708004,0.38758967704571645,0.5690236451033244
Qwen3-1.7B,irr5,200,1.0,11.43063556011999,10.969730337210152,11.880280773570774,4.021159183816202,2.8426219996772097,-9.516961511626869,-9.930515951809165,-9.098367555776818,-1.6982532726313795,5.603970659147146,9.686221199416032,26.457426244972304,0.48439907979997915,0.9549487166514605
Qwen3-1.7B,rule5,200,0.73,-0.27199260850844437,-0.6355214749204314,0.10886552317025779,1.2953582425447616,-0.20997481590429262,0.33487499462091364,0.08723629136011003,0.5985578280146866,-0.4200582452857271,-0.79721085915866,-0.10344289726112038,2.9646081688749835,-0.465912361989917,-1.768928301210759
Qwen3-14B,const,200,1.0,9.803620082842535,9.615855211239612,9.988196815573785,4.021159183816201,2.438008453457593,-5.757640307110268,-5.8838920108961466,-5.626332620298606,-1.6982532726313795,3.3903307591976675,5.97868661317043,24.991304580294162,0.43982313561271963,0.6116245836472886
Qwen3-14B,irr5,200,1.0,8.57461504861014,8.26454210085029,8.859876244969215,4.021159183816202,2.1323739391168717,-6.948054944663891,-7.209744024177598,-6.709915686740329,-1.6982532726313795,4.091294894958831,7.011811333125224,23.35893203983098,0.41156854337192966,0.7896590037676922
Qwen3-14B,rule5,200,0.89,-0.13614546279015485,-0.361718396045122,0.09573621425122819,1.2953582425447616,-0.10510255643465387,0.49266174835152926,0.34837768829392735,0.650813910678029,-0.4200582452857271,-1.1728415139581814,-0.15477131000719965,2.6401871627464426,-0.18638724675353163,-2.079898987051019
Qwen3-32B,const,200,1.0,6.807162320953794,6.660415491359192,6.944881801307667,4.021159183816201,1.6928358241450148,-3.3692390989791603,-3.467666932024993,-3.2632432320648803,-1.6982532726313795,1.9839438282127677,4.338779558632523,23.145656836911805,0.329744167090452,0.3864485237478181
Qwen3-32B,irr5,200,1.0,7.268705171140609,6.999560964464239,7.547470567673183,4.021159183816202,1.8076143815431815,-5.466143191321753,-5.685809349466697,-5.263584023862146,-1.6982532726313795,3.218685504343042,5.376207857485861,21.771166106913586,0.3743310801064212,0.666543723963412
Qwen3-32B,rule5,200,0.91,0.1757550597144291,-0.06726109540509059,0.411274836074095,1.2953582425447616,0.13568065878760624,0.6027109848544933,0.43381788556865647,0.7794455875104759,-0.4200582452857271,-1.4348271736566538,0.16180476704612373,3.8392664074577625,0.15790928488934208,-1.6698955839136471
Qwen3-4B,const,200,1.0,13.539059757579889,13.224619534327008,13.843491945998895,4.021159183816201,3.36695443743436,-9.202285936641566,-9.466991418228906,-8.933773554785635,-1.6982532726313795,5.418676992968764,5.441628361172043,31.586418966363855,0.4805832594368209,0.7734364986241393
Qwen3-4B,irr5,200,1.0,7.610427428734983,7.196842899307561,8.025672541151131,4.021159183816202,1.8925954136221128,-6.165134774334729,-6.52736895085029,-5.838801915386296,-1.6982532726313795,3.63027993155702,7.607373194320972,35.49251181946654,0.24041017160533035,0.4611425215549369
Qwen3-4B,rule5,200,0.835,-0.11189580810256303,-0.4084942819610005,0.19073266852632514,1.2953582425447616,-0.08638213308678308,0.46270586231024935,0.27043851091645776,0.6791151608184446,-0.4200582452857271,-1.1015278654880658,-0.11084257105743746,2.7055502887409966,-0.1638719051768131,-2.089662103406619
gemma-2-2b,const,200,1.0,7.867611189298332,7.694940056574065,8.028959948219592,4.021159183816201,1.9565530310172232,-4.334463551733643,-4.47432841313025,-4.197426167375408,-1.6982532726313795,2.5523069035618904,8.712792250737548,26.360636313934812,0.3346320431013435,0.4365246738630621
gemma-2-2b,irr5,200,1.0,5.36012076606974,5.13299331279751,5.577430013208184,4.021159183816202,1.3329790045722147,-2.890139913409948,-3.049918551328592,-2.734281088857912,-1.6982532726313795,1.7018309106107508,5.7870793558517475,23.97395410717465,0.2506775434574426,0.32004314440703086
gemma-2-2b,rule5,200,0.715,-0.10128564283251762,-0.21597105386853216,0.0254529719389975,1.2953582425447616,-0.0781912211663853,0.08932548098266124,-0.00123592634126544,0.17277282045409065,-0.4200582452857271,-0.2126502264510992,0.22445255540311337,0.8904760075360536,-0.6440141790588574,-1.7514723388596978
Qwen3-8B,const,200,1.0,10.995218703870778,10.74472347218696,11.249412421853194,4.021159183816201,2.7343405722714973,-4.971721813895274,-5.112883899301931,-4.812417481917596,-1.6982532726313795,2.9275502623891776,5.883033585411031,25.82512700618361,0.4773555005916026,0.5110856471872974
Qwen3-8B,irr5,200,1.0,7.603938988021983,7.291888773263243,7.909689297877492,4.021159183816202,1.8909818389247683,-5.682379843374074,-5.928813698868326,-5.446901693469183,-1.6982532726313795,3.346014363669937,7.6563902745072845,25.45167276625565,0.33496761249213836,0.5927113733679338
Qwen3-8B,rule5,200,0.86,-0.0492558419611305,-0.32220133649010674,0.22448560481599977,1.2953582425447616,-0.038024880178603136,0.519837752126623,0.3840943168256781,0.667769315536716,-0.4200582452857271,-1.237537312886276,-0.010808464143192396,2.9438833837833953,-0.061874377461662,-2.0137302329621503
Qwen3-8B-Base,const,200,1.0,8.194880361631512,8.050942862933734,8.336772522997343,4.021159183816201,2.0379398046745125,-3.7406944873556496,-3.829037008754909,-3.645941435130313,-1.6982532726313795,2.202671737861329,5.082568267490715,22.485753805343993,0.4086163041916572,0.4416458144680387
Qwen3-8B-Base,irr5,200,1.0,5.939559197202325,5.754004666938912,6.134555397289804,4.021159183816202,1.4770763667121236,-4.36957174914889,-4.522026223262307,-4.225793733004015,-1.6982532726313795,2.572980025752227,5.372565007917583,20.077392635047435,0.3316862192762577,0.5777778564792465
Qwen3-8B-Base,rule5,200,0.89,-0.04477020226418972,-0.1934910999154672,0.10396068143844604,1.2953582425447616,-0.03456202368870376,0.2890279979631305,0.20167509319260715,0.38795199443958694,-0.4200582452857271,-0.6880664793677155,0.2993754855263978,2.6663409563153984,-0.058597401593340266,-1.1665667548166054
